filename,timestamp,file_index,B1_mean,B1_std,B1_rms,B1_peak,B1_kurtosis,B1_skew,B1_crest_factor,B1_shape_factor,B2_mean,B2_std,B2_rms,B2_peak,B2_kurtosis,B2_skew,B2_crest_factor,B2_shape_factor,B3_mean,B3_std,B3_rms,B3_peak,B3_kurtosis,B3_skew,B3_crest_factor,B3_shape_factor,B4_mean,B4_std,B4_rms,B4_peak,B4_kurtosis,B4_skew,B4_crest_factor,B4_shape_factor
2004.02.12.10.32.39,2004-02-12 10:32:39,0,-0.010195996093750001,0.07347493104305192,0.07417899856512623,0.454,0.6287626426442556,0.08399343541253228,6.120330670161392,1.2716598450872434,-0.012694970703124999,0.09005347464156324,0.09094388696428075,0.513,0.5068005370841773,0.12691486043827804,5.640840930864178,1.2660708845413229,-0.014540966796874999,0.10843350938911968,0.10940413919878957,1.023,3.213074668222573,0.204839716409692,9.350651698298067,1.3142540226819774,-0.0100259765625,0.0531663902091768,0.05410346803954669,0.264,0.06595905114862788,-0.022080008834997857,4.879539326518411,1.2563228062744947
2004.02.12.10.42.39,2004-02-12 10:42:39,1,-0.002585009765625,0.07533812128951385,0.07538245681139528,0.388,0.648291081310854,0.052141907331332595,5.147086157867801,1.277741723778731,-0.0025609375,0.09338377948549788,0.09341888819652586,0.481,0.25301376937623843,0.07008844936856538,5.1488516860542966,1.2622758151500963,-0.002460791015625,0.10978975747066774,0.10981733168262023,0.752,1.3952499379815348,-0.023853576139170517,6.847735129581664,1.3005550505838823,-0.0037836914062500003,0.055973118789277056,0.05610085870694182,0.249,0.10753933160081752,0.001582414617422172,4.43843473592302,1.2595629211822346
2004.02.12.10.52.39,2004-02-12 10:52:39,2,-0.0024839843749999996,0.0761892927992494,0.07622977446919937,0.503,0.513475308823208,0.03280799811503518,6.5984715749518195,1.2654562485747707,-0.0016954589843750003,0.0937025602830463,0.0937178978891739,0.503,0.310789228477665,0.09658256297861974,5.367171173587597,1.2626447843593411,-0.0015954589843750003,0.10984946406227844,0.10986104971344769,0.933,2.639947862656677,0.056560666319352165,8.492545833428304,1.309081836807945,-0.0034853515625,0.05603693397230999,0.0561452192491155,0.354,0.25723641276594833,0.07044906046529774,6.305078237014397,1.2633371387187096
2004.02.12.11.02.39,2004-02-12 11:02:39,3,-0.002276611328125,0.07869075089989153,0.07872367646602974,0.608,1.1579527230048088,0.04148596171613031,7.723216537814513,1.2810331258938081,-0.0023928222656249996,0.09291629369506194,0.09294709910708282,0.569,0.23534074042490039,0.10583404042688352,6.121761792097077,1.2587104269920435,-0.00314794921875,0.1106217530671688,0.11066653439923697,1.016,2.6827791177441718,0.03355008488846847,9.1807338642657,1.310246113398952,-0.003740771484375,0.05668413146164508,0.05680743024340544,0.525,0.8061900787493546,-0.03632709701957426,9.241748795016921,1.2601162308219922
2004.02.12.11.12.39,2004-02-12 11:12:39,4,-0.002403857421875,0.07843746411081838,0.07847429073677968,0.391,0.6031769286310373,0.028223944368193307,4.982523528775831,1.2788955235683805,-0.001559033203125,0.09533522183796202,0.09534796855424806,0.486,0.22630879489770805,0.0979656333163101,5.097119606942555,1.2611098132940761,-0.0011584960937500001,0.10749935762927616,0.1075055998723148,0.771,1.5783946520336105,-0.0028921584715915984,7.171719435226839,1.2978012829885877,-0.002702587890625,0.05677665581598279,0.05684094146786386,0.244,0.13895379679433084,0.0190075166958847,4.292680481690301,1.2598198110456684
2004.02.12.11.22.39,2004-02-12 11:22:39,5,-0.001623095703125,0.07829782000144782,0.07831464139380723,0.439,0.45609362146286525,0.026852972301411062,5.605592928562068,1.269929282418339,-0.0014525878906250002,0.09239330152210379,0.09240471945595839,0.574,0.18563759722622164,0.06080463418952149,6.211803935767348,1.2609725273493722,-0.0008415527343749998,0.11051402335158485,0.11051722747318345,0.862,1.8624281531683406,0.07741403699776964,7.799688968936184,1.3019535224303806,-0.0028218261718750003,0.05549422955454555,0.055565926760892545,0.247,0.14940733837719256,0.012741574472742679,4.4451701680937195,1.2579828767631305
2004.02.12.11.32.39,2004-02-12 11:32:39,6,-0.0016064453124999996,0.07861603186545633,0.07863244325857172,0.408,0.4786149756059892,0.05859457915072469,5.18869798638139,1.2694129000321206,-0.0016959472656250002,0.09390317165909705,0.09391848531980074,0.583,0.2501083955512966,0.09921385444321504,6.20751067284394,1.2590903153596724,-0.00185634765625,0.10737186617198258,0.10738791213109136,0.896,1.82203297869229,0.14561675932802473,8.34358339052377,1.2997285311169209,-0.0029048828125,0.05620405793625485,0.05627907668624504,0.239,0.10779375483252984,-0.019774749352839485,4.246693692798502,1.2602153620200898
2004.02.12.11.42.39,2004-02-12 11:42:39,7,-0.0020266601562500004,0.07774646967579023,0.07777288022464836,0.415,0.4719824550317826,0.0825818179550488,5.336050289011607,1.2701481055302222,-0.0017436523437500003,0.09322421104069686,0.09324051612714428,0.41,0.1037504492141541,0.0869128229556518,4.397230056523039,1.257108736511918,-0.0017033203125000004,0.10621897924323846,0.10623263552958902,0.776,1.4448963659987744,0.0014656274776145104,7.3047232249439995,1.2951883126140669,-0.0023300292968750002,0.05545575654680791,0.05550468422307369,0.229,0.20979100466934808,-0.017148859775742896,4.125777908755367,1.2660714632130814
2004.02.12.11.52.39,2004-02-12 11:52:39,8,-0.0019162109375,0.07900619543360511,0.07902942984262255,0.386,0.404514320897305,-0.008060293710742161,4.884256419015951,1.2689100800902766,-0.0008009765625,0.09585589739527024,0.09585924383650357,0.613,0.45142640681747537,0.03530401451886102,6.394792776015694,1.2644969790200864,-0.0013142089843750002,0.11057860941703311,0.11058641872246056,0.967,2.3845540569234327,0.03416131914349388,8.744292573818544,1.310678881851327,-0.002539111328125,0.05579735616208901,0.05585509861253156,0.33,0.15983731154509373,0.008342651967002448,5.908144613425886,1.2615980725900653
2004.02.12.12.02.39,2004-02-12 12:02:39,9,-0.0020966308593750003,0.07568852631669243,0.07571755989830314,0.378,0.3252033150483178,0.04632106694487995,4.9922369461944465,1.2642175979367836,-0.0017168945312499996,0.09472631335134558,0.09474187125009063,0.466,0.19603235889333703,0.08951343846820298,4.918627781478976,1.2612607990693245,-0.0018962402343750003,0.10975436897591669,0.10977074854590418,0.781,1.4615057334105153,0.00629930133164359,7.114828042494396,1.2990013123577435,-0.0027732910156249998,0.055390229807381446,0.0554596132439803,0.291,0.20610664754092234,0.029685526458732514,5.247061473721794,1.2612393487520628
2004.02.12.12.12.39,2004-02-12 12:12:39,10,-0.0017912597656250002,0.07922086801763584,0.07924111648011797,0.415,0.4552119318712826,0.03351974676189383,5.237180121056545,1.2705130374124174,-0.001935546875,0.09512641592087304,0.09514610526793123,0.4,0.1700577747770562,0.08224454826272543,4.204060679873347,1.260092703698704,-0.002017041015625,0.10600452642087112,0.10602371468766728,0.61,1.1014436437540729,0.061319784870657056,5.753429803860244,1.2892541319564363,-0.0030745605468749998,0.05543830376832632,0.05552349455199686,0.291,0.17440896332483513,0.036172489638983056,5.241024585141758,1.2570416884625326
2004.02.12.12.22.39,2004-02-12 12:22:39,11,-0.0015550292968750002,0.07762333368719734,0.077638908086269,0.474,0.6415150749455001,0.019565298132388165,6.105186325821477,1.2761655417786268,-0.0019740722656249998,0.09330818738788126,0.09332906725625129,0.415,0.05914761962362203,0.07005841676106667,4.446631817936687,1.2502456480056794,-0.0019226074218750004,0.10458645271002825,0.10460412281437871,0.867,1.63609854868624,0.10483367184473791,8.288392241847886,1.2985534411748159,-0.0027769042968750005,0.05470372691209322,0.05477416302917713,0.276,0.11005504146137435,0.0015078217586126277,5.038872065520749,1.2561601251905585
2004.02.12.12.32.39,2004-02-12 12:32:39,12,-0.0024512695312500004,0.07736575740151559,0.07740458087623109,0.4,0.3647260382142652,0.025770055100995153,5.167652811654581,1.2670309845703653,-0.0017861816406249998,0.09436361497175338,0.09438051851622041,0.615,0.2904622065873399,0.0928213673616944,6.5161752623165015,1.2612735189236697,-0.0018608886718750003,0.10440576658070191,0.10442234914975398,0.615,1.1545225133803463,-0.014968726746658929,5.889543809419738,1.292587799473167,-0.003140380859375,0.05459959426227402,0.054689831646722725,0.234,0.04491899115284781,-0.033690120338111765,4.278674718027266,1.2565816290267868
2004.02.12.12.42.39,2004-02-12 12:42:39,13,-0.001033984375,0.07985799357629145,0.07986468720103242,0.432,0.5982531546782224,0.036749791511127325,5.409149088790465,1.2757200905039798,-0.001261376953125,0.09483180934131623,0.09484019788447104,0.417,0.10632066193073442,0.09945547748473178,4.39686977992144,1.2562972464262472,-0.00175244140625,0.10487944085081766,0.10489408069125015,0.684,1.5414655991864716,0.05491531956835938,6.520863670213343,1.301062282305518,-0.002895263671875,0.056179461127419124,0.0562540167836651,0.266,0.10238368110662588,0.0034770499788080093,4.72855122546983,1.2590939146275733
2004.02.12.12.52.39,2004-02-12 12:52:39,14,-0.0023719238281249997,0.07918146190235564,0.07921698007145074,0.422,0.5511103583412886,0.024887726210298073,5.327140716792938,1.270695077171004,-0.001698291015625,0.09476723559538852,0.09478245161824854,0.461,0.14024854233672546,0.10758890123389807,4.863769528316815,1.253681881184696,-0.0015814453124999995,0.10365067067184645,0.10366273438415563,0.691,1.215237462759629,0.004041749262302193,6.665847704144838,1.2894220655575805,-0.0030357910156250003,0.055549112896720286,0.05563200491356684,0.227,0.0799000452087415,0.010891921292744113,4.080385029313263,1.2573272806656737
2004.02.12.13.02.39,2004-02-12 13:02:39,15,-0.00152099609375,0.07864707093207793,0.07866177721938719,0.371,0.5530516614826189,-0.013483613994623068,4.716394837676797,1.276343571157088,-0.0012210937499999997,0.09462320292410424,0.09463108158296883,0.513,0.19598682545266177,0.0805929465007058,5.421051851237922,1.2570208323512633,-0.001826806640625,0.10470795711576625,0.10472389176238331,0.725,1.3682988461680416,0.024804174649865268,6.922966553277187,1.292857157759728,-0.003251123046875,0.056228963720163415,0.056322874235157555,0.291,0.19387118398007308,0.0370610988828819,5.166639734773222,1.2603926685162308
2004.02.12.13.12.39,2004-02-12 13:12:39,16,-0.0020170898437499997,0.07842744893849181,0.07845338360094803,0.439,0.4799660990734953,0.01645553133519378,5.59567962336675,1.267759395527615,-0.0012224609374999998,0.09568609375700858,0.09569390236174272,0.476,0.16584819519362304,0.09864096614989125,4.974193634622838,1.2592241406049554,-0.0016260742187499996,0.1086957682837348,0.10870793053018833,0.962,2.0724590260877367,-0.038762865247047466,8.849400363967478,1.3048963200356458,-0.002717138671875,0.056113860594305724,0.05617960656109453,0.3,0.21398033827271457,-0.020015572191707517,5.340016037203005,1.2609867335920746
2004.02.12.13.22.39,2004-02-12 13:22:39,17,-0.001661767578125,0.07760498435587541,0.07762277416041877,0.444,0.4477488811593342,0.020390510898382754,5.7199707792253,1.2674247718467753,-0.0016699218750000002,0.09292757088853608,0.09294257404608772,0.454,0.11760727403785154,0.09640777733669134,4.884736673796808,1.2553810049463519,-0.0014107910156250002,0.10420585682409894,0.10421540638377022,0.984,2.3669886579075623,0.05815024609329496,9.441982084457344,1.3000463063403132,-0.0027646484375000004,0.05476019882421017,0.054829943062618625,0.308,0.20295430083462174,-0.03361214881045859,5.617368590885606,1.2609906681187613
2004.02.12.13.32.39,2004-02-12 13:32:39,18,-0.002757177734375,0.07777670281156139,0.07782555832949016,0.405,0.34144531637324205,0.003513831143354888,5.203945961882484,1.265981916230109,-0.0017739257812500002,0.09495022834677054,0.09496679775469556,0.425,0.13740794134351297,0.10592078788640663,4.475248297808233,1.260664243768799,-0.001863330078125,0.10521330186669284,0.10522980038312282,0.676,1.1526700310009703,0.08359588989286217,6.42403575354895,1.2870740021167624,-0.003074755859375,0.055541221384568185,0.055626265347265356,0.229,0.0922079817125856,-0.00042872143229701396,4.116760285278758,1.2597722623212528
2004.02.12.13.42.39,2004-02-12 13:42:39,19,-0.0022611328125,0.07890076758853798,0.07893316063389487,0.471,0.5964296522845256,-0.032123571823408366,5.967073866262322,1.2763602733939345,-0.0007662109375,0.09547240956006875,0.09547548411192398,0.479,0.2425243166798703,0.14165673280344412,5.01699472336247,1.2592676480251292,-0.0014248046875,0.10675132239905148,0.10676083037492612,0.935,2.4550670432878334,0.026973765422056185,8.75789366489973,1.3098091569500996,-0.0030700195312500004,0.05467779985043284,0.054763918928490224,0.229,0.08156366142840543,-0.015972648918385495,4.181585329914468,1.257374028470588
2004.02.12.13.52.39,2004-02-12 13:52:39,20,-0.001448388671875,0.07901527413866455,0.07902854786058722,0.415,0.506380111063577,0.06155298503420971,5.25126693118661,1.270323078046217,-0.001681689453125,0.09565077571662774,0.09566555793288081,0.486,0.1524805052472984,0.11733938656757271,5.080198250042913,1.2601020610536655,-0.001846240234375,0.10560172145723454,0.10561785917984882,0.889,1.9139070690457851,0.05765100360906399,8.41713709123935,1.3056675646574918,-0.0029849609375000004,0.05526646273041952,0.05534701342015891,0.242,0.15035076952771265,-0.04405279482154901,4.372412982122301,1.2600064415507872
2004.02.12.14.02.39,2004-02-12 14:02:39,21,-0.001808740234375,0.07934267114626233,0.07936328499916932,0.381,0.38440684339994036,0.03774414644161838,4.800708539269611,1.2673125878895053,-0.001254248046875,0.09608047955380965,0.09608866576997063,0.486,0.1564794915640455,0.07508050525131878,5.057828580567963,1.257551539635737,-0.0008227050781250001,0.10640111111905765,0.10640429169453469,0.703,1.2867130291679612,0.047015554911379216,6.606876365646712,1.2929223739280007,-0.00293505859375,0.05516899004242559,0.0552470092516328,0.266,0.16426128812714236,-0.02035108188516252,4.8147402656396014,1.262380200017226
2004.02.12.14.12.39,2004-02-12 14:12:39,22,-0.001801708984375,0.07946629829958578,0.07948672040475141,0.344,0.41497244255405574,0.01970775386945568,4.327766930731702,1.271530240278966,-0.001448779296875,0.09432366160279361,0.0943347873247689,0.417,0.13348614812498472,0.10428977682535866,4.4204265661233,1.259377125085486,-0.0012916503906249999,0.10652067291567878,0.10652850378720535,0.972,1.9633041034020007,0.17946942737860105,9.124318519873386,1.3021404422996259,-0.0027037109375,0.054686116106583145,0.05475291177331348,0.293,0.22840644374572117,-0.01973336739390466,5.351313574208996,1.2607112632722017
2004.02.12.14.22.39,2004-02-12 14:22:39,23,-0.002245849609375,0.07972131548057863,0.07975294340914242,0.393,0.5200740317916859,-0.03851889509533165,4.927717814549635,1.2739281936679043,-0.0014227539062500003,0.0962614587833755,0.09627197243113517,0.466,0.18719392868634843,0.13866436137792754,4.840453438650974,1.258272437148376,-0.0013483886718750001,0.10518184895666496,0.10519049149972219,0.684,1.254478936980436,0.0005211760099324044,6.502488868034298,1.2964340207450447,-0.0030903320312499994,0.056563254002977764,0.05664761120708225,0.264,0.08158737502343749,0.007221887679663443,4.660390692114374,1.2576785656438567
2004.02.12.14.32.39,2004-02-12 14:32:39,24,-0.001977001953125,0.07935676530457542,0.07938138784581765,0.437,0.4846810415588352,-0.036549177114067806,5.505068780717017,1.2711717774114197,-0.0013240234375000001,0.09673244798508385,0.09674150883281694,0.667,0.37113042322809786,0.17122722148264474,6.894661950669704,1.2621539104291073,-0.00237470703125,0.1079761942301264,0.10800230439164828,0.847,1.3875381371192281,0.07318514799019268,7.84242525908084,1.2923072213632765,-0.002956982421875,0.05602606775982585,0.056104046321739355,0.22,0.13583281823784965,-0.04505706061630915,3.921285797077238,1.2602907620894324
2004.02.12.14.42.39,2004-02-12 14:42:39,25,-0.0021740722656249994,0.07756141544378374,0.07759187944533484,0.405,0.3099755507638151,0.026619772366221244,5.219618378819285,1.2651793341633069,-0.0015088867187500001,0.09473912948407975,0.09475114455525722,0.603,0.2615943824726452,0.14411041291308674,6.36403921905493,1.260859709539287,-0.0019612792968750005,0.10657505293881057,0.10659309792566603,0.688,1.0225364674782753,-0.004534687198446351,6.454451680162115,1.2909197620181154,-0.0032119140625,0.05540676214731253,0.05549978093284468,0.259,0.12719390010867793,-0.03415577673177219,4.666685086800482,1.2572622863015774
2004.02.12.14.52.39,2004-02-12 14:52:39,26,-0.0015153320312499999,0.07772622576182905,0.07774099563514575,0.388,0.36804211992333746,0.001337028961636272,4.990931706367161,1.2651298797972983,-0.001513525390625,0.09623453463755909,0.09624643586136385,0.442,0.1566551621494887,0.09836722820950812,4.592377848013713,1.2554013531735098,-0.002003857421875,0.10560961350007832,0.10562862258026053,0.713,1.612231805636073,-0.0599626600938713,6.750064353610559,1.3060923268160176,-0.0030764160156250006,0.055132317492346816,0.05521808370070556,0.237,0.09495604516366107,-0.0038057513490740405,4.292072163977898,1.2587909883850839
2004.02.12.15.02.39,2004-02-12 15:02:39,27,-0.0022492187500000003,0.0774813044446991,0.07751394405806931,0.4,0.4042083382464927,-0.0326706483190684,5.160361853092411,1.2647473464437449,-0.002118603515625,0.09511310929708483,0.09513670186114098,0.444,0.17382200225163524,0.08985451686853897,4.666968596914897,1.2590619677248462,-0.0023671386718750005,0.10742906873283874,0.10745514484796377,0.981,2.3155987865544674,-0.03781625763627373,9.129390699607711,1.307643344038605,-0.003186083984375,0.0554029741320142,0.05549451030352574,0.222,0.06474720769999287,-0.00012382233979512682,4.0003956929393,1.2561299878050662
2004.02.12.15.12.39,2004-02-12 15:12:39,28,-0.0023556640625,0.07824409152481353,0.07827954401833694,0.391,0.34199171275367135,0.03369687604185461,4.9949192334131185,1.2645351844513213,-0.0013390625000000002,0.0946740217175947,0.0946834910454959,0.522,0.2331517446347866,0.10687984227268392,5.51310470533006,1.2598562958525086,-0.001291650390625,0.10654673201069578,0.10655456096709622,0.728,1.2023290082948819,0.13292418156615796,6.832180559824225,1.2913587252836334,-0.0030205566406250003,0.05508112196884157,0.05516388093459003,0.276,0.12458150930044853,-0.0251609386296664,5.003273796621815,1.2581967838234531
2004.02.12.15.22.39,2004-02-12 15:22:39,29,-0.0024445312499999997,0.07882328465921586,0.07886118143611597,0.488,0.5350200636292435,-0.006817488878259782,6.188088881160373,1.2742204712983922,-0.0015290527343750002,0.09586485510864304,0.09587704859488336,0.474,0.2907499147594046,0.08901339446966802,4.9438317819192426,1.2635119151322647,-0.0017863281249999997,0.10489343899190542,0.10490864841241045,0.776,2.017434683384363,-0.013130640994625945,7.396911615422176,1.307032707608346,-0.00291376953125,0.05517047166023243,0.05524736189261664,0.283,0.23456109917488366,-0.038156660080357806,5.1224165336629515,1.2632197963166112
2004.02.12.15.32.39,2004-02-12 15:32:39,30,-0.0022748046874999997,0.0785494350087652,0.07858236746600665,0.403,0.48904471033501595,-0.002622713624016512,5.128376924687727,1.2730822178569126,-0.002049658203125,0.0949000225611656,0.09492215432057668,0.452,0.165506889421823,0.11999815531904404,4.761796687351606,1.254806832277494,-0.0014609863281249999,0.10486322304910291,0.10487340000828081,0.64,0.9570967413089555,0.013844924540234683,6.102596082032866,1.289053782115709,-0.0034757812499999997,0.05432378514244151,0.054434866469019655,0.225,0.07349511847943857,-0.03965269856902206,4.133380213728522,1.257726426400268
2004.02.12.15.42.39,2004-02-12 15:42:39,31,-0.001818603515625,0.08021030375043676,0.08023091764702917,0.396,0.4867117699711172,0.023062207577248677,4.935753093865595,1.2693166958113966,-0.00179560546875,0.09487624042041871,0.09489323050308963,0.466,0.165736117975269,0.1364709642541114,4.910782334308109,1.2566136716760652,-0.0016982421875,0.1048905147047868,0.10490426159867149,0.679,1.1352691918982902,-0.02227897000438898,6.472568317554403,1.289537600546436,-0.0029370117187500003,0.05673315964733654,0.056809131672700734,0.239,0.14350027256484577,-0.0015947123342304741,4.207070112899647,1.2598578598049017
2004.02.12.15.52.39,2004-02-12 15:52:39,32,-0.0018798339843749997,0.07739824509206791,0.07742107025313345,0.388,0.5086729705515918,-0.018266270678337724,5.011555623442141,1.275652309355476,-0.00199599609375,0.09547086323143954,0.09549172595865309,0.466,0.20123385151208106,0.1232956067583536,4.880003951355672,1.2545855562568657,-0.0018504394531250004,0.1042352561179323,0.1042516798144789,0.684,1.434412997331692,-0.024623805635528438,6.561045358858604,1.3020024542656492,-0.003500048828125,0.05528098325258529,0.0553916731212542,0.31,0.17591257833775753,-0.06109235325010506,5.596509051485045,1.2580486481259776
2004.02.12.16.02.39,2004-02-12 16:02:39,33,-0.0019884765625,0.07899110019602928,0.07901612461528817,0.376,0.40449241574751493,0.02973078517796004,4.758522413376508,1.2688576026542324,-0.00178076171875,0.09624420884062213,0.09626068173276278,0.476,0.22956064923478525,0.12419032129534124,4.9449057645515415,1.259285344091292,-0.0025443359374999995,0.10669887437146255,0.10672920611294735,0.876,1.7143269486039925,0.028506487609761166,8.207687772669868,1.3014966347515822,-0.003243896484375,0.05588777413449237,0.055981837787887734,0.291,0.1527706475195334,-0.015166574970163618,5.198114451022201,1.2574158918004126
2004.02.12.16.12.39,2004-02-12 16:12:39,34,-0.0013528320312500002,0.07822305672439377,0.07823475415576188,0.359,0.40668092875128137,-0.014541133659960107,4.588753475025269,1.2715888792939274,-0.0013816894531250002,0.0978430192337233,0.09785277450596701,0.483,0.3069613520962946,0.1726829584206306,4.9359867662265104,1.265529107681808,-0.001690625,0.1081180086702864,0.10813122588650677,0.657,1.3174828224675936,-0.021393781078923303,6.0759507220382325,1.2962673035374042,-0.0026141113281250004,0.05552381479919039,0.0555853180965138,0.227,0.11426623085634979,-0.012743890886937052,4.083812196700139,1.2574016369561376
2004.02.12.16.22.39,2004-02-12 16:22:39,35,-0.001791064453125,0.07810817348945709,0.07812870584960674,0.356,0.42187887878439767,-0.011723759566206875,4.556583859014374,1.2702694794920322,-0.001562353515625,0.09524338589819027,0.09525619930408402,0.403,0.11379389122156969,0.09799826223668927,4.230695775647242,1.2565283486580245,-0.0011615234374999998,0.1028676110082962,0.10287416843527825,0.825,1.426502408342559,0.0229835121934195,8.019505892959286,1.296387458345844,-0.0030807617187499996,0.05554223759655605,0.05562761229821032,0.286,0.1958801945559432,0.007256396328294278,5.141331583077876,1.2593139756808034
2004.02.12.16.32.39,2004-02-12 16:32:39,36,-0.00203349609375,0.07683498673524615,0.07686189103169887,0.413,0.40962780617356787,-0.012802938401103161,5.373273991264062,1.2677555742188675,-0.001471728515625,0.09594404233362758,0.09595532942020796,0.461,0.1730856867768793,0.12943450278333202,4.804318871974135,1.2594992206667794,-0.0014912109374999997,0.10627495488605784,0.1062854164318593,0.754,1.3472119328296017,-0.03865113475636965,7.09410590194561,1.2923758186126069,-0.002811474609375,0.055569069978318106,0.0556401467263915,0.244,0.0334986959277348,-0.04654746829074414,4.38532272748779,1.2540763499017746
2004.02.12.16.42.39,2004-02-12 16:42:39,37,-0.0018202636718750002,0.07984444085763252,0.07986518700725069,0.457,0.5706517890996232,-0.009777100151057379,5.722142739846218,1.2740636018844833,-0.002276025390625,0.0964936679807248,0.09652050689855046,0.442,0.2158220815230112,0.13173986566603704,4.579337740782606,1.261247913615366,-0.0014645507812500002,0.10491064749679435,0.10492086955028299,0.764,1.1663803941882156,-0.009009734546685515,7.281678118706932,1.290043735345061,-0.0030121582031250003,0.05638668115044963,0.05646707809160241,0.264,0.1600982637971584,0.029414747194057428,4.675290610428472,1.26073227213473
2004.02.12.16.52.39,2004-02-12 16:52:39,38,-0.002309033203125,0.07739473796891001,0.07742917473155306,0.378,0.3569692841046228,0.04514825783681483,4.881880780862329,1.2647920687579761,-0.0017294433593750002,0.09546862209628663,0.09548428550969461,0.581,0.2629708782870046,0.09473008972758588,6.084770880345651,1.2605568104170761,-0.0022916015625,0.10742851105763311,0.10745294982354486,0.798,1.8640022241690977,0.02086557134418251,7.426506217934875,1.3045647821865765,-0.0027642578125000004,0.056033258572441,0.056101400940618225,0.308,0.2587931953743987,-0.027692721638142754,5.490058979561124,1.2640788833261396
2004.02.12.17.02.39,2004-02-12 17:02:39,39,-0.001993701171875,0.07843592197972266,0.0784612560514543,0.498,0.6561008820895786,-0.0005041417219279513,6.347081668861065,1.277570904574364,-0.0018719238281250002,0.09677743551173781,0.09679553772280453,0.457,0.27543904828842125,0.10821088126772098,4.721292021835973,1.2610937980498302,-0.00211201171875,0.10678105681252581,0.1068019414032348,0.989,2.579939922114934,-0.003548285809022377,9.260131295422738,1.3075719602356344,-0.003388427734375,0.05653621499815002,0.05663766457780657,0.239,0.09751879968845945,-0.014065127951287884,4.219806762541759,1.2577181529155956
2004.02.12.17.12.39,2004-02-12 17:12:39,40,-0.0024907226562500004,0.07855648477783131,0.0785959604559929,0.371,0.5058926832599502,-0.03750214704176655,4.720344377084477,1.2763738475521007,-0.0008767578125000001,0.09722928134675773,0.09723323431558137,0.427,0.19929830782863123,0.09824497584201938,4.391502586596303,1.2625146859229042,-0.0022390136718750003,0.10715440930270453,0.10717779907814107,0.845,2.2355183820764015,-0.07220369217397872,7.884095468166204,1.3072183572177938,-0.003306982421875,0.056234235204706794,0.0563313886017101,0.251,0.13207301349276568,-0.023550379647344657,4.455775123434116,1.2609689952104566
2004.02.12.17.22.39,2004-02-12 17:22:39,41,-0.001803759765625,0.0786407433781452,0.07866142681365101,0.393,0.45311400755295494,-0.008567194109819449,4.996095493297081,1.2704626473197995,-0.0009185058593750002,0.09511538248705184,0.09511981727627464,0.505,0.14836992490765555,0.10882182513808407,5.309093461914799,1.2544239164750017,-0.0013694335937499999,0.10525439765563746,0.1052633059248034,0.752,1.4017581318007961,-0.025011032992469876,7.143989953509571,1.2981962640987532,-0.0026965332031249995,0.055708350015225006,0.05577357396414879,0.239,0.13869196247633608,-0.0019554327944188627,4.285183519952102,1.2620170466303098
2004.02.12.17.32.39,2004-02-12 17:32:39,42,-0.0017306152343750003,0.07760924722037751,0.07762854039078106,0.449,0.4307640222326756,0.04469583003677712,5.783955201781972,1.2695351392468994,-0.0009978515624999998,0.09503882941696366,0.09504406769855496,0.449,0.13840970362755467,0.11791787404591672,4.724124407470268,1.259001872146895,-0.001357373046875,0.10298306221347636,0.10299200728431855,0.654,1.1634253579081317,0.04887619844516442,6.3500073184764245,1.2928662069080175,-0.0032916992187500002,0.05498149075487387,0.05507993835667393,0.239,0.16829482229395554,-0.002661603710207311,4.3391479208335175,1.2617018293455495
2004.02.12.17.42.39,2004-02-12 17:42:39,43,-0.0019462890624999999,0.07818452198751644,0.07820874324224403,0.415,0.488396336752809,-0.006356188004271852,5.3063120924290725,1.272559826990979,-0.0018541992187499998,0.09456809680615572,0.09458627272644403,0.444,0.18352548549125025,0.11480892953255659,4.694127247027764,1.2593563760980933,-0.0013387695312500002,0.10184375518204195,0.10185255408401647,0.61,1.0846068355776346,-0.013344186974711566,5.989049616731468,1.296027250678885,-0.00303681640625,0.05543639736098235,0.055519513742917456,0.225,0.06303437345150442,-0.00843419161052362,4.052629153811761,1.2558367772341954
2004.02.12.17.52.39,2004-02-12 17:52:39,44,-0.0016118652343750002,0.07807192688424783,0.07808856431612202,0.469,0.536781662751292,0.030868202418370138,6.006001059276373,1.272180107974308,-0.0011041015625,0.09682734212192305,0.09683363683481196,0.583,0.4142096945384086,0.10010548595879956,6.020635174474928,1.2623088748029656,-0.003328466796875,0.1069766679721458,0.10702843632250555,1.057,3.123223334762214,0.05726072572761963,9.875880058781517,1.3077049686846025,-0.0033448242187499996,0.05527980886483928,0.05538090932069913,0.278,0.18879127338967816,-0.008031845273471169,5.019780343261625,1.2595264208115042
2004.02.12.18.02.39,2004-02-12 18:02:39,45,-0.001743408203125,0.07646238946336069,0.07648226248359404,0.361,0.4576700058997081,0.018150122530682534,4.7200486528158985,1.272257804745599,-0.0020607421875,0.09471211737456912,0.09473453349195055,0.5,0.1890539413388863,0.11323598183660395,5.277906393474606,1.2572680476757059,-0.002097705078125,0.10495687113962969,0.10497783178374197,0.82,1.2872550382771744,0.02320068760326052,7.811172950201799,1.291895880750229,-0.0034741210937499997,0.05572754079392398,0.055835726200278796,0.269,0.12323867016073997,-0.0016293672015524575,4.817703973887903,1.2605501948746518
2004.02.12.18.12.39,2004-02-12 18:12:39,46,-0.002005615234375,0.07888778445886611,0.07891327536794347,0.364,0.3564760255027597,0.06839076596299973,4.612658621794652,1.2673222903677825,-0.0009242675781249999,0.09578168676975601,0.09578614613301667,0.393,0.13468447519073345,0.08381054640563408,4.1028897796373105,1.2589730118915918,-0.00175927734375,0.10703397059437027,0.10704842790984252,0.745,1.7336051729812532,-0.02231986500179019,6.959466986544146,1.3025197833563107,-0.0028974121093749998,0.05593432666576779,0.05600931972881276,0.317,0.18501727406018897,0.016862917765479032,5.659772365293098,1.2604634175525282
2004.02.12.18.22.39,2004-02-12 18:22:39,47,-0.0021379394531250004,0.07729310252096655,0.07732266473953077,0.396,0.49828610176171795,0.014921276074399704,5.121396182270311,1.271853431820901,-0.0017221191406250002,0.09448267697850686,0.09449837005662783,0.464,0.2704278986319668,0.11778625386900086,4.910137600489295,1.261419537792033,-0.0029127441406250005,0.10654399836493315,0.1065838058337927,0.613,1.068720353158306,0.01955129544780981,5.751342759855237,1.287502937930436,-0.0022852050781249997,0.05567507275633133,0.05572195158707092,0.251,0.12818868549583717,0.024963761228330758,4.504508418155246,1.2582909305353454
2004.02.12.18.32.39,2004-02-12 18:32:39,48,-0.0022016601562499993,0.07821656732108538,0.07824754763529333,0.415,0.32975824899322603,0.025824338304817677,5.303680595004558,1.2664697563104244,-0.001917138671875,0.09600812912774458,0.09602726841526252,0.481,0.18261054425658196,0.09801100093239579,5.008993882028931,1.2578089999089095,-0.00145703125,0.10459717282911031,0.10460732050820463,0.667,0.9536161721882292,0.026030021128552745,6.376226795214446,1.2869549821274286,-0.0031881347656249996,0.05613861633476406,0.05622907119333935,0.232,0.11255828767382203,-0.005970131706346406,4.125979588072615,1.2585988483027073
2004.02.12.18.42.39,2004-02-12 18:42:39,49,-0.00212666015625,0.0769404413543266,0.0769698265505305,0.405,0.4243128403754697,0.046607651596455156,5.261802165217542,1.269605386400503,-0.001244970703125,0.09470997154501597,0.09471815381493336,0.442,0.33875130276056176,0.11156268645377809,4.666476089299724,1.2672889499773863,-0.0013040039062500001,0.10271336531170729,0.10272164250947192,0.696,1.1597665037393288,0.010379820434618839,6.775592591754187,1.2920167777836369,-0.0028795410156249998,0.05514264962796454,0.05521778304543859,0.237,0.15048877346683343,-0.04634984750986887,4.292095533878519,1.2611847197900912
2004.02.12.18.52.39,2004-02-12 18:52:39,50,-0.00190126953125,0.0784566088423693,0.07847964256337436,0.396,0.5533985473990737,-0.041870852127814225,5.045894541125358,1.2758020518221906,-0.0017273437500000001,0.0965363474615939,0.09655180007465552,0.496,0.20666512335604592,0.11534038739237673,5.137138816847373,1.2589297818841634,-0.0025740234375,0.10486679417494703,0.10489837995501884,0.698,1.2143407388564906,0.06610500337603037,6.654058912056671,1.2947747929323417,-0.0032108398437499996,0.055909594817473304,0.056001716805435975,0.259,0.10701659936887431,-0.001029369896035677,4.624858214612082,1.2573122006403545
2004.02.12.19.02.39,2004-02-12 19:02:39,51,-0.0019439941406250005,0.07851550116945437,0.07853956351488958,0.427,0.5791138307510235,-0.023830270412440426,5.436750357277566,1.2742909051322415,-0.00106044921875,0.09610413388099885,0.0961099844010106,0.525,0.2713402186131435,0.13432297569612328,5.462491782430043,1.259818253611251,-0.002068798828125,0.10345324702229323,0.10347393028220624,0.942,1.4894622658892924,0.03276482649021879,9.103742338102622,1.292204011580608,-0.003169775390625,0.05614877554030999,0.056238176274690174,0.254,0.1447980616240283,-0.037573741358376204,4.516504922907893,1.2581536101478037
2004.02.12.19.12.39,2004-02-12 19:12:39,52,-0.0018521484375,0.07935929787647265,0.07938090836770041,0.532,0.627682513208395,0.013215485169117734,6.7018633439632875,1.2723111384447157,-0.0011844726562499999,0.09548311907574472,0.09549046551308801,0.471,0.1479687682553763,0.14208782186670277,4.932429614508941,1.2569250989192355,-0.001581689453125,0.10422358247172037,0.10423558358241021,0.664,1.5309454622456427,0.08109635427522947,6.370185470061015,1.2995412720759787,-0.0031755859375000002,0.05517803243437149,0.05526933697245698,0.247,0.12845707348672342,-0.009834261507953614,4.469024119523823,1.2580954458411067
2004.02.12.19.22.39,2004-02-12 19:22:39,53,-0.0020525390625,0.07688593782324185,0.07691333012919477,0.386,0.3985078570542333,-0.047841962943301286,5.018635902926301,1.2696388048305967,-0.002010009765625,0.09578814487520215,0.09580923148575311,0.671,0.2914047717655528,0.14632301664531222,7.00350049358008,1.2583509494377512,-0.0022109375000000002,0.1031511853000662,0.10317487714282726,0.608,1.0898517467675148,0.06434670686865525,5.892907428989057,1.2897820051817226,-0.003000732421875,0.05722862037213489,0.05730723675737319,0.271,0.1900659310638111,-0.020897551522137285,4.728896651348888,1.2628892242669285
2004.02.12.19.32.39,2004-02-12 19:32:39,54,-0.001935693359375,0.07660347064112269,0.07662792325938943,0.4,0.42524278547334715,0.015918091365504334,5.220029239810919,1.26979004725468,-0.0015411621093750002,0.0940604799669779,0.09407310493581907,0.391,0.13222403089331092,0.11232890660744912,4.156342030666022,1.2578843555117802,-0.00289130859375,0.10522497801700036,0.10526469334046673,0.688,1.3981050792716694,0.030454492970738534,6.535904662494402,1.2943861959973717,-0.0034065917968749996,0.05497639910453702,0.05508184207315397,0.232,0.05258921929673033,-0.010122595501342134,4.211914330894776,1.2543698447357197
2004.02.12.19.42.39,2004-02-12 19:42:39,55,-0.002105029296875,0.07831092036327802,0.07833920727505721,0.442,0.6133875523003884,0.050826720914781964,5.642130107955924,1.2746492302651182,-0.0019456054687499997,0.09630855296008875,0.09632820331505333,0.505,0.37006095459938404,0.13578970592720344,5.242493710261935,1.2640022373053938,-0.001716650390625,0.10512398620995468,0.10513800152767967,0.71,1.0193944038430134,-0.033601487395928345,6.753029253776317,1.2882207916531585,-0.0036416015625,0.05630399463873542,0.05642163657869869,0.3,0.1410640808870447,-0.029403350661844026,5.317109148040228,1.2620856275194952
2004.02.12.19.52.39,2004-02-12 19:52:39,56,-0.0024255371093749997,0.07734228926780076,0.07738031364276786,0.461,0.4843217611881623,-0.01055253808173417,5.957587638223358,1.270200245266761,-0.001418896484375,0.09574375267413536,0.09575426592773492,0.449,0.18317002044542274,0.1265563506742383,4.689086127388384,1.2589418122289737,-0.0012375,0.10446578452641204,0.10447311397181933,0.964,2.203556437332323,0.01587543055616451,9.227254394465836,1.302105520318295,-0.0030388671874999997,0.05512973914122246,0.055213429992733654,0.244,0.1292842641937253,0.007859934041071697,4.419214673533442,1.258599439749949
2004.02.12.20.02.39,2004-02-12 20:02:39,57,-0.00203681640625,0.07739667641153741,0.07742347280137335,0.452,0.44941512079219326,0.007369960546107674,5.8380228068506685,1.2699834230954454,-0.0016173828124999997,0.09499833772489959,0.09501210500592149,0.515,0.34651446607314096,0.171351043401032,5.420361963014117,1.2621754382745842,-0.00100068359375,0.10305327382294291,0.10305813220353478,0.747,1.3988224926041566,-0.029547569178722623,7.248336293585367,1.2966759398573666,-0.0035380371093750003,0.05421517656140724,0.05433049858202918,0.254,0.12077656875656162,-0.01859717294419146,4.675090540840633,1.259713559647043
2004.02.12.20.12.39,2004-02-12 20:12:39,58,-0.00204736328125,0.07596992815109206,0.07599751100981861,0.347,0.29858314003197517,-0.00679937197147013,4.565939007596826,1.262435557679742,-0.0023553222656250003,0.09404866730719487,0.09407815562198472,0.415,0.1664830486569655,0.11401558214720653,4.411225935035448,1.2575249515800622,-0.00189150390625,0.10217273281145092,0.10219023983330061,0.706,1.278263925047412,0.012235238350890677,6.908683267126814,1.2878480516565318,-0.0033019042968749994,0.0540147849071081,0.05411561290927855,0.254,0.1258128156319649,0.02287932387138494,4.693654683830619,1.2607345084036903
2004.02.12.20.22.39,2004-02-12 20:22:39,59,-0.001757666015625,0.0781090853466685,0.07812885896719358,0.388,0.3479309532451049,0.01652104161192016,4.9661546978808655,1.2680170632179293,-0.0014138183593749999,0.09715171766160298,0.09716200454371618,0.432,0.19158765046308668,0.16712476980682847,4.4461824560816865,1.2620386873835363,-0.0016754882812500004,0.10546108381747693,0.10547439244166093,0.645,1.1733696112988712,0.04567228356506233,6.115228398748604,1.2947786989160501,-0.00283828125,0.05417047129504366,0.054244776714272226,0.234,0.12973920027648855,-0.015381890073115084,4.313779393591508,1.258439788474551
2004.02.12.20.32.39,2004-02-12 20:32:39,60,-0.0018957031249999998,0.07864043941895045,0.0786632849704597,0.413,0.41299062915361917,-0.001889781638149953,5.250225694936249,1.2669048476630749,-0.0011302734375,0.09568624224313928,0.09569291756789658,0.535,0.23662338717276166,0.10156079328693204,5.590800381025104,1.261821796169912,-0.0010177734374999998,0.10590513829327367,0.10591002870213709,1.135,2.795106399579897,-0.05400211425037917,10.716643304781746,1.3086972187916799,-0.002860888671875,0.055858849504445245,0.05593206371977638,0.278,0.21983150598546386,-0.011752884313796693,4.970315441833146,1.2604616768333767
2004.02.12.20.42.39,2004-02-12 20:42:39,61,-0.00229462890625,0.07709218438354405,0.07712632634090483,0.342,0.39507344142139234,0.008946704887335465,4.434283547855389,1.2688858426144378,-0.001943408203125,0.0955974540109942,0.09561720582002031,0.43,0.20521114305414567,0.1810267482641816,4.497098574595313,1.2599351677534898,-0.00181484375,0.10458113390437869,0.10459687962153794,0.618,1.0654808874837354,-0.011418218464633298,5.9083980539008865,1.285492135531143,-0.0031359863281250006,0.05445694717489393,0.054547167716201134,0.234,0.06659517349624977,-0.01414741331068184,4.289865263352607,1.2582075491009381
2004.02.12.20.52.39,2004-02-12 20:52:39,62,-0.00255654296875,0.07926025001588238,0.07930147000233508,0.391,0.47239362493033044,-0.011074794184598856,4.930551728593263,1.2736294812831404,-0.0017577636718750002,0.09520879482787795,0.09522501953637566,0.474,0.18106024533094844,0.10521812731012803,4.977683410387051,1.2576707460962997,-0.001692578125,0.10422468931536578,0.10423843189339405,0.586,0.7934352136022493,0.04826927240717402,5.621726932723907,1.282527590510169,-0.0030479492187499998,0.05669517197338034,0.05677704218723664,0.273,0.13326432956199286,0.0043334165870183025,4.808281472284405,1.2572402241102136
2004.02.12.21.02.39,2004-02-12 21:02:39,63,-0.002071435546875,0.07691473137716869,0.0769426198413264,0.408,0.3944622448109758,-0.0011731127230121643,5.302652818962897,1.2685303199615239,-0.0018206542968750004,0.09600857512341357,0.0960258365196413,0.469,0.10599728987559986,0.15171028876958254,4.884102206223112,1.2576872832726667,-0.0020623046875,0.10214494299692309,0.1021657598242618,0.698,1.2396369321629832,0.07057555869983306,6.832034540737028,1.2905127383841979,-0.0026861816406250003,0.055537141855331325,0.055602065584523255,0.254,0.016962420878488427,-0.013981611750089494,4.568175612358914,1.254087546098948
2004.02.12.21.12.39,2004-02-12 21:12:39,64,-0.0018758300781250002,0.07717660830160832,0.0771994016001541,0.388,0.37800827777844237,0.03338287419999933,5.025945693330679,1.2689738810272833,-0.0014166015625000001,0.09450931138904713,0.09451992752440487,0.498,0.1774893915244391,0.0797087694478898,5.268730235446037,1.2577551032248204,-0.00146513671875,0.10592758644332397,0.10593771847322606,0.981,3.379747161306047,0.018021172792518744,9.260157894073686,1.3122777033806503,-0.003094775390625,0.05506444069409456,0.0551513396362398,0.254,0.07441609631578094,-0.008441581015320275,4.605509162158181,1.2537999044804813
2004.02.12.21.22.39,2004-02-12 21:22:39,65,-0.0017930175781250002,0.07697548805816473,0.07699636792620886,0.381,0.4364865722352329,0.040340532998082525,4.94828535763063,1.2688791573522333,-0.001588427734375,0.0957070899325034,0.09572027040295919,0.486,0.19901698857373784,0.12325402241007807,5.07729447434757,1.2587679882342997,-0.0014183105468749998,0.10206894195969089,0.10207879563150285,0.618,1.0030363022559854,0.03823270904438244,6.054146663631649,1.2876281405243202,-0.003047705078125,0.055617697199755095,0.055701137762588615,0.237,0.055869597770713764,-0.04221001428785422,4.254850251177093,1.2560537292383303
2004.02.12.21.32.39,2004-02-12 21:32:39,66,-0.0019039550781250005,0.07742266494287933,0.0774460721521555,0.459,0.49113721911236174,0.04239872022316879,5.926704702314913,1.273523277877234,-0.0009581054687500002,0.09549707488323661,0.09550188101468866,0.496,0.1388645532315862,0.09809406018479566,5.193614981507147,1.2538325831971022,-0.00165634765625,0.10479987890217424,0.10481296725820116,0.718,1.2221989216192428,-0.06062972227969845,6.850297427714695,1.288076732110301,-0.0030302246093750007,0.055241795510633185,0.055324842814253664,0.264,0.26273449926875836,-0.03633560152430843,4.771816539747749,1.2653657505412619
2004.02.12.21.42.39,2004-02-12 21:42:39,67,-0.0019636230468750003,0.0766164975079725,0.07664165646604576,0.393,0.34600497216470494,0.04990645163129154,5.1277597343438055,1.2665742391051285,-0.0010088867187500001,0.09582784663425073,0.09583315732547243,0.493,0.20601814733940715,0.13407558708904083,5.1443572742329,1.2588129222850544,-0.0006182617187500002,0.10463710530750851,0.10463893183078418,0.886,1.6468220602844514,0.09344175730834517,8.467211815892638,1.2998199325614457,-0.003162060546875,0.05494882789970157,0.05503973396059546,0.374,0.29584289424633603,0.01621919593624749,6.795090984047224,1.2607117829179606
2004.02.12.21.52.39,2004-02-12 21:52:39,68,-0.001947021484375,0.07693101411986752,0.07695564843578329,0.386,0.44699011171583214,-0.012696409772231567,5.015876129249993,1.2717242514258755,-0.0016390625,0.09563201566125014,0.09564606079349268,0.439,0.13029772122964633,0.12299192446841273,4.589838790620298,1.253105092721596,-0.002064404296875,0.10400340524837838,0.10402389181509879,0.762,1.3927113991049564,0.08219647432146499,7.325240256867584,1.292343760709514,-0.0030784179687500003,0.05434696478268982,0.05443408158756102,0.232,0.13263561898312082,-0.03983655251444021,4.262035717950193,1.2607008100543602
2004.02.12.22.02.39,2004-02-12 22:02:39,69,-0.00241171875,0.07728708668930986,0.0773247059887718,0.444,0.4880416166718633,0.04372833456528374,5.742019892897783,1.2729083301583541,-0.0011240722656250001,0.09598066815149434,0.09598725018076945,0.432,0.17151282513169352,0.08373102160935578,4.500597727160945,1.2621767837608233,-0.0013037597656249999,0.10382769241597668,0.10383587772033867,1.055,1.5791986504746802,0.06205913238993379,10.160264671151845,1.2884572662149583,-0.0032920898437499998,0.05579086870787574,0.05588791360141073,0.225,0.1378021885222127,0.03063886374275175,4.025915184536796,1.2599311690867872
2004.02.12.22.12.39,2004-02-12 22:12:39,70,-0.002700634765625,0.07572478230967107,0.07577292447823547,0.5,0.5881648615563311,0.03175156805882329,6.598663090318189,1.2756416050471162,-0.002216162109375,0.09413394505614377,0.09416002860199292,0.508,0.2184852588694861,0.10453628551081355,5.395070578698275,1.2577918338444658,-0.0015990722656249999,0.10346891776035295,0.10348127354555207,0.823,1.785811206843225,0.05191758652312572,7.953129796356038,1.2962795328498236,-0.0030668945312500003,0.05532442507154222,0.05540936609962706,0.259,0.1380682408762608,-0.03412330015711709,4.674300000731162,1.258613794506698
2004.02.12.22.22.39,2004-02-12 22:22:39,71,-0.0018789062500000002,0.0766661109152291,0.07668913124793174,0.391,0.36239839655682227,0.032043297481202375,5.09850605473569,1.267001992521577,-0.001242578125,0.09647440785357028,0.0964824096459751,0.452,0.10631373773465169,0.1275476702256126,4.684791783896494,1.2573797794128945,-0.0018946777343749998,0.10604915986282488,0.1060660836994,0.847,1.6363261543602654,-0.024841262323264484,7.985587573879578,1.294522525766223,-0.0028346191406250004,0.05572578161912112,0.05579782973140062,0.278,0.17454321743901424,-0.010609969403757143,4.982272632076111,1.261150206982918
2004.02.12.22.32.39,2004-02-12 22:32:39,72,-0.002236181640625,0.07736800711452542,0.07740031675131004,0.439,0.5401611783934825,0.0037309822695518594,5.67181141403494,1.2736585434393293,-0.0017957519531249997,0.09588339135540354,0.0959002057499911,0.554,0.3920831152437785,0.12649758410334846,5.7768384923413105,1.2664460617799025,-0.002542578125,0.10384556283962387,0.10387668470354644,0.779,1.2466096817065138,-0.08234489393280832,7.499276687768649,1.288244753043576,-0.0034352050781250006,0.05671525472061595,0.0568191935172713,0.298,0.24514740415535652,0.017977177421106952,5.244706613257668,1.2612377897921445
2004.02.12.22.42.39,2004-02-12 22:42:39,73,-0.0015485839843749998,0.07793970891358244,0.07795509180220767,0.398,0.32607400357451866,-0.030949995995736064,5.105503576467198,1.262615340292231,-0.00044394531249999995,0.09790397969788822,0.0979049862270814,0.544,0.19967244170206477,0.12882219901695238,5.556407502455935,1.2583667216414025,-0.00126591796875,0.10422180931855815,0.10422949719699073,0.754,1.3719869623829872,0.08482106243136332,7.234036623768431,1.284241568578293,-0.0028945800781249994,0.055629709859588046,0.05570496578304869,0.242,0.0569402677295221,-0.0010541779225540326,4.344316464397539,1.254601169481952
2004.02.12.22.52.39,2004-02-12 22:52:39,74,-0.0019364257812500003,0.07879662162435938,0.07882041185009597,0.437,0.3948251135159331,-0.005168130137509345,5.544249132205821,1.273477329893171,-0.001228173828125,0.09693044299135867,0.09693822357281531,0.608,0.21733489241293658,0.10447179676633904,6.272035710900972,1.2593524393055355,-0.0010160644531249994,0.10618929463306422,0.10619415559078864,0.801,1.5739250988758222,-0.04562143851930571,7.542787976831744,1.2971818020503096,-0.003147802734375,0.05632588527149251,0.056413775034754365,0.273,0.18465732027141257,-0.03405189706477109,4.839243603744213,1.261767825839604
2004.02.12.23.02.39,2004-02-12 23:02:39,75,-0.0020615234374999998,0.07753322072782182,0.07756062271096396,0.383,0.34016117779744404,0.010694172240866774,4.938072782464382,1.2664553994528502,-0.001523291015625,0.09488157063313107,0.09489379780221742,0.515,0.12991002376347982,0.12852694165389295,5.427119705688139,1.2575099106667051,-0.002278955078125,0.10217547935071684,0.10220089146772095,0.728,1.3360804625620721,0.031004748079028723,7.123225536931162,1.2905513518609515,-0.002906494140625,0.05614010790547733,0.056215295283651455,0.242,0.053003907406576456,0.023891513009335175,4.30487821470856,1.258205237462563
2004.02.12.23.12.39,2004-02-12 23:12:39,76,-0.002091162109375,0.0768620850433046,0.07689052656973988,0.352,0.4461346262694348,-0.05264483562148161,4.577937175143874,1.2728274877712094,-0.0014050781249999999,0.09669689259077899,0.09670710046966562,0.544,0.313454532863942,0.13219945921299264,5.625233280266096,1.2602999793946876,-0.00089853515625,0.10418358363685103,0.10418745828958373,0.601,1.081489839308306,0.04406937038799464,5.768448620078159,1.2929977214073298,-0.0035525390625,0.055532030570963384,0.0556455474690024,0.273,0.1565247268159733,-0.03539205618657268,4.9060529084034235,1.2602995337166756
2004.02.12.23.22.39,2004-02-12 23:22:39,77,-0.002017138671875,0.07822026971915784,0.07824627430976747,0.432,0.4445772787585356,-0.009280108908770558,5.521029644041128,1.2703898236689213,-0.000885009765625,0.09559412598967769,0.09559822260908216,0.439,0.1747507168074378,0.14190397417707795,4.592135585984143,1.2574892106788083,-0.0020437011718749997,0.10375101182852123,0.10377113842452475,0.781,1.4427266359526252,-0.0037950056678276007,7.52617743100159,1.2950027602985716,-0.00369365234375,0.055073283907283575,0.05519700778093637,0.254,0.14090180994101287,-0.015301417915272264,4.601698719033192,1.2615980189965748
2004.02.12.23.32.39,2004-02-12 23:32:39,78,-0.001696533203125,0.076706570747191,0.07672532972039367,0.415,0.654300605984012,0.024579423944552762,5.408904745178209,1.2782967316202942,-0.0009327636718749997,0.09449990245106371,0.09450450577262506,0.457,0.15312245268382574,0.11753470920072255,4.835748266855424,1.2593508722128237,-0.00109208984375,0.09953258150565285,0.09953857263094669,0.686,1.3640326168518477,0.016660977790574887,6.891800654440183,1.291976296591312,-0.0028527343750000002,0.0551500456172585,0.05522377771395217,0.266,0.13452407973869063,0.02230540153371476,4.816765730476198,1.2564913783859568
2004.02.12.23.42.39,2004-02-12 23:42:39,79,-0.001356591796875,0.0773706565603994,0.07738254866499697,0.427,0.38635508272233476,-0.022608192409152295,5.518040015049906,1.2719925489773685,-0.0009378906250000001,0.09595129608582958,0.09595587975405676,0.42,0.10635006705002192,0.09241778598059687,4.377011612800554,1.2570918031942504,-0.0008666503906250001,0.10573784994618082,0.1057414015139795,0.759,1.0985282762006534,0.013391532276206502,7.1778885955058644,1.2845977641606068,-0.00320390625,0.05611326805603743,0.05620466054685768,0.408,0.33710740360628844,-0.02097382325988087,7.259184488087984,1.2608374332648133
2004.02.12.23.52.39,2004-02-12 23:52:39,80,-0.0024544921875,0.0769514830366446,0.07699061808712475,0.361,0.4490551594338519,0.0311742894201705,4.688882995996762,1.27286600763696,-0.0014763671875,0.09422957922885161,0.09424114420845467,0.471,0.17888917029402363,0.0975284990078801,4.9978170782623526,1.2586036532235911,-0.001163623046875,0.10560641587139323,0.1056128263602337,1.069,2.539898718834978,0.09739921929669533,10.121876639810385,1.3037826737362186,-0.002440380859375,0.05450218477067521,0.054556792459927714,0.227,0.1568631698924774,-0.009711100750153343,4.16080179506031,1.2579365106795954
2004.02.13.00.02.39,2004-02-13 00:02:39,81,-0.0021606445312499995,0.07479142203837336,0.07482262488921716,0.369,0.30274620550562537,0.013691470350722114,4.931663391204782,1.26536727128616,-0.0015541015625000001,0.09446936405468143,0.09448214633761502,0.432,0.1751232232429043,0.09680741003860956,4.572292403861417,1.2601245651381163,-0.0017177734375000003,0.10243635427079792,0.10245075608249556,0.728,1.2115547723936508,-0.07485055440731352,7.1058528783701576,1.2882187761746147,-0.00300712890625,0.05567363084831944,0.055754784513024076,0.242,0.012821334609440349,-0.0030610389672855844,4.34043467504515,1.254612523542549
2004.02.13.00.12.39,2004-02-13 00:12:39,82,-0.0022718750000000005,0.07730518236640493,0.07733855853789072,0.457,0.5816276126893913,-0.026196212632781712,5.909083497801431,1.2745234932463438,-0.002237841796875,0.09545999204729846,0.0954862189929946,0.452,0.2133919307031329,0.12471700590139921,4.733667379092277,1.2619049943482326,-0.0021602539062500004,0.10342509178944093,0.1034476500873449,0.771,1.3405734951641,-0.025691703804727357,7.453045084629903,1.2941335237054277,-0.003503955078125,0.055426666112879344,0.0555373119405155,0.232,0.1399153181106918,-0.0541380911500289,4.177371786529548,1.2604366282631516
2004.02.13.00.22.39,2004-02-13 00:22:39,83,-0.0018424804687499998,0.0767718692892115,0.0767939753394594,0.374,0.31943993758112743,0.006857906365208837,4.870173712804601,1.264462201340831,-0.0019597167968750002,0.09366258314171766,0.09368308262809848,0.422,0.173230548639129,0.15221709307464443,4.504548613918358,1.2567982938721098,-0.002226953125,0.10125854157689143,0.10128302702081923,0.886,2.178081611190562,0.02064906113133501,8.747763826389967,1.3010642927308032,-0.00304990234375,0.05600837557683751,0.05609135440567022,0.266,0.1480071064790085,-0.003256633993560524,4.7422638090748315,1.2593053553766416
2004.02.13.00.32.39,2004-02-13 00:32:39,84,-0.0017069824218750001,0.07770301804785826,0.077721765308917,0.42,0.4393592386496614,0.007062047350268253,5.40389166832027,1.2719881103569737,-0.001848193359375,0.0963357813343035,0.09635350841554434,0.493,0.2913523343271853,0.11246933661830912,5.116575494831346,1.2613997236942651,-0.002136767578125,0.10103597506591501,0.10105856734192864,0.708,1.4510029479173898,0.07612932615439691,7.00583848180336,1.2952196858591412,-0.003107958984375,0.054798467908255134,0.054886532903259844,0.212,0.08080238699428044,-0.020318753995379052,3.862513968110542,1.2569861370298911
2004.02.13.00.42.39,2004-02-13 00:42:39,85,-0.0018160644531249998,0.07733765888729578,0.0773589786144157,0.442,0.5730646490077822,0.05268895496802829,5.713622489809271,1.2734633087478173,-0.0017679199218749997,0.09490321290914214,0.09491967847252815,0.437,0.25124090167543534,0.10964023033309146,4.60389254401528,1.2617898066037636,-0.0021681152343750003,0.10191763443080445,0.1019406932075735,0.667,1.169472210531369,-0.0244820597974235,6.543020054237246,1.2941134811193868,-0.0028788085937499997,0.056087460999701626,0.05616129290100522,0.366,0.22584998258837485,-0.035452693890053476,6.516943985693908,1.259825929233805
2004.02.13.00.52.39,2004-02-13 00:52:39,86,-0.002742236328125,0.07684285540653787,0.07689176995692955,0.403,0.26313045713724614,-0.013550677377818133,5.241133091691582,1.262332552337553,-0.0019760742187499994,0.09392630928549514,0.0939470938630488,0.745,0.2962981014032273,0.1531277776464533,7.9299951639379325,1.2534668269618203,-0.0024950683593750003,0.10360329412621938,0.10363333401913631,0.889,2.5184058199803925,0.03445096570363803,8.5783209467703,1.3125534123260363,-0.00354931640625,0.054836902256984524,0.054951646891551395,0.229,0.1601230199915924,0.022534766482679967,4.167300034736682,1.2630435881384157
2004.02.13.01.02.39,2004-02-13 01:02:39,87,-0.0018522949218750002,0.07489928008879171,0.07492218065631082,0.359,0.44095646881747097,-0.004973227870961808,4.7916384287696365,1.272446438998239,-0.0012126464843750001,0.09388527295981147,0.093893104061131,0.474,0.17949858653617934,0.09452676520132369,5.048294065253107,1.2601870564836848,-0.0016245117187499998,0.10174121019675678,0.10175417873790246,0.691,1.3816161665210807,-0.015209914173645403,6.790875898864771,1.2959252643261088,-0.0027277832031249996,0.05576603144612205,0.05583270604630519,0.237,0.08637981761330504,-0.042095143498828216,4.244823809962616,1.2591093050430606
2004.02.13.01.12.39,2004-02-13 01:12:39,88,-0.0015585937499999999,0.0776150336067212,0.07763068115281484,0.452,0.6069125322892983,0.05105431945917983,5.822440216777755,1.275976037079736,-0.0013539062499999999,0.09585148192022756,0.09586104343495067,0.601,0.23521227677143708,0.11488124339258633,6.269491531331246,1.258173737713146,-0.0008954101562499998,0.10565905053237079,0.10566284455166822,0.94,1.8648148562940632,0.13594717929132047,8.896220842704533,1.304281429336644,-0.002921240234375,0.0565393106644832,0.05661472683782794,0.239,0.154748061201464,0.02593550202485969,4.221516438374983,1.2624295744414362
2004.02.13.01.22.39,2004-02-13 01:22:39,89,-0.00193974609375,0.07776034071566805,0.07778453061583003,0.374,0.42031091089811445,-0.014118265366716651,4.808153974048495,1.2711269884556817,-0.0016271484375,0.09529403994016936,0.09530793073063883,0.466,0.14501104288491007,0.09417640967249089,4.8894147258009255,1.257871042293742,-0.0015527832031250002,0.1052906248009039,0.10530207408517947,0.642,1.0177974456419454,0.022708482004579655,6.096746009776431,1.2870709476583144,-0.0028441406250000003,0.05532439424413271,0.05539745241773308,0.259,0.175120593671362,-0.0010298189270264374,4.6753052477390185,1.263570601007673
2004.02.13.01.32.39,2004-02-13 01:32:39,90,-0.002697802734375,0.07854299264982698,0.0785893111942354,0.393,0.3801399430969181,-0.04865005906612907,5.000680041954954,1.2664275404203624,-0.00158720703125,0.09546984610874498,0.09548303902886365,0.474,0.2413092544930282,0.16092361515442777,4.964232441917921,1.2619875648492562,-0.001394189453125,0.10337599302079,0.10338539402287746,0.701,1.2099423024855387,-0.04388158207912035,6.780454885579682,1.2944197513102824,-0.002969873046875,0.05476985335480934,0.05485031433293592,0.21,0.08961268691209856,-0.01673509772171048,3.828601577838205,1.2588340789641497
2004.02.13.01.42.39,2004-02-13 01:42:39,91,-0.002597265625,0.07594613449074082,0.07599053317889341,0.376,0.34643963555082724,-0.019641247862199826,4.947984759033577,1.2653103013614522,-0.00078876953125,0.09467346436222414,0.09467675011172885,0.649,0.23831540216891778,0.17308125705417884,6.854903650939745,1.2578836470105699,-0.0009127929687500001,0.10454852908576093,0.10455251371918324,1.26,2.2098177515766784,-0.025644570224322406,12.051360174698658,1.290448166553088,-0.00278740234375,0.05554181822525985,0.055611718042097476,0.261,0.12164112550181283,0.007418725570535322,4.6932554718490405,1.257519631908963
2004.02.13.01.52.39,2004-02-13 01:52:39,92,-0.0018339355468749998,0.07668904663489619,0.07671097179256287,0.386,0.358155992917113,-0.005701541338311308,5.031874723785245,1.2663463688492405,-0.0009106933593749998,0.09500361620845447,0.09500798100727184,0.488,0.210906030654741,0.13194492664992535,5.136410592312753,1.260621803782278,-0.00080283203125,0.10486892624223035,0.10487199926800647,0.754,1.1248418565844922,0.05630558688695882,7.189717038511961,1.2837334824853754,-0.0023272949218749997,0.05495436456437959,0.055003622483688515,0.347,0.21329323372892883,-0.02145790819128139,6.308675398659495,1.263754585314017
2004.02.13.02.02.39,2004-02-13 02:02:39,93,-0.0020482421875000004,0.07501633557018661,0.07504429291050385,0.425,0.3535492935283626,-0.023618485785142994,5.663322066434093,1.2642407342146416,-0.0018546386718750001,0.094478330295761,0.09449653210609438,0.471,0.18549291192103778,0.12395156396002674,4.984309894792676,1.259700345134223,-0.00220361328125,0.10288518207239174,0.10290877805883471,0.759,2.0359582219139076,0.0242483480347382,7.375464117998435,1.3038064126191389,-0.002729345703125,0.055448408577971904,0.05551554144378739,0.254,0.13645470635752233,0.030703335507836427,4.575295374849029,1.25873735129445
2004.02.13.02.12.39,2004-02-13 02:12:39,94,-0.0017783203125000002,0.07822606699390491,0.07824627774193958,0.403,0.5428820813815229,0.023891274306346494,5.150404742946567,1.2726589336041925,-0.0016877929687500002,0.09565624891483639,0.09567113776663524,0.588,0.28848513791388886,0.09409273094214467,6.14605421997042,1.2625897811127458,-0.0025396484375,0.10562727110295737,0.10565779770014018,0.818,1.9717838763178568,0.05065208960058477,7.741974731685276,1.3027272785225514,-0.00268662109375,0.055250970692026016,0.05531625163830699,0.242,0.12856792492389335,-0.013884519674657227,4.374844513730805,1.2591073853648995
2004.02.13.02.22.39,2004-02-13 02:22:39,95,-0.0017624023437499998,0.07743030001138924,0.07745035456261644,0.42,0.5008486498061995,0.021631831526954554,5.422828628375636,1.2763905186587254,-0.00108779296875,0.09562781658133468,0.09563400335474956,0.432,0.17867116626312152,0.12248360028057373,4.517221750066423,1.2574986893975766,-0.0010291015625,0.10208069644498322,0.10208588363098373,0.61,0.9506236922757085,0.023704996951366766,5.975360924581947,1.2905082710805473,-0.0031416015625,0.05529309041313388,0.055382267088053556,0.278,0.15016475958702813,-0.060070129369620494,5.0196572769042005,1.2581880311702969
2004.02.13.02.32.39,2004-02-13 02:32:39,96,-0.0017580566406249997,0.07829629476519134,0.07831602988602891,0.437,0.5366345309682168,-0.003735698301746257,5.579955989035114,1.2739583526800828,-0.00124619140625,0.0956148806693628,0.09562300140885299,0.549,0.20572392292925823,0.10490053706392226,5.741296465404321,1.2591195936922532,-0.001989306640625,0.10308837622829473,0.10310756836574546,0.618,1.0837880960576625,0.06521806718151925,5.993740418819855,1.289144387293717,-0.002867333984375,0.055985528676727465,0.05605890674451852,0.227,0.09736469118853952,-0.014754736626676085,4.049311932437859,1.2599760645916738
2004.02.13.02.42.39,2004-02-13 02:42:39,97,-0.00236171875,0.07652371351325286,0.07656014919860397,0.444,0.3892193620919868,0.010592670221423423,5.799361739071638,1.2682000837841805,-0.00148994140625,0.09619592888871228,0.0962074667588553,0.515,0.2178828622115665,0.09973861166962648,5.3530148682830525,1.2592777421284993,-0.0018703125,0.10197254234395572,0.10198969291520345,0.698,1.0717727888102022,0.010003028212520155,6.843828822784407,1.286730062775437,-0.002738720703125,0.055952600482079014,0.056019586679989665,0.325,0.27267496335437746,0.021075475862056353,5.801542268716717,1.2614873714012584
2004.02.13.02.52.39,2004-02-13 02:52:39,98,-0.00202060546875,0.0776539195149843,0.0776802038005823,0.381,0.45086148262336545,0.01200084189118508,4.904724516146854,1.2719452217110043,-0.001830859375,0.09488525041816417,0.0949029124577784,0.471,0.1662380512119377,0.12153359317213361,4.96296676047265,1.257075142797927,-0.002179736328125,0.1016598176514717,0.10168318334607068,0.957,1.7701490091350562,0.013868786155973431,9.411585755954611,1.2999547396887228,-0.00261923828125,0.056338778387546126,0.05639963084431493,0.286,0.18481702861007143,0.008160443402319017,5.070955176807309,1.256769791868304
2004.02.13.03.02.39,2004-02-13 03:02:39,99,-0.00191845703125,0.07569132158473815,0.07571563009461785,0.396,0.39253390254036136,-0.012775323005232134,5.230095813838433,1.2652612469526416,-0.002280810546875,0.09526371345121336,0.09529101320305931,0.4,0.12525996455390453,0.09678502816542178,4.1976676137090125,1.2565731925113077,-0.0016276855468749997,0.10334957273584816,0.10336238941182559,0.964,2.412364177060873,0.13971282191120407,9.326409784889412,1.3053438329754892,-0.00266728515625,0.055808711238045074,0.055872414125006716,0.244,0.14665857199529597,-0.023687644615531384,4.367092487789844,1.2620434611627696
2004.02.13.03.12.39,2004-02-13 03:12:39,100,-0.0017819824218750003,0.0779258334891341,0.07794620572117751,0.388,0.524863236850583,0.032964975957209916,4.977792009375291,1.2758815129656882,-0.0018854980468750002,0.09484306025617191,0.09486180043431931,0.417,0.13209353288788916,0.09103044284717025,4.395868495967707,1.2590655840928433,-0.001456591796875,0.1025740465702236,0.10258438813705098,0.718,1.2515653595283167,0.04663765036107034,6.999115684550015,1.2912856869197107,-0.00285546875,0.055292008999088406,0.055365692996091904,0.276,0.16821766511146707,-0.004018229856023817,4.985036492173629,1.2598575050609901
2004.02.13.03.22.39,2004-02-13 03:22:39,101,-0.0024901855468750004,0.07655343633445863,0.07659392690463046,0.381,0.4165630099460307,-0.06115951499883137,4.974284716781726,1.269058299339949,-0.0011771484375000002,0.09514532400980666,0.09515260563628829,0.566,0.17228583009531473,0.15922448379159632,5.948339472315458,1.2564315689433811,-0.0011845703125,0.10229826573349615,0.10230512391325397,0.764,1.2532962430208165,-0.020183636682474266,7.467856650540856,1.2905887810316787,-0.0027039550781250005,0.05571643822305593,0.05578201198709244,0.232,0.06420200309847868,-0.010359821587407054,4.159046827742304,1.2553396870436662
2004.02.13.03.32.39,2004-02-13 03:32:39,102,-0.0017874023437500005,0.07637900854794992,0.07639991985536536,0.469,0.44537412567743395,-0.04788269964002146,6.1387498951291555,1.2695403203630777,-0.0009681152343750001,0.09551087915047216,0.09551578551843211,0.415,0.1352595691746914,0.11145611190441643,4.344831566295558,1.2591901864858777,-0.0015011230468749998,0.10416620113873917,0.10417701680350673,0.92,2.245129029189944,0.09391095662946472,8.831122528064478,1.3027223810925894,-0.002679296875,0.055211615989125114,0.05527658791816839,0.237,0.058774744061125705,-0.021528052932095202,4.287529475423762,1.2563697429295366
2004.02.13.03.42.39,2004-02-13 03:42:39,103,-0.002054833984375,0.07660424736225324,0.07663180186215528,0.371,0.40077975051760584,-0.018045275410609688,4.841332070820311,1.2716343323571941,-0.0015270019531250002,0.09609485646413796,0.09610698816333871,0.488,0.09720599361831805,0.15867537190949701,5.077674468069056,1.2536591023847306,-0.001918115234375,0.10121419787522788,0.10123237139165576,0.776,1.2542307546283435,-0.020734477495290893,7.665532174463741,1.2897439945486822,-0.002785498046875,0.05548556025773941,0.0555554353460071,0.266,0.09090578441363784,-0.013877093757528053,4.788010360162142,1.2583100985349907
2004.02.13.03.52.39,2004-02-13 03:52:39,104,-0.00187197265625,0.0772601424092203,0.07728281753869194,0.437,0.5316575196159734,0.04180555990428891,5.654555746252577,1.2736725361821586,-0.001222314453125,0.09579854319883109,0.09580634076949512,0.488,0.21094814248876714,0.12932134260339617,5.093608586660267,1.261868794457399,-0.0022306640625,0.10165053884754631,0.10167501123755163,0.654,1.2569894540156241,-0.031075140437859656,6.432258939927791,1.2944806920201875,-0.0032270996093750003,0.05577294964492686,0.055866233844643357,0.237,0.14440205366175984,-0.0046145130127011194,4.242276303411929,1.2635385438382956
2004.02.13.04.02.39,2004-02-13 04:02:39,105,-0.0021708496093750004,0.07761026090357094,0.0776406155665118,0.425,0.44220633809167786,-0.002657138132887251,5.473939083287129,1.268776192571538,-0.0013103515624999999,0.09659159892396907,0.09660048656143638,0.464,0.1964209302814739,0.09122376373286963,4.803288435870386,1.2639987405733912,-0.0013259765625000001,0.10270502593623133,0.10271358511125123,0.637,1.193934293652962,0.043797286520524836,6.201711285902951,1.2891917773355548,-0.0029814453125,0.05609471140768149,0.05617388774210398,0.264,0.08465540544106132,0.019911307987675403,4.6996925192721575,1.2590631139226218
2004.02.13.04.12.39,2004-02-13 04:12:39,106,-0.0013720703125,0.07680829639898158,0.0768205504579097,0.425,0.43609996973448073,-0.0015293163511521748,5.532373791474708,1.271768831686442,-0.0019088378906250002,0.0946254713290002,0.0946447224430825,0.461,0.2001694892577559,0.10743408971578221,4.870847397510585,1.2559515973347755,-0.00204716796875,0.10256351891341031,0.10258394761654355,0.898,1.783690580316076,0.053481058482632425,8.753806232498514,1.2997713695246724,-0.002409521484375,0.05525315245854267,0.05530566562650363,0.254,0.15073419688909517,0.020153688878368364,4.592657861047023,1.2605883161151032
2004.02.13.04.22.39,2004-02-13 04:22:39,107,-0.0017638183593750001,0.07604144332532264,0.07606189688801565,0.42,0.4773209140232173,0.016751148389582887,5.521818639605547,1.2712125302994692,-0.0014782226562499996,0.09549941669061282,0.09551085661048565,0.513,0.2711515130004951,0.13436532735329296,5.371117150504965,1.2609701833781233,-0.0014521484374999997,0.10469303835757403,0.1047031089109822,0.798,1.870874263480986,0.03472982559968168,7.621550193685784,1.3019311551683426,-0.003008837890625,0.05489070701688551,0.054973109992664825,0.242,0.13623808339995946,0.03443596235450577,4.402152252843082,1.259926937564586
2004.02.13.04.32.39,2004-02-13 04:32:39,108,-0.0017526855468749998,0.0760203773412639,0.07604057915175538,0.369,0.44794546568858795,0.03584341394833119,4.852672140536711,1.2700291885489818,-0.0016619628906249996,0.09499365746947694,0.09500819480485947,0.532,0.2539670358570585,0.11422430975439679,5.599516979484693,1.2618345668515043,-0.0017649414062500003,0.10237737530343316,0.10239258758419723,0.884,1.8875397548532407,-0.053393770366755855,8.633437447540707,1.2985823926142186,-0.0028142089843750002,0.05508924225797527,0.055161076718693816,0.259,0.08126774860451613,-0.0009320199567963459,4.69533981943152,1.256389387907253
2004.02.13.04.42.39,2004-02-13 04:42:39,109,-0.0017675292968750002,0.07733958012969694,0.07735977517064747,0.381,0.418356203515617,0.03500325002144158,4.9250401666700085,1.2673236577230016,-0.0016310546875,0.09457197992623864,0.09458604403696404,0.461,0.09188831343807902,0.145033265097773,4.873869128302291,1.2542797455837658,-0.00184541015625,0.10366193470820888,0.10367835958431128,0.764,1.8538444590521843,-0.029715815434879982,7.368943751262914,1.2990685885667426,-0.00252431640625,0.05681665099763789,0.056872699987834674,0.276,0.2509696888736035,0.02255468009601497,4.852943504687445,1.2643014644594635
2004.02.13.04.52.39,2004-02-13 04:52:39,110,-0.002118603515625,0.07647438708791138,0.07650372776099296,0.361,0.47653814406220185,-0.005769643314559983,4.71872431011216,1.2729850338153776,-0.0011331054687499999,0.09552087702171023,0.0955275974522546,0.474,0.19030745470650778,0.1544776050396076,4.961916897752073,1.2589301797671937,-0.00031547851562499995,0.10322480272267079,0.10322528480865589,0.774,2.0678084004142665,0.1441621346978079,7.4981628913374205,1.3020050199707167,-0.0030456054687499996,0.05550707188742908,0.055590563427505395,0.269,0.14326809960030973,0.03410724016064342,4.838950775355926,1.2618395555503579
2004.02.13.05.02.39,2004-02-13 05:02:39,111,-0.00132509765625,0.07626393747486522,0.07627544849405181,0.364,0.38783638352976846,-0.02038468357291256,4.7721777739318805,1.268352897221192,-0.00202861328125,0.09329435660450683,0.0933164093077619,0.437,0.11723569095026765,0.12337763842552886,4.68299201867866,1.257148762219076,-0.000873974609375,0.10317897208108973,0.10318267350349149,0.908,2.09586016854072,0.024944609826152053,8.79992705334656,1.3023161450257117,-0.00234873046875,0.05472404375761321,0.05477442377606541,0.242,0.051225015559671405,-0.03385633158652364,4.4181204167362855,1.2555657520810652
2004.02.13.05.12.39,2004-02-13 05:12:39,112,-0.001445849609375,0.0779639045172761,0.07797731008871667,0.417,0.4254419235589375,-0.009992832870421926,5.347709475045613,1.2721770580924037,-0.0019588378906249997,0.09650028596043836,0.09652016492074662,0.508,0.22787340025268632,0.13542237686765082,5.263148901756668,1.2599828904590356,-0.0012213378906250003,0.1051606786946649,0.10516777077491765,0.662,0.952112637711958,0.08740913034508073,6.29470412011325,1.2857486208611075,-0.0032545410156249997,0.05653126644454809,0.056624871947288984,0.229,0.08426576660459828,-0.040030832709190334,4.0441592559038675,1.2581762191489958
2004.02.13.05.22.39,2004-02-13 05:22:39,113,-0.002102587890625,0.07603626725856104,0.0760653325402126,0.413,0.4506324194814031,-0.021145094206746356,5.42954308103056,1.2713737013812536,-0.0016078613281250002,0.09495182262516157,0.09496543496394161,0.53,0.18394272384002397,0.08978348563814446,5.580977965311707,1.2590604674264116,-0.00211015625,0.10217189471046127,0.10219368291692496,0.627,0.9713711644448337,-0.06277649252403182,6.13540858988025,1.2860080285467066,-0.0027189453125,0.055302978633728524,0.055369776136218934,0.249,0.0466431414979076,-0.005309882703252048,4.497038228715577,1.2589320973927758
2004.02.13.05.32.39,2004-02-13 05:32:39,114,-0.001947705078125,0.07678033455909639,0.07680503453601284,0.374,0.478355256237021,0.031109307200748833,4.8694724539787355,1.2726652070470903,-0.0015183593749999997,0.09610461145346175,0.09611660500565186,0.444,0.23253555421140115,0.14419480972075316,4.619389126092123,1.2620860697776295,-0.001278662109375,0.10159659828446853,0.10160464438088264,0.835,1.825469462174052,-0.001243028044754147,8.218128266556965,1.2996077917395943,-0.00306328125,0.05466106503389454,0.0547468329920211,0.271,0.1345572311237233,0.004835991132927467,4.950058025082401,1.25842922910083
2004.02.13.05.42.39,2004-02-13 05:42:39,115,-0.0018841796875,0.07548887260011546,0.07551238321978224,0.408,0.3984273331430592,-0.027523553818598792,5.403087316321316,1.2692198417191702,-0.0015609863281250001,0.09405881165631975,0.0940717637153446,0.396,0.14905640297438927,0.09272138815102587,4.209552201001267,1.2586240778894628,-0.0013930664062499997,0.10372818666947657,0.10373754066754234,0.784,2.0297368243466565,0.05640742926452458,7.557534089925653,1.3020198396004652,-0.002704541015625,0.05558076154208331,0.05564652366233784,0.247,0.14064523072320956,0.029865892738170943,4.4387319053170655,1.2627696886343482
2004.02.13.05.52.39,2004-02-13 05:52:39,116,-0.0015486328125000003,0.07893320627478842,0.07894839654107137,0.452,0.5276336298870343,0.05883137513247764,5.725258774126663,1.2678077859247636,-0.0005879394531250001,0.09537488573598704,0.09537669789814032,0.444,0.19421909885881572,0.16392291561724034,4.655225120858972,1.2603567615366738,-0.0009831542968749998,0.10380248606226472,0.10380714187895804,0.564,0.961825220984299,0.029528652782212637,5.433152187714015,1.2872739538216167,-0.003294287109375,0.05604679760744927,0.056143529009222204,0.244,0.20068411952223553,-0.01769887541935046,4.346003970643175,1.2612800537377273
2004.02.13.06.02.39,2004-02-13 06:02:39,117,-0.0014791015624999997,0.07720121432298076,0.07721538210988145,0.388,0.48623241964420183,0.0059385764986372306,5.024905522682722,1.2722212595417315,-0.0012732910156249997,0.09530022446313494,0.09530873020208787,0.444,0.21069403170332057,0.09248212349211127,4.658544910403953,1.2621134346935596,-0.0015818359375000001,0.10447381756586471,0.10448579215242018,0.659,1.1842499453626454,-0.009535429526345745,6.307077607629888,1.2901735952113336,-0.0030880859375,0.055159071764296984,0.05524544752878965,0.295,0.20071876863724114,-0.010481509256912817,5.339806503445716,1.2598958226317236
2004.02.13.06.12.39,2004-02-13 06:12:39,118,-0.00217138671875,0.07772789904953778,0.07775822278664489,0.393,0.5105274416299461,-0.025183035895984023,5.054127858327266,1.2716590081789927,-0.001573828125,0.09701376361454059,0.09702652866935414,0.461,0.16619341203012183,0.10916043047191568,4.75127788577277,1.259686981934462,-0.0021435058593749995,0.10286229589035017,0.10288462729292032,0.625,1.1146395687269806,0.07816670529850314,6.074765652020857,1.2884335477947366,-0.002871142578125,0.056433638150534406,0.0565066277051584,0.254,0.22013314675897222,-0.0030775514032447076,4.49504793181655,1.2617721041006096
2004.02.13.06.22.39,2004-02-13 06:22:39,119,-0.00113837890625,0.07726495728799573,0.07727334295376381,0.417,0.6148985783371206,-0.025768231835504068,5.396427591459453,1.2735020413050826,-0.000979736328125,0.0952790834326938,0.09528412051882976,0.53,0.22196791006679595,0.12249439291056857,5.562311926836362,1.2641956901057159,-0.0017170410156250003,0.1040116052467706,0.10402577688178721,0.73,1.2394721520612686,-0.04348913708960409,7.017491451465507,1.2934185578919901,-0.002857861328125,0.055504834756655054,0.05557835957217859,0.286,0.17849339256937258,0.009044753872654047,5.145887755621449,1.2600444839945864
2004.02.13.06.32.39,2004-02-13 06:32:39,120,-0.00199541015625,0.07666411801261451,0.07669008183816046,0.422,0.4040831221348409,0.020313258117192045,5.502667227432996,1.2657393111307154,-0.00146103515625,0.09600111309831752,0.0960122301576406,0.618,0.30725136714924384,0.1296759429210746,6.436679983220032,1.2617040752920037,-0.0012791015624999999,0.10138186403999515,0.10138993272032115,0.781,1.7440357477361763,0.08780090931464725,7.702934394426988,1.298903324791964,-0.0028823242187500002,0.0556131081044344,0.0556877507710403,0.254,0.08637824734027344,0.011210827951280932,4.561146688152638,1.2588747530684772
2004.02.13.06.42.39,2004-02-13 06:42:39,121,-0.002104736328125,0.07809946968492933,0.07812782526141454,0.405,0.5378888733945146,-0.03198501257192973,5.183812535993112,1.275471936529845,-0.0012438476562499998,0.09596451681501497,0.0959725775653194,0.471,0.18776261503834668,0.1149139811939248,4.907651872530308,1.2616800687467928,-0.0012179687499999999,0.10447978997424107,0.104486888942764,0.688,1.3143933914547903,0.03741310878397696,6.584558186787183,1.291927270193006,-0.0026850585937500003,0.05453388990204283,0.054599951350710926,0.278,0.19082363562011517,0.011344376472417516,5.091579628236799,1.2639420499001464
2004.02.13.06.52.39,2004-02-13 06:52:39,122,-0.00153115234375,0.0778033027084582,0.07781836762515486,0.437,0.4002455766738815,-0.015359631777634424,5.615640797105841,1.2672791882925236,-0.001337158203125,0.09465692083644328,0.09466636495766,0.566,0.23122963116486783,0.10070820173390266,5.97889229456678,1.259359224425329,-0.0018711425781250002,0.1055047750847643,0.10552136627353902,0.891,1.9353715754189027,-0.005003814378438209,8.443787561376856,1.3024118048646613,-0.0027479492187500003,0.05565303406708767,0.05572083475488545,0.261,0.12897822634075595,0.008135999974520823,4.68406478740192,1.260201311681487
2004.02.13.07.02.39,2004-02-13 07:02:39,123,-0.0016061035156250004,0.07916833869305943,0.07918462868462461,0.381,0.45079434863515155,-0.020519835462744093,4.811539895166286,1.272909884970469,-0.0013494140625000001,0.09617020017656419,0.09617966687565778,0.43,0.2414269075610198,0.09055937481724502,4.470799431608649,1.2632316110756425,-0.0013369628906249997,0.10231078897161686,0.1023195240888347,0.732,1.2156847443136645,0.029457333381655213,7.154059858258051,1.2932183478922739,-0.002831787109375,0.055625012950574246,0.055697047354275206,0.249,0.14379564867009798,0.007730128910903873,4.470614006092141,1.257581570159118
2004.02.13.07.12.39,2004-02-13 07:12:39,124,-0.0017756835937500002,0.07637200647852678,0.07639264641168841,0.366,0.3466352920025497,0.010150521142345792,4.791037059085315,1.2659906704855275,-0.0015731445312499998,0.09381061020682868,0.09382379959846943,0.437,0.17271513005202976,0.12798486221022823,4.657666837947255,1.2618327992996126,-0.0018272949218749997,0.10247029679712247,0.10248658806117938,1.008,1.475278685668326,0.04863128813314925,9.835433290044492,1.2892511226791297,-0.002866748046875,0.05448172865822874,0.05455709854778868,0.249,0.12409226762400571,0.01423663536402651,4.564025702024664,1.2565599954326343
2004.02.13.07.22.39,2004-02-13 07:22:39,125,-0.00248662109375,0.07709862999292605,0.07713871940374692,0.43,0.44450532856111025,-0.030033011897872507,5.5743730687226485,1.273006424970779,-0.00169365234375,0.0969596233153639,0.0969744142117845,0.542,0.2914566197696522,0.15344057624623136,5.589103109365679,1.2622077959666942,-0.00173076171875,0.10335141797133414,0.10336590894880429,0.901,1.9874480323671087,-0.06695187037219519,8.716606946747335,1.3035740198698182,-0.0027053222656250003,0.05492149076140176,0.05498807976294158,0.266,0.09870970522130129,0.02001165864373774,4.83741205633565,1.2583914190310872
2004.02.13.07.32.39,2004-02-13 07:32:39,126,-0.0023670410156250003,0.07616066037723133,0.07619743481420897,0.376,0.3380137985962999,-0.014486936382795013,4.934549318055063,1.265464066790035,-0.001174853515625,0.09470035619445921,0.09470764353599252,0.457,0.16540893140054358,0.12234851499308297,4.825376104161251,1.2609830088365284,-0.0006238769531249999,0.10166591170947731,0.10166782591445474,0.754,1.6666944162095083,-0.07126245048862602,7.416308878626264,1.2999206962904069,-0.0030797851562499997,0.05392989500949443,0.05401776237816362,0.229,0.05249837340102337,-0.014126098042268442,4.239346280151952,1.2545716311652626
2004.02.13.07.42.39,2004-02-13 07:42:39,127,-0.002093212890625,0.07631986587115701,0.07634856558440947,0.374,0.4714581263449671,0.02541112143439293,4.898585810188051,1.2729785300747007,-0.00135302734375,0.09468860705115645,0.0946982734176355,0.466,0.1989234580689816,0.13376922558074666,4.920892252648163,1.2610640315081725,-0.001751416015625,0.10227146241431226,0.1022864579620483,0.681,1.1898615178571497,-0.07792430829148184,6.657772823189106,1.2913468037371088,-0.0033174804687499996,0.05537461543231666,0.05547390116926607,0.283,0.2183745465294229,0.0116447119786742,5.1014980744997445,1.2627098348255144
2004.02.13.07.52.39,2004-02-13 07:52:39,128,-0.0018363769531249997,0.07633001267470356,0.076352099612482,0.4,0.3800510420069867,-0.009118172885072455,5.238886710780227,1.2681684402611382,-0.0019770507812500006,0.09506670078599215,0.09508725639182676,0.427,0.25454028972381604,0.13648267695685656,4.490612267120821,1.262320581851484,-0.002614453125,0.10458464250241131,0.10461731602607668,1.094,3.7012458944798485,0.06151175296015806,10.45715988094468,1.3180588358199168,-0.0026863281250000003,0.05569288386391779,0.05575763330589813,0.295,0.12343909709190815,-0.010574088089461283,5.2907554088884625,1.2584902852252042
2004.02.13.08.02.39,2004-02-13 08:02:39,129,-0.0016100585937500003,0.07495282172648467,0.0749701125345127,0.347,0.33857833031049767,-0.005885893413835136,4.628511126220566,1.2651473666095532,-0.0016457519531249995,0.09421947318607715,0.0942338454428828,0.598,0.22535870248056522,0.11837345758809313,6.3459152832987265,1.2575262282603814,-0.0012008300781250001,0.10142031368817514,0.10142742243340493,0.991,1.9582957176332005,-0.043853493610513286,9.7705332169973,1.299890182856604,-0.0027947265624999997,0.05501638384810571,0.055087321483997115,0.244,0.12014276895640386,0.023075526822943008,4.429331349335656,1.258663968271189
2004.02.13.08.12.39,2004-02-13 08:12:39,130,-0.0024621582031249998,0.07595488505746131,0.07599478131496513,0.332,0.24450732740910075,-0.028211285443517607,4.3687210391988,1.2643808101718332,-0.00102392578125,0.09624704547930026,0.09625249185086067,0.547,0.28529601157945317,0.1349098502432902,5.682969754669358,1.2639870687734451,-0.0008783691406250001,0.10459751170071362,0.10460119973656194,0.671,1.176837349738709,0.042931608717066826,6.414840381275866,1.289327949441676,-0.002849560546875,0.055033193772477604,0.05510691800590353,0.22,0.06803798461231292,-0.020426189905714178,3.99223923167744,1.2572335937769423
2004.02.13.08.22.39,2004-02-13 08:22:39,131,-0.0021155761718750004,0.07634582203722166,0.07637512818370995,0.464,0.6446447698043443,0.03505867031403006,6.075276219293686,1.275392158786432,-0.0018958007812499996,0.09518857097817239,0.09520744774159608,0.449,0.17466713571420245,0.1323917311126075,4.716017608398006,1.261699796784478,-0.0012538574218750001,0.1056505690194981,0.10565800912651216,0.845,1.8029677459203706,0.011117645318056353,7.9975006815452945,1.2961136685598174,-0.0031810546875000005,0.055245641376267265,0.0553371484628545,0.251,0.0776550893301664,0.010912838400902366,4.535831841217582,1.2584417291860637
2004.02.13.08.32.39,2004-02-13 08:32:39,132,-0.001406982421875,0.07614566658147008,0.0761586642390206,0.364,0.3468116029579775,-0.03312087227838003,4.779495591697907,1.268201600662784,-0.0015356445312499998,0.0942467526741566,0.09425926264166297,0.488,0.15063873084925294,0.1309688469417991,5.17721003033077,1.2566854447684421,-0.0011072753906250002,0.10216907405454177,0.10217507402470098,0.901,1.5032980293471923,0.035209805473337956,8.818197672968477,1.2928543415951936,-0.002893798828125,0.05479879479298991,0.054875149042365935,0.247,0.1389096459014194,-0.04637074355842957,4.5011267269507655,1.2586987810954384
2004.02.13.08.42.39,2004-02-13 08:42:39,133,-0.0022353515624999997,0.07671784801069455,0.07675040716504376,0.386,0.4102122577509033,-0.0007493083957233779,5.029289280120002,1.267591004993513,-0.0012733886718750002,0.09499429061195448,0.09500282505051165,0.408,0.08355918914735794,0.09947712420107953,4.294609131708159,1.2561602751348728,-0.0020176269531249997,0.10591664862932856,0.10593586397151168,0.71,1.2690827344473945,0.003298789103512565,6.702168400598814,1.2912648973813983,-0.002666259765625,0.05476104870568664,0.05482591902088259,0.239,0.14326785145032161,0.010390328780918733,4.359252052099072,1.2600731707988955
2004.02.13.08.52.39,2004-02-13 08:52:39,134,-0.001742041015625,0.07773648715807786,0.07775600390052285,0.444,0.5009742049448347,-0.04048983729366075,5.71016998980595,1.2744937336542488,-0.0008250488281249999,0.09593000127197218,0.09593354913485362,0.562,0.20722599760155935,0.0745467618295015,5.858221707298639,1.258577703963134,-0.0010413574218750003,0.10355849748278399,0.10356373316065752,0.823,1.248480100314671,-0.060168527003592584,7.946797347709427,1.2913962063558726,-0.00295087890625,0.05542821343801953,0.05550670708346875,0.229,0.09597403778065505,0.02142602276133262,4.12562755084064,1.2584882795624872
2004.02.13.09.02.39,2004-02-13 09:02:39,135,-0.0019155273437500002,0.07826863791312964,0.07829207447616425,0.403,0.5043214057082972,-0.010466708749160943,5.147392027818754,1.2733067292578992,-0.0016951171875,0.09506282521510126,0.09507793729439155,0.457,0.25194561368002377,0.14725265495189052,4.806583030771719,1.2635646947368706,-0.0019282226562500001,0.1046270348908167,0.1046448014602553,0.913,1.5723267802826166,-0.0316642811239718,8.724752565436924,1.2931521461001518,-0.003103125,0.05480693128425341,0.05489470923105887,0.244,0.077703423925779,-0.009838379002098194,4.444872801365477,1.259058604150057
2004.02.13.09.12.39,2004-02-13 09:12:39,136,-0.0018154296875000004,0.07768923353990882,0.0777104419815558,0.396,0.36575096348616176,0.030043316262472138,5.095840274515344,1.2671176073578057,-0.0011883300781250002,0.09656360249443652,0.09657091412572485,0.422,0.14933644013016378,0.13109421570411556,4.369845763814577,1.259617677498744,-0.0016818847656249996,0.10466685815135458,0.10468037032624897,0.847,2.0357883427908776,-0.002143229487777661,8.09129732117132,1.3010188474163724,-0.003116064453125,0.05589052807633951,0.05597732564465834,0.242,0.16007501858251771,0.0022841950678487172,4.3231790231674445,1.2598098543860354
2004.02.13.09.22.39,2004-02-13 09:22:39,137,-0.0015111816406250002,0.07646021146629738,0.0764751437227932,0.361,0.41434414199598857,-0.013216609424075269,4.720488022991515,1.27142888502165,-0.0006187500000000003,0.09609167203037812,0.09609366412597789,0.396,0.1752988416575394,0.13155988396477405,4.120979292462485,1.2625230733354806,-0.00028793945312500006,0.10254583031737911,0.10254623457060419,0.72,1.1975909535207503,0.07838782941596129,7.021223187910154,1.285623440299501,-0.0029604003906250004,0.05545594345327481,0.05553490465253025,0.271,0.18766031512630166,-0.030162465926929612,4.879813906147634,1.2623852717541675
2004.02.13.09.32.39,2004-02-13 09:32:39,138,-0.002109033203125,0.07777577431787479,0.07780436422076126,0.417,0.6014461458186253,0.012227310541524709,5.359596523619276,1.2713851610271965,-0.000872216796875,0.09665808795116358,0.09666202319688755,0.505,0.25860370850175096,0.10004207159528193,5.224388889226774,1.2598961191750226,-0.001405615234375,0.10350890368609489,0.10351844713134165,0.645,1.269373626608064,-0.027114942389283574,6.230773527559199,1.292873471538884,-0.00307744140625,0.056121652695426724,0.05620596540292676,0.229,0.08708934664988277,-0.018588824374360154,4.074300625536013,1.2586883327595615
2004.02.13.09.42.39,2004-02-13 09:42:39,139,-0.0015700683593749998,0.07519706579186627,0.07521345503538163,0.344,0.30698502024013896,0.005750047966008044,4.5736497524037,1.2663811357394381,-0.0009936523437500003,0.09516087765194534,0.0951660652778539,0.42,0.23016186830884067,0.16611932536181645,4.413337871790085,1.2594253410530107,-0.001009375,0.10022147354616986,0.10022655634938402,0.762,1.7157602948617257,-0.010974431959206466,7.60277542953498,1.2991769849219565,-0.0029875976562500003,0.05359680150287067,0.053680004387981844,0.247,0.04564737924990414,-0.001074090722772356,4.601340905540232,1.2530820670282197
2004.02.13.09.52.39,2004-02-13 09:52:39,140,-0.0022875488281250004,0.0767530013997796,0.0767870829209941,0.361,0.41097110395467995,0.014519336533486677,4.701311552249371,1.2705276886599826,-0.0014584960937499998,0.09510430507517532,0.09511548798533023,0.493,0.1143925636888552,0.09257724027596241,5.183172692927107,1.2541560395900375,-0.0017426757812500002,0.10036111601843213,0.10037624483583628,0.618,1.1286349662703108,-0.002702371360749762,6.156835225413433,1.2913485433423375,-0.0030704589843750002,0.055241967444798215,0.05532723276603372,0.249,0.2142686082559102,-0.009771931410216613,4.50049618517818,1.2598067955064298
2004.02.13.10.02.39,2004-02-13 10:02:39,141,-0.0024854980468750005,0.07738122314840568,0.0774211301679611,0.439,0.505432538984969,0.0112191831205412,5.670286639417591,1.2695474197976706,-0.0018167968749999998,0.09542571468190579,0.09544300798611441,0.427,0.20946779685813954,0.1122284438715606,4.473874084753515,1.2594865869968448,-0.00158125,0.10389675680317817,0.10390878897273921,0.762,1.6041066340936254,0.01944356545854399,7.333354642405784,1.3007159864123115,-0.00329853515625,0.055162967347707405,0.05526149926287967,0.234,0.08431012069405863,-0.01590460678239076,4.234412803149965,1.2555140342920073
2004.02.13.10.12.39,2004-02-13 10:12:39,142,-0.0015173828124999999,0.07656727848982116,0.07658231248752874,0.515,0.6014717502352931,-0.04625679727988908,6.7247904022729355,1.2706802860110544,-0.0012400390624999998,0.09499190651378397,0.09500000000000001,0.491,0.11645505668599387,0.09958427807674289,5.168421052631578,1.2547239168848587,-0.001096923828125,0.10403502279088359,0.10404080549949801,0.867,1.9699047242008705,0.016294652576876987,8.333268815418611,1.298896753988862,-0.003212841796875,0.0556726591925752,0.055765287894750215,0.315,0.2664685927397037,0.008544260927318697,5.648675222380666,1.2629989284930514
2004.02.13.10.22.39,2004-02-13 10:22:39,143,-0.0019560546875,0.07675272619891596,0.07677764732593889,0.371,0.2859746134143242,-0.019917278409343136,4.832135561865019,1.266198823379675,-0.00123896484375,0.09610734063091748,0.09611532633784921,0.452,0.1077085362131096,0.09920181616690318,4.702683923802141,1.2562443174720133,-0.0011901855468749998,0.10444182792949688,0.1044486091955782,0.952,1.2527696486758764,-0.027278742195861128,9.114530172607626,1.290245783584629,-0.003181982421875,0.05488150710258651,0.05497367400842311,0.247,0.06124073673858765,-0.019966436094669627,4.49305971367594,1.2546018082456305
2004.02.13.10.32.39,2004-02-13 10:32:39,144,-0.0022375,0.0758783722994405,0.07591135480982077,0.417,0.37370992394611013,-0.045687231352256726,5.4932493438524705,1.268571277678062,-0.001319873046875,0.09460241162227054,0.09461161847051014,0.474,0.18606331937434373,0.07831924391037054,5.0099555177543325,1.260150157141764,-0.0020491210937500005,0.10319429125331692,0.10321463386812574,0.769,0.896473570951168,0.019991392674328857,7.450493899755808,1.281692026588515,-0.002798828125,0.055499725141789746,0.05557025220104278,0.3,0.28185395174268857,-0.0379189435469161,5.398571863857232,1.2645291511322823
2004.02.13.10.42.39,2004-02-13 10:42:39,145,-0.0016579589843749999,0.07586668476711636,0.07588479877779788,0.425,0.5015377766649429,0.04177503327014091,5.600594675680224,1.2699046002842769,-0.0010375488281250001,0.09652191150527627,0.09652748783741927,0.522,0.2499025681592677,0.08598859007306252,5.407786027532405,1.2597621100195868,-0.0013783203125000004,0.10801748194154107,0.10802627537722015,1.069,3.117338467284963,0.1074638512075879,9.895740608172662,1.3109845041838077,-0.0032008789062500003,0.05472245560704512,0.05481599012548711,0.261,0.12988516907112269,-0.0028846303906028842,4.761384395365433,1.2555938434119251
2004.02.13.10.52.39,2004-02-13 10:52:39,146,-0.0013962890625,0.07604416368123817,0.0760569816198684,0.381,0.31566591755670315,0.01132948031324153,5.009402054688839,1.2662684768938213,-0.0008650390625,0.09558319423371636,0.09558710850580218,0.518,0.2490389543651701,0.1480453735481681,5.419140803579776,1.2610111555856058,-0.00104189453125,0.10295676430016996,0.10296203601024506,0.676,1.2270335840738875,0.07714707188345661,6.565526733880202,1.2943980837447047,-0.002798388671875,0.05509791645601716,0.05516893489050813,0.266,0.15554622068766344,-0.022686561718021882,4.8215540236171135,1.2626346594403783
2004.02.13.11.02.39,2004-02-13 11:02:39,147,-0.0027931640625,0.07557396193664329,0.07562556107746408,0.452,0.41613074153885465,0.0412225610074664,5.9768151609085125,1.2673236911727113,-0.0013845214843749998,0.09548848018638781,0.09549851699396633,0.405,0.15342755623973892,0.12980638147301038,4.240903552728345,1.2575992999173933,-0.00202041015625,0.10201465970321628,0.10203466495050835,0.781,1.4336103958056103,0.03502384643994559,7.6542614255539725,1.2983848636520396,-0.002915869140625,0.05668386411753679,0.056758812039546996,0.276,0.18341137504332528,-0.010707871270930685,4.862681054841239,1.261938177158846
2004.02.13.11.12.39,2004-02-13 11:12:39,148,-0.0017729003906250002,0.07619034319695998,0.07621096753266964,0.361,0.44214869250180433,0.0020508795778689504,4.736851029285893,1.27193729556075,-0.00200078125,0.09411427561422149,0.0941355405784659,0.632,0.18039367387120198,0.10301041160800645,6.713723595958974,1.257208058986968,-0.0016524902343750003,0.1016959118401997,0.10170933688204035,0.796,2.2838638589885436,-0.03296020808184327,7.826223475659649,1.3040727995298256,-0.003027490234375,0.054968764889049844,0.05505207362622116,0.31,0.1386559244687482,-0.008588036585891426,5.631032213332429,1.2614317848476102
2004.02.13.11.22.39,2004-02-13 11:22:39,149,-0.0018200683593750002,0.07677978413331095,0.07680135350624119,0.388,0.38489171953619294,-0.010241598545820723,5.051994298101394,1.270402526286397,-0.0010449707031250004,0.09579388874147446,0.09579958812011864,0.542,0.2300596621825206,0.12213322968865349,5.657644366074011,1.2593921622081552,-0.00215029296875,0.10258365855177566,0.10260619260901727,0.635,1.1082945533491273,-0.0034279761321908396,6.188710289832884,1.287698650536848,-0.003163525390625,0.05482647402110814,0.05491766697961937,0.308,0.1765448652822048,-0.004653259470813788,5.608395566299323,1.2633983163237823
2004.02.13.11.32.39,2004-02-13 11:32:39,150,-0.001454736328125,0.07514392636767131,0.0751580064113889,0.403,0.48841297755887636,0.04631289873667938,5.362036850659897,1.2722777482278413,-0.0015043945312499995,0.09451020726653336,0.09452217983345894,0.498,0.18824233624765574,0.09860833185922348,5.268604690215979,1.2580351991143774,-0.00145439453125,0.10093992726485873,0.10095040455435282,0.708,1.1096716638608788,-0.006254375751227323,7.013344851122462,1.2927566144468254,-0.0025594726562500002,0.05503878673294323,0.05509826626412577,0.249,0.06540273032485988,-0.013678079331171307,4.519198459101475,1.2553427046409513
2004.02.13.11.42.39,2004-02-13 11:42:39,151,-0.00219794921875,0.07890910375837852,0.07893970887150997,0.466,0.530290575512856,0.016785012753118177,5.903239404625971,1.2733514785319535,-0.0011050781250000002,0.09492538184671104,0.09493181403726703,0.469,0.1540004089294147,0.11389460837990834,4.940388053849749,1.258493326594817,-0.00150029296875,0.10436332737833089,0.10437411068109155,1.018,2.413253227448548,0.021462396850336723,9.753376516044618,1.3027235703491074,-0.0027684082031249994,0.055929139808267615,0.055997613910521896,0.281,0.12252517278841646,-0.0069293904274236005,5.018070956541247,1.2595411749257162
2004.02.13.11.52.39,2004-02-13 11:52:39,152,-0.0022078124999999997,0.07689229275459664,0.07692398274331452,0.435,0.4776599891458462,0.03560050565763715,5.654933409409381,1.2725779681307516,-0.0021241210937500005,0.09590236390489984,0.09592588437418104,0.461,0.22182676635641219,0.12313234628762575,4.805793587492643,1.2580782218676652,-0.0019195312500000002,0.10289846173351681,0.10291636423496388,0.635,1.292513908977007,0.05201473257052328,6.170058617211342,1.2943594360652644,-0.0025635742187499998,0.05497313762795844,0.05503287902188563,0.247,0.08519251233900604,-0.012509308304129321,4.488226027603832,1.2552214284405725
2004.02.13.12.02.39,2004-02-13 12:02:39,153,-0.002584228515625,0.07644797579539568,0.07649164163641917,0.376,0.4558731292846363,-0.0070740924336791505,4.9155697531922105,1.2695430360573545,-0.0020643554687499997,0.09516028859951188,0.09518267746729837,0.466,0.18483723949966802,0.10440631200097865,4.895848828796629,1.2564867808567048,-0.0005785156250000003,0.10465677668268372,0.10465837561293172,0.776,1.666817448736337,-0.038386505076376726,7.414600078162464,1.2955994979078715,-0.00322861328125,0.05633144781834909,0.0564238952663785,0.273,0.19421117512746067,0.0059257668778184515,4.838375633429078,1.257630681136467
2004.02.13.12.12.39,2004-02-13 12:12:39,154,-0.0021892089843749997,0.07647612404907565,0.07650745183017714,0.342,0.25827230952913727,-0.028724664366175472,4.470152799744712,1.2669900140472081,-0.0012849609374999999,0.0950945076189753,0.09510318871576415,0.454,0.2849633821768456,0.1108048880373421,4.773762122286713,1.2624862615694272,-0.0013958496093750001,0.10169707570713934,0.10170665466681925,0.588,1.1073428843368127,-0.009302252340916138,5.781332617086155,1.290977569185685,-0.003259765625,0.05500536641383337,0.05510187298313915,0.251,0.09556703630701424,-0.007246286647798214,4.555199059690848,1.2586425888027857
2004.02.13.12.22.39,2004-02-13 12:22:39,155,-0.0018592285156249998,0.07737615456144943,0.07739848852135696,0.369,0.37563304390008767,-0.014723813036249317,4.767534961592692,1.2672016846638658,-0.0006286132812500002,0.09452307021237666,0.09452516044435604,0.486,0.1905585867554005,0.12294095390301273,5.141488231443868,1.2582760286226915,-0.0006936523437499997,0.10077070147673634,0.10077308881684385,0.986,2.0540092979313007,-0.017541581657758466,9.784358220795092,1.300080038860021,-0.0027493164062499997,0.054666544641565964,0.05473563595821281,0.247,0.16891440178233186,-0.0038735675323395436,4.512599436837983,1.260551573543823
2004.02.13.12.32.39,2004-02-13 12:32:39,156,-0.0017909179687500005,0.07845962608456153,0.0784800631530072,0.447,0.6057349862672048,-0.026233951906988896,5.695714071082164,1.278740294413468,-0.001315673828125,0.09691539585406367,0.09692432590001272,0.557,0.27890338829157457,0.11098823634746481,5.746751342636131,1.2610020718648443,-0.002338818359375,0.10535411870958096,0.1053800759175596,0.723,1.2171908282506276,-0.006539098555402826,6.860879475600432,1.2899165897892624,-0.002992187499999999,0.05607561107749824,0.05615538570564715,0.247,0.18932039927431132,0.00853369796122182,4.398509544475642,1.2626281215434993
2004.02.13.12.42.39,2004-02-13 12:42:39,157,-0.002136767578125,0.07901711701244041,0.07904600278724172,0.425,0.5919121753524377,-0.014192704878922208,5.376615957974745,1.274725711480131,-0.0007574707031250001,0.09576266549845133,0.09576566120084158,0.444,0.17013035289080092,0.13296310651420556,4.636317385924321,1.257520635449591,-0.0008557128906250003,0.10061287646094655,0.10061651531581124,0.918,1.8851355612660958,0.034288201519503146,9.12375067968332,1.2976178528607332,-0.0030328125,0.055260499015706,0.055343660008396627,0.239,0.096174129629083,-0.012694325523159463,4.318471166593236,1.258469631833927
2004.02.13.12.52.39,2004-02-13 12:52:39,158,-0.00148740234375,0.07667042799410381,0.076684854401187,0.369,0.3698641949707917,-0.0028264815001952212,4.811901944411702,1.2681118632303907,-0.002036865234375,0.09406719702941148,0.09408924687206889,0.425,0.1980789611051268,0.137446087836121,4.516988010094961,1.25806898213779,-0.0021166992187500004,0.10267353333599946,0.1026953497646376,0.767,1.591247455809281,-0.06510627784416854,7.46869261128035,1.2918034896737927,-0.00249609375,0.05463614717832152,0.05469313542392683,0.239,0.17913042519942213,0.024303413480843392,4.3698354125706915,1.2603182577468073
2004.02.13.13.02.39,2004-02-13 13:02:39,159,-0.0019442382812500003,0.07728679415519168,0.07731124506358211,0.408,0.37357319475457196,-0.05068587528340844,5.2773694132652205,1.267730304208778,-0.0013561523437500003,0.09480143367788824,0.09481113318889561,0.459,0.1652861194015287,0.15286821247392116,4.84120360723374,1.2556547880603097,-0.0020790039062500002,0.10338159416592997,0.10340249643761629,1.108,2.4350056006766074,0.06568815960265433,10.715408603973765,1.305302198045071,-0.0031208984375000006,0.054970269243976876,0.05505879137624163,0.269,0.10161253035026041,-0.013142777002392044,4.885686613819786,1.25715093715765
2004.02.13.13.12.39,2004-02-13 13:12:39,160,-0.0022220214843750004,0.07648046800168884,0.07651273988842887,0.347,0.34310003047300874,-0.017636176398231576,4.5351924464605045,1.269257522216346,-0.001986572265625,0.09441043863478008,0.09443133692042131,0.405,0.08017136043536777,0.10086780740606996,4.288830521813956,1.254575046418588,-0.00204873046875,0.1012016998430494,0.10122243500161537,0.747,1.5693716570721046,0.014853453261080084,7.379786901866952,1.3005518742765423,-0.0031621582031250003,0.05576359510201556,0.05585318060059897,0.239,0.11315632285395427,0.007897507825612769,4.27907591707386,1.2579808034376891
2004.02.13.13.22.39,2004-02-13 13:22:39,161,-0.002355517578125,0.07849631151655961,0.07853164575357902,0.378,0.4245621228322678,0.021152394322048525,4.813346216964681,1.268756773434512,-0.001173779296875,0.09605893030724214,0.09606610145940854,0.417,0.07255155898800192,0.10855648674801233,4.340761139101682,1.2525752718919565,-0.00128076171875,0.10231474389054851,0.10232275977498237,0.959,1.48589626543259,-0.011841267963351332,9.372303895134705,1.2886569514991943,-0.003333935546875,0.05547266060809737,0.05557275592565007,0.305,0.13052585792462068,-0.021402226685919314,5.488300785515384,1.2575841908981564
2004.02.13.13.32.39,2004-02-13 13:32:39,162,-0.00224072265625,0.07692072929692957,0.07695335881944174,0.408,0.5118109145355998,0.03787975052396437,5.301912824329139,1.2731030245977675,-0.0010398437500000004,0.09449917831144398,0.09450489921989495,0.43,0.15791894750158608,0.09358793254649561,4.550028660413378,1.2568479231702754,-0.00171982421875,0.10000861739026717,0.10002340399954528,0.872,1.8110837517912612,0.054172175279098796,8.717959648763445,1.2970772656250393,-0.002942626953125,0.0554281707142146,0.0555062263364154,0.232,0.01744394966667251,0.001304210888201957,4.179711274080871,1.2529691249905346
2004.02.13.13.42.39,2004-02-13 13:42:39,163,-0.001808251953125,0.0773412657446424,0.07736240147584209,0.427,0.528245856584737,-0.027619672384398296,5.519477056737168,1.2712328404684503,-0.0022392089843750003,0.09585270507438702,0.09587885651671658,0.43,0.08917846937426965,0.1445360219783685,4.484826119354365,1.2560449795994009,-0.002709912109375,0.10390953744513826,0.10394486805851996,0.723,1.136460356461983,-0.022777832074669227,6.9556103490646395,1.2849376498593241,-0.0030185058593750003,0.05505874259414933,0.05514142284772741,0.281,0.07284099997389415,-0.024858545561603346,5.095987471632338,1.256274260835395
2004.02.13.13.52.39,2004-02-13 13:52:39,164,-0.002040234375,0.07614734279532555,0.07617467014102358,0.334,0.32545433705002935,-0.0323410589672767,4.384659616925936,1.2693113298869239,-0.001478857421875,0.09488036742816655,0.09489189186952764,0.461,0.24224505082432968,0.13636533703962128,4.858160069501571,1.2601460814438197,-0.0016358398437499998,0.09932103194883045,0.09933450236133969,0.715,1.4323233914103062,0.009444793612616558,7.1979018669576895,1.296950495582142,-0.0024380859375,0.05460068533016656,0.05465509218327694,0.225,0.07843177001361301,-0.010246099708886052,4.116725286008103,1.2578875724708902
2004.02.13.14.02.39,2004-02-13 14:02:39,165,-0.002190771484375,0.07759129125931354,0.07762221305131911,0.439,0.4408628476384644,-0.055859393045842275,5.655597576298936,1.2670499265460022,-0.0016274902343749998,0.09508026962530865,0.0950941974911423,0.415,0.13299515098509573,0.1146600164756492,4.364093824322518,1.2596813973027985,-0.001543310546875,0.1015191459350601,0.10153087608618437,0.652,1.0648674244824665,-0.021038909188214043,6.4216918550624005,1.2869485315521634,-0.003056884765625,0.05382906100839318,0.05391578946390032,0.244,0.027374765903545928,-0.02751677049173597,4.525575947716983,1.2546291695354925
2004.02.13.14.12.39,2004-02-13 14:12:39,166,-0.002535302734375,0.07721180173999112,0.0772534147328817,0.439,0.4886392346942512,-0.048898222181893075,5.682596704856679,1.274680440608838,-0.0019232910156250001,0.09587029366560108,0.09588958366715009,0.569,0.3065695013067544,0.13273159045998595,5.933908337480125,1.2630009290108863,-0.002556494140625,0.10301293689526124,0.10304465454393122,0.593,1.155827743243452,-0.0027625223041870227,5.754786627453685,1.2909491072596724,-0.0031909179687499996,0.05509634118567183,0.05518866522693994,0.239,0.12182409154992158,0.004354512485597748,4.330599390603379,1.256854220985377
2004.02.13.14.22.39,2004-02-13 14:22:39,167,-0.0020212890625,0.07766006615308037,0.07768636614216809,0.439,0.5379390953077103,-0.05270004491977995,5.650927206411206,1.2718102189725564,-0.0013076171875000002,0.09574937989654139,0.09575830832508087,0.469,0.17566585741631968,0.1355765379399091,4.897747341231593,1.258478705141296,-0.0013810546874999997,0.10351757103105194,0.10352678312503846,0.842,1.7070486727823626,0.044599860368572206,8.133161048605578,1.296894833410275,-0.002835986328125,0.055138786221677144,0.05521167054575622,0.254,0.11805395150019793,-0.00552958626687733,4.60047662911231,1.2577543687197237
2004.02.13.14.32.39,2004-02-13 14:32:39,168,-0.0019318359374999997,0.0777935571956996,0.07781753999741961,0.393,0.4370585910735878,0.007725014053491723,5.050275297998776,1.2685629290532352,-0.0014171874999999998,0.09559263840427172,0.09560314292689336,0.557,0.20826174795574603,0.08823425106777878,5.826168292667236,1.258144639481241,-0.0015519042968749998,0.10102042859463607,0.10103234828702451,0.515,0.6714352853298808,0.023697382415916044,5.09737731262989,1.2803758890810837,-0.003215380859375,0.05564317248583639,0.05573599661223772,0.261,0.10815680304983166,0.009025388077637222,4.682790581745754,1.2579672696219708
2004.02.13.14.42.39,2004-02-13 14:42:39,169,-0.0016993164062499995,0.07726360632803746,0.07728229123843638,0.354,0.25419455152282744,0.01967344148568599,4.580609533273489,1.2640330799235684,-0.001696337890625,0.09651315145905094,0.09652805792512803,0.471,0.1673854256509384,0.0934529336132664,4.879410299182969,1.2588630569948454,-0.001452734375,0.10226235270902824,0.10227267092801479,0.759,1.479184542952546,0.05739306954007127,7.42133742194165,1.2930099923610887,-0.0024683105468749997,0.056604584410163375,0.05665837566682551,0.315,0.13735610190705394,-0.030952044894189595,5.55963696969234,1.2609809897735904
2004.02.13.14.52.39,2004-02-13 14:52:39,170,-0.00227109375,0.0763540826791368,0.0763878511845552,0.432,0.3353471347991004,-0.003170470578756305,5.655349552329674,1.2635350610917822,-0.00139833984375,0.09394434188520287,0.09395474829173084,0.488,0.12342146695519496,0.12466974399970433,5.193989754352308,1.2560713232039444,-0.0012843749999999997,0.09971419994124145,0.09972247133451166,0.715,1.130806831083385,0.04254343202285775,7.169898523689664,1.2850122396590768,-0.003372119140625,0.0542128225686581,0.05431759676531515,0.278,0.10492995169542185,-3.983394133056983e-05,5.11804675750159,1.259254744179758
2004.02.13.15.02.39,2004-02-13 15:02:39,171,-0.00214462890625,0.07815524652281494,0.07818466596582414,0.439,0.38044274489672913,0.0002416790573314747,5.614911755099068,1.2659462280506801,-0.0014999023437499996,0.09489234391448138,0.09490419717075214,0.437,0.10073936750812296,0.12917755104363327,4.6046435566358275,1.256788151696853,-0.0011170898437500001,0.10168727652925533,0.10169341226282187,0.747,1.2361330491115572,0.08778482271724865,7.345608563801688,1.2909462995321335,-0.00310986328125,0.054809165915389396,0.054897321591938796,0.264,0.04699948432381795,-0.007044014779286353,4.8089777851523845,1.2567202750225865
2004.02.13.15.12.39,2004-02-13 15:12:39,172,-0.0017283691406250004,0.07614183026619212,0.07616144415760429,0.344,0.3194051922040413,-0.036797344466560855,4.5167210759310885,1.2687306777558087,-0.0019283691406249998,0.09484097502054747,0.09486057743019818,0.483,0.18030469484223932,0.10181044115455859,5.091683110988954,1.2590248732355354,-0.0016545898437499997,0.09983823942357438,0.0998519489982544,0.669,1.2025473017522854,-0.030094697441151685,6.699919297636297,1.2953295924330344,-0.0025341796875,0.05479758744289261,0.05485615422402486,0.327,0.20553455330928605,-0.040959280768292076,5.961044929700646,1.2595708185897485
2004.02.13.15.22.39,2004-02-13 15:22:39,173,-0.0016349121093750002,0.07532484508450046,0.07534258573084265,0.381,0.2916771063217678,0.005130002664973786,5.056901038160571,1.2641445941529275,-0.00188818359375,0.09465871002612512,0.09467754021463459,0.466,0.1496741644817181,0.1417680742379945,4.921969866808697,1.2539325472121874,-0.0014666503906250001,0.0997555051206,0.09976628621550657,0.647,1.021461269306645,-0.011483645338929,6.4851567051659735,1.284312186423652,-0.002719140625,0.05424817127573495,0.05431627576058579,0.249,0.13499393681796423,-0.07067198340043797,4.584261282889447,1.2616706260242274
2004.02.13.15.32.39,2004-02-13 15:32:39,174,-0.0020445800781250002,0.07686708111474645,0.07689426810105468,0.359,0.4095598092509274,-0.007305914761699952,4.668748514885415,1.2715245595386062,-0.0017568359375,0.09478346751933435,0.09479974782403168,0.459,0.2083317921908523,0.10122793339105746,4.841785031453889,1.2615031977394737,-0.0019456054687500002,0.0994920108593083,0.09951103258166277,0.752,1.2141667937177374,0.020306993968073256,7.556951028348323,1.2945494817780128,-0.003164794921875,0.05542219913614804,0.05551248583863251,0.244,0.12469469366731767,-0.02819217856272957,4.395407561269655,1.2589524045485836
2004.02.13.15.42.39,2004-02-13 15:42:39,175,-0.0018244140625000003,0.07546214599501065,0.07548419678875672,0.344,0.3288086624212516,-0.0009185564863228599,4.557245286224446,1.2637675966137512,-0.000823681640625,0.09548145432920742,0.09548500705485456,0.415,0.22309448770629148,0.16431677766615463,4.346232071403517,1.2589043657484775,-0.0011964843750000003,0.10092074777462948,0.10092784009504017,0.605,1.0564855286428898,-0.03333338265522804,5.994381722924942,1.2892012606007677,-0.003140625,0.05527036751633397,0.055359525384356845,0.251,0.11150403174107826,0.0190770609589419,4.5339984087169585,1.2596275876886538
2004.02.13.15.52.39,2004-02-13 15:52:39,176,-0.001489013671875,0.07824885230540506,0.0782630183983989,0.496,0.43988049954761177,0.021390090648986955,6.337603764208347,1.2706999569510442,-0.001490771484375,0.0953437357259419,0.09535538968404919,0.496,0.125381652961988,0.09004796311962363,5.201593760388875,1.2551608323843482,-0.0021984375,0.10037933023767813,0.10040340166750453,0.781,0.9975440280393886,0.01728631718235275,7.77862091352598,1.2856729892660546,-0.0028738281249999996,0.0554939088946522,0.055568271634989695,0.251,0.15192414402511822,0.027736479569977514,4.516966114201629,1.2634368359236865
2004.02.13.16.02.39,2004-02-13 16:02:39,177,-0.001725048828125,0.07545435316546495,0.07547406975298288,0.383,0.3431725485830399,0.010588197268036911,5.074590534914981,1.2654446047124086,-0.0011512207031249995,0.09470781513440862,0.09471481170672634,0.444,0.120450767502708,0.10023526028409284,4.687756772138191,1.2571521347690122,-0.0004585937499999998,0.1002113145451461,0.10021236386341632,0.569,0.8742024795076313,-0.029415789560884895,5.677942102787977,1.2859830469120768,-0.0029711914062499995,0.055203515956605304,0.05528341661243225,0.242,0.07187192650171292,-0.010545076154980883,4.377442908359946,1.2565779439598728
2004.02.13.16.12.39,2004-02-13 16:12:39,178,-0.001981591796875,0.07553468718263605,0.07556067544581722,0.405,0.4429353349113323,0.004951610930904506,5.359930911290172,1.2715374009815283,-0.0018024414062500003,0.09441854197274117,0.0944357446271339,0.422,0.19116460070630126,0.11797178609498934,4.468646926714105,1.2598092546083621,-0.0021216796875,0.10003312751435721,0.1000556251542111,0.784,1.1489999634937496,-0.03058803064066086,7.835641412380935,1.2872900541506118,-0.0032347656250000002,0.055825082238867486,0.055918722406945245,0.259,0.15328790775615486,-0.00024411415563258337,4.63172241517148,1.2581632677683379
2004.02.13.16.22.39,2004-02-13 16:22:39,179,-0.00203056640625,0.07665135687649181,0.07667824796470965,0.381,0.4250634087395868,0.03221554215244008,4.9688146262203485,1.2676975796057453,-0.00153916015625,0.0943123520836198,0.09432491065212438,0.439,0.20396074448298407,0.11737358282192112,4.654125797362871,1.256716392669278,-0.001983251953125,0.09795121933847252,0.09797129507260341,0.564,1.1260261166042422,0.05784299981669361,5.7567882468230875,1.2893005887209164,-0.0036408203124999997,0.05509962473739805,0.05521978104583538,0.264,0.13096832782587597,-0.0032971692231973586,4.7808954508687,1.2596527418708072
2004.02.13.16.32.39,2004-02-13 16:32:39,180,-0.0014443847656250002,0.076737200128153,0.07675079237935838,0.513,0.7083040858036109,0.025064992177123952,6.6839700815645,1.274360574819396,-0.002196435546875,0.0947638339020235,0.09478928496893452,0.53,0.2391049848343445,0.10905127883687256,5.591349277227885,1.2595038088817874,-0.0021115234375,0.10004403261044802,0.10006631297388498,0.757,1.38531699761071,0.009435947308483555,7.56498343451067,1.2968224161769877,-0.002502392578125,0.05482345149768774,0.05488053209230369,0.234,0.12897094867576486,0.022209914341584053,4.263807056506575,1.259313082554965
2004.02.13.16.42.39,2004-02-13 16:42:39,181,-0.0021383789062499998,0.07608979643033326,0.07611983831535804,0.361,0.34371284005047764,-0.01761967963858389,4.7425218969121765,1.264644034099398,-0.0015445800781250002,0.09477275434291037,0.09478534007619202,0.459,0.09678027015754331,0.13383565541166148,4.842521001992909,1.2548092836834466,-0.0006513671875000001,0.10237468586874662,0.10237675803588187,0.608,0.9102303869839865,0.002584467623090835,5.938847954014163,1.2843297388033248,-0.00331962890625,0.05506740086606176,0.055167368744745746,0.295,0.09125408974972382,0.005971096452795186,5.347363970990485,1.2552860176393388
2004.02.13.16.52.39,2004-02-13 16:52:39,182,-0.001569091796875,0.0751486834272887,0.07516506282789814,0.342,0.26731500595413404,0.01694565248095126,4.549986218771094,1.263590489965889,-0.0013675781249999999,0.09385665986580692,0.09386662277451847,0.483,0.2001157170094614,0.10658364795490444,5.145598996996382,1.2583942117852354,-0.001766015625,0.09954872166777057,0.09956438518303118,0.718,1.4095585224003955,0.07009952675489602,7.21141398784401,1.289827900039015,-0.0027414062500000004,0.05425222421613201,0.05432144273327983,0.234,0.1158838883024722,-0.01431548611017026,4.307691184657008,1.2594508325117066
2004.02.13.17.02.39,2004-02-13 17:02:39,183,-0.00178046875,0.07807122492633904,0.07809152470318882,0.334,0.3541207352122204,0.007882227036389213,4.277032639194473,1.2689466924383637,-0.001792578125,0.09514989789755832,0.0951667820526154,0.647,0.29355916257699555,0.12787966866125813,6.798590706180329,1.260646977988701,-0.0020697753906250005,0.10184737865845143,0.10186840781010384,0.745,1.54057320768157,0.023434471538685574,7.31335667274567,1.287405449705265,-0.00337626953125,0.05571618073988788,0.05581838399835219,0.278,0.21766814412768198,0.020664873806044367,4.980437986313019,1.264110607181366
2004.02.13.17.12.39,2004-02-13 17:12:39,184,-0.002096875,0.07632805872566212,0.07635685583884233,0.427,0.49909250576170816,0.008385265342815654,5.592163209302646,1.2710812704562782,-0.0024657714843749996,0.095037547063496,0.09506952919237253,0.537,0.1674334349504787,0.14936879473749404,5.648497521360227,1.2565992968163249,-0.0019895019531250002,0.10279518203854637,0.10281443268510203,0.747,1.0894909470789198,-0.04557778318386963,7.265516917142329,1.2880144491455439,-0.0033955566406249998,0.05478440815360637,0.054889536176220555,0.244,0.18504625280534137,-0.014742238532750107,4.445291707633459,1.2631087105498195
2004.02.13.17.22.39,2004-02-13 17:22:39,185,-0.00243447265625,0.07782999554263909,0.07786806061076165,0.381,0.349412751660938,-0.00726879687814854,4.892891861073838,1.26802794517752,-0.00129453125,0.0954670855489879,0.09547586205096553,0.564,0.25251150417158463,0.09589161082099679,5.907252240350903,1.2591412660045425,-0.00196689453125,0.10094817899064817,0.10096733885581516,0.679,1.1861423951749233,-0.002728491425010726,6.724946974879029,1.284910184630806,-0.002901123046875,0.055452100835045155,0.05552793893125446,0.244,0.11306972646601254,-0.03168526601010116,4.394184345687322,1.2584444338467144
2004.02.13.17.32.39,2004-02-13 17:32:39,186,-0.0023820312499999996,0.07657321002498375,0.07661025105301672,0.393,0.41609239639212436,-0.005783317921043945,5.1298617952319665,1.269753023143806,-0.001967138671875,0.09536590073841246,0.09538618693607122,0.471,0.16513337206940637,0.11098956783177374,4.937821870536338,1.2576306365060363,-0.0022361328125,0.10508171301070235,0.10510550270665542,0.811,1.8338258382470238,0.05513261486363983,7.716056525255993,1.2972938071756273,-0.00325517578125,0.05543002717538946,0.05552552640030754,0.288,0.13858227864150052,-0.015391161344825958,5.186803595947626,1.2601928923750942
2004.02.13.17.42.39,2004-02-13 17:42:39,187,-0.00135166015625,0.07898807803620275,0.07899964213229861,0.422,0.6273356080180292,0.0020776462340995104,5.341796350080773,1.2779074919352227,-0.0009666015625000001,0.09593388815357752,0.09593875762612183,0.53,0.3557424899909818,0.11318415012322992,5.524357549692656,1.2644496332339545,-0.0007068359375000002,0.10203909996672823,0.10204154810204763,0.718,1.3142432398333321,0.01229794917806537,7.036349539522442,1.292575925685582,-0.00277744140625,0.05751007960988098,0.05757710862400091,0.383,0.29278663057521737,-0.034770059039957286,6.651949171347364,1.261035522453008
2004.02.13.17.52.39,2004-02-13 17:52:39,188,-0.002103271484375,0.07536050939328993,0.07538985427067177,0.4,0.5084444464835762,0.029340556958046396,5.305753723357553,1.2721604252415668,-0.0018969238281250002,0.09449418007825755,0.09451321806325226,0.435,0.2055227960188457,0.11532492279238582,4.602530830226091,1.2614154830073334,-0.001561279296875,0.09964171291120515,0.09965394395066296,0.671,1.3008388666896105,0.04090455225087322,6.733300995414704,1.2971246405804306,-0.0029405761718749998,0.05463322158219553,0.054712301072719245,0.234,0.06672689694065292,-0.012239396129988266,4.276917537958892,1.25630578745238
2004.02.13.18.02.39,2004-02-13 18:02:39,189,-0.00199404296875,0.07720547781315473,0.07723122433134638,0.364,0.4005096065091731,0.0015044020719814273,4.713119637186184,1.2747857144171801,-0.00156083984375,0.09501918962067432,0.09503200838237347,0.43,0.09184041140161403,0.10465229201434201,4.5247912500158884,1.2548909379052449,-0.00223505859375,0.10020872563190296,0.10023364794163435,0.63,1.2304646473382714,0.013865750009487714,6.285314492064047,1.2900294166575574,-0.00301337890625,0.05589404664104324,0.05597521685838966,0.31,0.21095158359815258,-0.06982962417913037,5.538165234522654,1.2635154893041902
2004.02.13.18.12.39,2004-02-13 18:12:39,190,-0.0019072265624999999,0.07528655729607739,0.07531071120800978,0.381,0.2905308522713739,-0.019873256649079945,5.059041322125745,1.2636874311076045,-0.001212109375,0.09454648084864416,0.09455425030108378,0.457,0.2046315103830425,0.12199970954907613,4.833204203352051,1.259393431003326,-0.001657373046875,0.09932297104635018,0.09933679813085695,0.771,1.3970930616851547,-0.0004601060781037673,7.761474242247643,1.289104880623833,-0.0028458007812500003,0.05370947192949012,0.05378481158311564,0.239,-0.016002851793504025,-0.008897467503731191,4.443633675850375,1.2525333980976365
2004.02.13.18.22.39,2004-02-13 18:22:39,191,-0.001304833984375,0.07812222617620639,0.07813312239027137,0.479,0.5664490782766274,0.046206706261909834,6.130562626275409,1.2692228377290868,-0.0013481445312499998,0.09417833496008576,0.09418798367908324,0.508,0.16969798101436595,0.10407890985798193,5.3934693169656835,1.2567299661137736,-0.0025238281250000005,0.10225009177579235,0.10228123472349412,0.845,1.5164170174695784,0.012375939392569773,8.261534995000432,1.291608102109987,-0.002551171875,0.05645836683899658,0.05651597706898908,0.317,0.33214454874033983,-0.043943725642163554,5.609033346677134,1.2636328019896943
2004.02.13.18.32.39,2004-02-13 18:32:39,192,-0.001972509765625,0.07742304190688415,0.07744816468381047,0.352,0.2876786871169621,0.0020209516267208857,4.544975357867725,1.2661040307641525,-0.0013029785156249997,0.09500172002408533,0.09501065498430623,0.559,0.26999431395719453,0.12512631568542887,5.883550640634307,1.2621848307525696,-0.00219814453125,0.09960691147186267,0.09963116305827083,0.676,1.4989831356545302,0.03632593576254635,6.785025681218144,1.2986844272357223,-0.0027375,0.05595132632895086,0.05601825438389481,0.251,0.2181842381594694,-0.007204007366513039,4.48068228402637,1.2622415285500148
2004.02.13.18.42.39,2004-02-13 18:42:39,193,-0.0022571777343749996,0.07758341228359364,0.07761624000742773,0.42,0.516216487402152,-0.010304847983907834,5.411238678397804,1.2729058140315395,-0.001839990234375,0.09482010739297614,0.09483795827662109,0.52,0.20475785380849842,0.08827928796361027,5.483036639014059,1.2588910954493984,-0.0032786132812499995,0.09897666239502251,0.09903094972737689,0.747,1.280230718383768,-0.025342281622326466,7.543096396191518,1.2939919753169202,-0.0033635742187499997,0.0556070014887398,0.05570863708702404,0.286,0.15785854191572435,0.014836908291938067,5.133853832274362,1.2602149129184126
2004.02.13.18.52.39,2004-02-13 18:52:39,194,-0.001997119140625,0.07771170832533071,0.07773736614848181,0.381,0.3658649197381023,0.026530861432519336,4.901117942075284,1.2648567348414956,-0.0008055664062499998,0.09501483122444028,0.0950182460890736,0.559,0.2386375339887099,0.12863636052535196,5.88308059776196,1.2598218097813134,-0.001926318359375,0.1039330279908363,0.10395087786914368,0.793,1.6507116203480852,0.009251176925771603,7.628603204277418,1.2957424884739157,-0.0030071777343750002,0.05615814285592967,0.0562385999732668,0.259,0.1436571459481102,0.021799400882275086,4.605377803201297,1.2589579873712546
2004.02.13.19.02.39,2004-02-13 19:02:39,195,-0.00183994140625,0.07655629609046088,0.07657840332279559,0.405,0.5125468703141562,-0.019851269286148544,5.288697366708364,1.2743466673580297,-0.0012703613281249998,0.09576434190314721,0.09577276751794779,0.442,0.2272487672070258,0.0915597739915652,4.615090609313022,1.262543861622548,-0.0024341796875000004,0.10117471093376157,0.10120398887040594,0.64,1.0704467030936264,0.015813611365449207,6.323861412414632,1.2846441338939967,-0.0030056152343750004,0.05578538077940777,0.05586629065582058,0.303,0.1684240943398576,0.03180667031444176,5.423664188959915,1.2580657792732988
2004.02.13.19.12.39,2004-02-13 19:12:39,196,-0.0023774902343749998,0.0761457171826727,0.07618282421306082,0.405,0.38105439907995553,0.0019856145608443043,5.316158913554253,1.2709103867194986,-0.0019076660156250001,0.09524806079791574,0.09526716262905402,0.398,0.13124253417343557,0.07771473433258773,4.177724926580529,1.2569579450830821,-0.0019709472656249997,0.10417628063505746,0.10419492348515894,0.71,1.0203458279911208,0.00024159189488369532,6.814151556060495,1.2867441396012467,-0.0028109375,0.05423198683430374,0.05430478584457359,0.337,0.1110530586766556,-0.009501207637923786,6.205714556439499,1.2535301277883228
2004.02.13.19.22.39,2004-02-13 19:22:39,197,-0.00199609375,0.07524764443192698,0.07527411495867953,0.459,0.4514792731300825,-0.009227988127467938,6.097713672913463,1.2705706590768473,-0.0020322753906250003,0.09301436319748438,0.09303656219087673,0.408,0.17030651832930532,0.13085027032469815,4.3853727007123755,1.2589313316571853,-0.0019856445312499997,0.10083821543620264,0.10085776359092294,0.645,1.0198624824728109,-0.0050471673562504545,6.395144776520199,1.2846652442881372,-0.0031515136718750004,0.0540309801780225,0.05412281272644535,0.242,0.18356171982293779,-0.019892310025011,4.471312332253468,1.2623842230189894
2004.02.13.19.32.39,2004-02-13 19:32:39,198,-0.00181630859375,0.07651418403818844,0.07653573894552466,0.398,0.3525296268182996,-0.11389563223107588,5.200184978723232,1.2675230292783308,-0.0022019042968750005,0.0956641990035093,0.09568953628017864,0.488,0.288381312065054,0.1286720228117908,5.099826156238627,1.2600532146002128,-0.0021093749999999997,0.10101140362409274,0.10103342578077812,0.728,1.3116460503929748,0.1147239605985222,7.20553613196895,1.2841536989189737,-0.00282177734375,0.055551874989146856,0.055623495415044716,0.242,0.12144681669037771,-0.03898456544863177,4.350679478056413,1.2616837222671444
2004.02.13.19.42.39,2004-02-13 19:42:39,199,-0.0020895507812500004,0.07657643296815494,0.07660493658109607,0.366,0.3462653410221592,-0.003349767024849033,4.7777599765067675,1.2667493751964858,-0.0021824218750000003,0.09417554369820899,0.09420082800110491,0.422,0.13764696488967587,0.07893766851285172,4.479790772062537,1.257738793174627,-0.0022183105468750004,0.1004039076654365,0.10042841020434345,0.61,1.0731745910527275,0.03914466271221872,6.073978456482805,1.2918646545938806,-0.0028890136718750003,0.05552721862480458,0.05560232376621615,0.278,0.07990174470068645,0.004725354085578049,4.999791036951449,1.2566342750517354
2004.02.13.19.52.39,2004-02-13 19:52:39,200,-0.001629345703125,0.07862438808983879,0.07864126887278634,0.405,0.3624940923308939,0.004950696919003151,5.149967768896841,1.2650113115498918,-0.00187666015625,0.09550583118945771,0.09552426730695844,0.491,0.14676253179230203,0.15406857739885013,5.140055127795083,1.2550887741810022,-0.0028108398437500003,0.10398404963171173,0.10402203323545209,0.911,2.383042346915773,0.09117226762889334,8.75775998281025,1.3074125601808573,-0.00308603515625,0.05537398701372007,0.05545991390888783,0.237,0.12231821269674237,-0.027416983589161593,4.273356795853575,1.2608163719712526
2004.02.13.20.02.39,2004-02-13 20:02:39,201,-0.001882666015625,0.07700383419533723,0.07702684539892164,0.442,0.5425193663094023,-0.019713770351827996,5.738259144729143,1.2725701674053969,-0.001286767578125,0.09422004010673904,0.09422882642013339,0.505,0.16826413909328553,0.11120421758546714,5.3592941691577645,1.2581675754531858,-0.002059619140625,0.0998540576166597,0.0998752965127795,0.657,0.9325062209123343,0.031125995085297297,6.578203248847766,1.2834984821511664,-0.0030043945312500002,0.055490477964697645,0.055571751198338175,0.247,0.15701221743644922,-0.02317668067345252,4.444704272831811,1.260599385646461
2004.02.13.20.12.39,2004-02-13 20:12:39,202,-0.001766796875,0.07652579803399628,0.07654619086497708,0.442,0.5200155088401148,-0.01990394416303767,5.774291248269449,1.2718739058699835,-0.001383935546875,0.09572250699521494,0.09573251079464529,0.457,0.2727503627682002,0.1640726965468852,4.773717895901691,1.2604391932028765,-0.002284912109375,0.10171745643806945,0.10174311656116165,0.676,1.005629002333853,-0.038636402552982854,6.644184126143126,1.2818527213915096,-0.0027486328125,0.054648444965921014,0.05471752479353621,0.247,0.18466725281573515,-0.025191377919519125,4.5140930795389,1.2629834547216667
2004.02.13.20.22.39,2004-02-13 20:22:39,203,-0.001850146484375,0.0773896824151287,0.07741179487861087,0.366,0.4319008103829316,0.050657215233047795,4.727961683021601,1.2703300989601507,-0.0015939453124999999,0.09522585489195284,0.09523919414591084,0.403,0.09290005240359722,0.08161141280322265,4.231451175264938,1.2582904631184555,-0.002135205078125,0.10276785186910338,0.10279003102692218,0.889,1.9797426001961007,0.03465324209261492,8.648698624939204,1.296558181065944,-0.00347119140625,0.0557484195241437,0.05585638234990475,0.278,0.06819047041703463,-0.009344969239514377,4.977049860811011,1.2555192141236458
2004.02.13.20.32.39,2004-02-13 20:32:39,204,-0.0017079101562500001,0.0758711009598973,0.07589032163569179,0.471,0.5098311593414584,-0.010439030765608754,6.206324994391448,1.2704922188735093,-0.002366650390625,0.09350105327735847,0.09353100019804596,0.442,0.14292119561285954,0.12569365668689803,4.725705905679326,1.2577404997540886,-0.001629052734375,0.10043981720686274,0.10045302729813262,0.657,1.0792334087241322,0.028315898102627052,6.540370336974537,1.287001291247607,-0.002511865234375,0.05576394913632564,0.05582049346104327,0.266,0.15067192711744903,0.015858799671853,4.765274964572636,1.2617989252693027
2004.02.13.20.42.39,2004-02-13 20:42:39,205,-0.002152734375,0.0756129652894723,0.07564360372930583,0.5,0.42220488142617585,-0.04556403126980967,6.609944203468589,1.267814853859209,-0.00149755859375,0.09431563061143834,0.0943275190990148,0.449,0.15479948538558075,0.09821215220044299,4.7600106977126,1.2542624649546639,-0.0014887207031249999,0.1001932598826012,0.10020431934419981,0.774,1.3849784701206378,0.06713210423134927,7.724217928583754,1.2959121562742286,-0.0029068847656250002,0.054806260080452966,0.054883295482750255,0.239,0.10096709261969705,-0.011679653123181958,4.354694773660546,1.2613522289342287
2004.02.13.20.52.39,2004-02-13 20:52:39,206,-0.0027057128906250003,0.07584539467327026,0.07589364120524608,0.371,0.3855004562475095,0.007241652539189095,4.888420085111886,1.2704408259396207,-0.001418310546875,0.09383309112938648,0.09384380957582192,0.449,0.19663692414590228,0.10558243847029421,4.784545747124924,1.2585044007635366,-0.0020448242187500005,0.10108028476093601,0.10110096573939094,0.913,2.0306544479582627,0.12714238272847067,9.030576447246311,1.2986180453522567,-0.0030429199218749993,0.0551863246943564,0.055270152839682604,0.237,0.07265098002196613,-0.0021984167272648333,4.2880286705094806,1.258490289099403
2004.02.13.21.02.39,2004-02-13 21:02:39,207,-0.002369189453124999,0.07718505169401052,0.07722140418091265,0.371,0.35013309394085246,-0.017889749662760905,4.8043674410637385,1.268112144031345,-0.001833544921875,0.09546621149311202,0.09548381760187495,0.449,0.11837562080951436,0.10778858542419115,4.702367493014683,1.2585078972464823,-0.0019077148437500004,0.0994333863417486,0.09945168523113372,0.762,1.3501368331425097,0.12469831812016212,7.662011943076185,1.2887787768153254,-0.003332080078125,0.05586164922091978,0.055960938263472,0.244,0.2162758920817449,-0.0018689217888543366,4.360184220843716,1.26252385313434
2004.02.13.21.12.39,2004-02-13 21:12:39,208,-0.002247265625,0.07666136660171108,0.07669429791080462,0.374,0.3974503405974854,-0.011486986147813063,4.876503341030145,1.26880486649817,-0.00186904296875,0.09517585460333265,0.09519420476632887,0.481,0.07958228117437915,0.13627836160727508,5.052828595823666,1.2511421962591178,-0.001864404296875,0.10007150042739275,0.10008886651956789,0.85,1.6620566517381068,0.04502618499061721,8.492453052546265,1.2905496312297313,-0.003249365234375,0.05641126167648629,0.056504768102872305,0.256,0.16493695430790378,0.007489911154769648,4.530591109301213,1.2597472169904615
2004.02.13.21.22.39,2004-02-13 21:22:39,209,-0.0019032226562500005,0.07667083221833441,0.07669445070884366,0.515,0.4542567805615856,0.019394003539227038,6.714957799946994,1.2640918225824536,-0.001331396484375,0.09289015265125398,0.09289969362797638,0.398,0.08010126390227734,0.1233793372476046,4.284190662606705,1.257240437308957,-0.0011062011718750001,0.09771575587345403,0.09772201710440247,0.64,1.1132409553617553,-0.0018782502651263037,6.549189414666385,1.2880843631383152,-0.0032477539062500003,0.054519254991947,0.05461590492075088,0.337,0.24902342571387193,-0.046422185483258716,6.170363751896008,1.2660429261936528
2004.02.13.21.32.39,2004-02-13 21:32:39,210,-0.00254072265625,0.07640126774314035,0.0764435019107249,0.383,0.462142207546961,-0.002604927523746154,5.010236193094468,1.275459626975963,-0.00207705078125,0.09314883042771986,0.09317198479156705,0.532,0.18356861133886104,0.06156763822727337,5.709870850021337,1.2610262668544123,-0.001783984375,0.10002192346274519,0.10003783171099571,0.808,2.0474437661139246,0.050752876357817514,8.076944353754802,1.29539259543344,-0.0029282714843750003,0.05443099112154005,0.05450970159851708,0.259,0.09339026903696235,-0.000366027561583315,4.751447768098698,1.258497130102834
2004.02.13.21.42.39,2004-02-13 21:42:39,211,-0.0021406249999999997,0.07803364064469648,0.07806299602024157,0.376,0.3311462198582422,-0.007461671043633204,4.816622717151466,1.2658496706133537,-0.001468212890625,0.09523583015361618,0.09524714690813905,0.479,0.177728665993671,0.13978180405602916,5.029022028995479,1.2553303318667175,-0.001116064453125,0.10247384410818375,0.10247992157575002,0.769,1.5929099854929536,0.06426224364831552,7.503908943095539,1.2981890906945672,-0.0027854980468750004,0.05633923594166174,0.056408053554961236,0.264,0.10492709979062687,-0.004654943391593457,4.680182764022718,1.258722834656925
2004.02.13.21.52.39,2004-02-13 21:52:39,212,-0.0021792968750000002,0.07730749201326231,0.07733820308392224,0.388,0.42701086599625615,-0.012023860933513677,5.016925458934809,1.2708688577557665,-0.0010529296875,0.09505034044115482,0.09505617222940471,0.547,0.2862010684722307,0.11100416949998204,5.75449218257908,1.2604780765618195,-0.002034619140625,0.10326849024221148,0.10328853156063904,1.035,2.049774191290383,0.07616183943108268,10.020473564312104,1.2969271433391483,-0.00332158203125,0.05570036329967631,0.05579931342683573,0.237,0.16934708701075873,-0.009048794845243872,4.247364088283188,1.2641400225462625
2004.02.13.22.02.39,2004-02-13 22:02:39,213,-0.00211962890625,0.07692046829570813,0.07694966711774165,0.378,0.320109256981544,0.022963086515134058,4.912301952152925,1.2654630169250025,-0.0024300292968749996,0.09376547469471748,0.09379695777107792,0.474,0.12776060299222847,0.10730753595210127,5.0534688039333915,1.2552835652278054,-0.0008702148437500001,0.10281311859403919,0.1028168012968029,0.911,2.725315526258851,-0.06326503760872455,8.860419586193911,1.3090369820789063,-0.0034055175781249995,0.054049259206100195,0.05415643978977131,0.261,0.1251773655670081,-0.04327584193473365,4.819371454496827,1.260988516957226
2004.02.13.22.12.39,2004-02-13 22:12:39,214,-0.002137548828125,0.07888717205163497,0.07891612654772708,0.41,0.5186211330341539,0.020848390760588753,5.1953893067982655,1.2732368323511758,-0.001651953125,0.09598461107173147,0.09599882557468477,0.559,0.3718894798174919,0.11052294850573693,5.8229879027542015,1.2644959125461592,-0.000872216796875,0.10388703830648761,0.10389069972925571,0.818,1.4182691128076792,0.052804637985576566,7.873659549235382,1.2897861474268957,-0.002831982421875,0.05619586060030637,0.05626717402755247,0.286,0.093053079408973,-0.027077150655585084,5.082892555790233,1.255970550468474
2004.02.13.22.22.39,2004-02-13 22:22:39,215,-0.0016583007812499997,0.07746037066070563,0.07747811939105775,0.381,0.40645896817135174,0.017843254212914852,4.917517397098485,1.269551823038938,-0.0011328613281249996,0.09398568070693329,0.0939925079606581,0.405,0.056996497378011046,0.1345182267404518,4.308854064938012,1.2527970811171096,-0.00116884765625,0.10119448326659898,0.10120123343338015,0.737,1.2005952184040298,-0.009885838598923493,7.282519935739324,1.2908336669815745,-0.002856396484375,0.056164210039476435,0.05623679836401051,0.266,0.09268806299426258,-0.026305927051443224,4.729998999555961,1.2563167430359334
2004.02.13.22.32.39,2004-02-13 22:32:39,216,-0.0015822753906250004,0.07686808002580685,0.07688436331443231,0.378,0.40884306503313006,0.002145226287302862,4.916474348029672,1.2698044160970476,-0.001769287109375,0.09494938744330568,0.09496587046267925,0.474,0.2582638801700612,0.07287776473705208,4.991266838187703,1.262063066830238,-0.001185205078125,0.09959099573506087,0.09959804788537838,0.723,1.2336177044697365,0.047566752209279674,7.259178421168041,1.2896529747853962,-0.002699560546875,0.056446076831349674,0.05651059384572839,0.266,0.1886469102321242,0.015092170312851252,4.707082015916682,1.262438777504063
2004.02.13.22.42.39,2004-02-13 22:42:39,217,-0.002445703125,0.07739387126679906,0.07743250463104949,0.322,0.2120974655470116,-0.026013526984380232,4.158460346004124,1.2633923792938317,-0.001354931640625,0.09519993481081596,0.09520957634468487,0.452,0.22128850083512042,0.11130727741047718,4.747421607713447,1.2611379997627288,-0.0022097167968749996,0.10293195906325442,0.10295567514674397,0.933,1.4318646753422914,0.07556044889932027,9.062152219099955,1.293196441421468,-0.0031944335937499997,0.055366063297916275,0.05545814071075364,0.242,0.0783643489832615,-0.0005592986339674831,4.363651519840348,1.2582033957565557
2004.02.13.22.52.39,2004-02-13 22:52:39,218,-0.0022951171875,0.07761845480901686,0.07765237980798625,0.442,0.46635980302082913,-0.03146121093134043,5.692034179672906,1.2692692386938569,-0.001291552734375,0.09420700904732993,0.09421586205151113,0.439,0.18753849246662835,0.11721032352213084,4.659512638752732,1.2614667843541865,-0.0017083007812499999,0.09917995584811747,0.099194666860642,0.664,1.0615683249643588,-0.027272359693565743,6.693908261548473,1.2848139965556782,-0.00334443359375,0.05554386391514815,0.05564446113215133,0.3,0.19090085360971898,-0.00441684436412138,5.391372185050422,1.2625060532859536
2004.02.13.23.02.39,2004-02-13 23:02:39,219,-0.00198408203125,0.07842634470312429,0.07845143800466631,0.359,0.3903152250695121,-0.01243371590730897,4.576079280772987,1.2707158135324637,0.001530517578125,0.09543183843679962,0.09544411072184797,0.503,0.23754470343848855,0.15938783539206633,5.270099917069676,1.259310452348736,-0.0015099121093749997,0.10117997143951014,0.10119123704688132,0.664,1.1294051220103878,0.04226422921117214,6.561833014180592,1.290139687375379,-0.0031879882812499995,0.055775971496188334,0.055867005160693914,0.251,0.12149184345072506,-0.039449155870085864,4.492812873681564,1.2574610511675108
2004.02.13.23.12.39,2004-02-13 23:12:39,220,-0.001492529296875,0.07745103192683972,0.07746541157338786,0.459,0.39815988514681777,-0.0002756702000953365,5.9252250866202445,1.2660989573665826,-0.001719873046875,0.09418199581411915,0.09419769794866606,0.459,0.2324261143633537,0.10191412391587484,4.872730544329613,1.2600801534097767,-0.0024576171875,0.09848694125734869,0.09851759985134002,0.601,1.0166463682150804,0.05328754962709074,6.1004328252707145,1.2852080745295182,-0.00245458984375,0.05522500484901707,0.05527952760177134,0.271,0.14399055292497032,-0.01530074724321863,4.9023573781646475,1.262655528510651
2004.02.13.23.22.39,2004-02-13 23:22:39,221,-0.0023976074218749997,0.0769863685436662,0.07702369416543603,0.408,0.3219624132001546,-0.00033013657832888876,5.2970713028081144,1.266156807029505,-0.001212841796875,0.0944607198721253,0.09446850577829828,0.425,0.193687762680133,0.07984724265935772,4.498853840214258,1.262253325786675,-0.0018365722656250004,0.10043717913942532,0.10045396931516382,0.586,1.1975978336242141,-0.017976969360832477,5.833517620010477,1.2913742087471558,-0.002854638671875,0.05525506209988738,0.05532875246749537,0.276,0.04079373830807498,0.0016113773333135165,4.988364777646938,1.2549106333004103
2004.02.13.23.32.39,2004-02-13 23:32:39,222,-0.002389208984375,0.0759900835864513,0.07602763394350028,0.364,0.3787525414114188,-0.013967775473019087,4.787732842909534,1.2707353016196585,-0.0016367187500000002,0.09411856489132285,0.09413279505819824,0.447,0.12786796559682712,0.12374841524079935,4.748610723007207,1.2569140212284229,-0.001649462890625,0.10168347182356789,0.10169684936084243,0.835,2.2208050112346047,-0.09975004202406083,8.210677176804555,1.3074618809672558,-0.00255341796875,0.054737502837023125,0.05479702692807567,0.286,0.17475946629445316,0.04184726102623232,5.21926126348774,1.2601063015099918
2004.02.13.23.42.39,2004-02-13 23:42:39,223,-0.002610693359375,0.0773580671906957,0.07740210771869765,0.369,0.34209177024348225,-0.004966223100446778,4.767312039370505,1.2674899401505992,-0.002514697265625,0.09377527929388765,0.09380899055519347,0.432,0.16164685199257622,0.15526571888500917,4.605102319546104,1.2568967281506924,-0.0020966796875000002,0.10077669867974454,0.10079850724341109,0.667,1.4035152646501334,0.089145070479124,6.6171614862242905,1.2928583236960016,-0.0031750976562499996,0.05435246574183204,0.05444512629559922,0.217,0.02387832779292287,-0.038238665209979324,3.9856643700639194,1.2531284336671213
2004.02.13.23.52.39,2004-02-13 23:52:39,224,-0.001871240234375,0.07754091329985661,0.07756348867470199,0.405,0.47343584665412886,0.013195322849000978,5.2215289296559755,1.2714929077824773,-0.001442041015625,0.09360651551160784,0.09361762242503079,0.505,0.2373568826328616,0.0841297278881557,5.394283543190869,1.262945484984695,-0.0025177734375,0.10145493860289612,0.10148617516686695,0.737,1.9095549262895242,-0.017559936910052757,7.262072876312463,1.2982619360758723,-0.0030034667968750007,0.055008703481216906,0.05509063687673592,0.303,0.17943995608526242,-0.047143878641293206,5.500027176631772,1.2611893883341343
2004.02.14.00.02.39,2004-02-14 00:02:39,225,-0.0018188964843750001,0.07698179360874721,0.0770032787070825,0.374,0.447202651604071,-0.013107538257795603,4.856936045836198,1.274601237660181,-0.0011681640625,0.09373164738149055,0.09373892642933884,0.415,0.1756680884843851,0.1225288346543008,4.427189597832981,1.2614849519086546,-0.001227001953125,0.10068043981006267,0.10068791632634289,0.706,1.2773012743106946,0.048039321287180366,7.011764924320813,1.2897299041021921,-0.0031281738281249997,0.055256123522231984,0.05534459917826784,0.281,0.11837810491080303,0.018427274114707508,5.077279520895695,1.2566394757847226
2004.02.14.00.12.39,2004-02-14 00:12:39,226,-0.00182568359375,0.0763151552089869,0.07633698995347046,0.386,0.4471539298962406,0.015299675732331125,5.056526334549972,1.2731057944725637,-0.0005888183593749999,0.0939642906219181,0.09396613549114716,0.444,0.16172458116135857,0.09343286917961505,4.7251065256571145,1.2582909832167146,-0.001203173828125,0.10127372349234988,0.10128087034216099,0.95,2.1121779423002307,0.07799679342420562,9.379856203748833,1.2992543118997852,-0.0029907226562500004,0.054606668046868534,0.05468850534790195,0.247,0.04746169734429806,-0.018911877745905043,4.516488399686641,1.2555637147916494
2004.02.14.00.22.39,2004-02-14 00:22:39,227,-0.0021806640625,0.07639013810918444,0.07642125683403637,0.457,0.5469289750901192,0.014747629489465744,5.980011569195524,1.2695899627026255,-0.001009521484375,0.09437744800822101,0.09438284709719175,0.449,0.15544302286122091,0.1005440172075472,4.757220340446368,1.2587337965175973,-0.0012646972656249998,0.10154849280238332,0.10155636784372202,0.835,2.293636472439026,-0.051890724551146905,8.222034892828415,1.3082838955243465,-0.00263828125,0.05610273099565563,0.056164730508789944,0.269,0.15983579949588922,-0.0029377806009060433,4.789482608803771,1.2604884365500675
2004.02.14.00.32.39,2004-02-14 00:32:39,228,-0.00199072265625,0.07819087792379231,0.07821621550028805,0.435,0.40368368534336563,-0.007929516634509219,5.561506616213079,1.2713218657160064,-0.0015898437500000001,0.09502391523802356,0.0950372141337934,0.476,0.1697084017933852,0.1408896551163783,5.00856432228629,1.257924968628877,-0.001972119140625,0.09997084464631828,0.0999902946950509,0.725,1.3330152048998114,0.023895459642884465,7.250703702905322,1.2930086998347858,-0.0027915039062500003,0.05533319427571384,0.05540356380967293,0.234,0.16963293116394818,-0.049701597020776256,4.223555019021102,1.2616612888335044
2004.02.14.00.42.39,2004-02-14 00:42:39,229,-0.002210791015625,0.07758871592333584,0.0776202063611459,0.388,0.3791111272392751,0.025309352983044223,4.998698382670365,1.2689509659858917,-0.0010399414062500002,0.09529357530561972,0.09529924959125465,0.417,0.19464737126908904,0.10583696970943067,4.375690278659518,1.2629032901062456,-0.0009331054687499996,0.10255102539847147,0.10255527044522748,0.867,1.6536104624286176,0.06839469101904137,8.45397799875186,1.2982947669176672,-0.002814599609375,0.05588940103614934,0.055960228011871296,0.276,0.11875382453872341,0.011133041183305513,4.932074257121503,1.257415938079779
2004.02.14.00.52.39,2004-02-14 00:52:39,230,-0.0016534667968750004,0.07715302673181239,0.07717074242436783,0.42,0.3713008615841109,0.026650007404279016,5.442477120284625,1.2680895693280452,-0.00098564453125,0.09463436622328601,0.09463949897175597,0.442,0.18010422760167133,0.06653589860776027,4.670354395387381,1.2610012575691047,-0.00043398437500000007,0.09903688419472695,0.09903783506033187,0.679,1.343452991766088,0.02459375429813719,6.855965698223985,1.3019783998236016,-0.0024768554687499998,0.05599918257176325,0.05605393172399908,0.269,0.07806934602294113,0.012990723107732105,4.798949720860163,1.2543098599125695
2004.02.14.01.02.39,2004-02-14 01:02:39,231,-0.002093017578125,0.07782723749792411,0.07785537630209377,0.444,0.5050743337064105,0.01695731523376372,5.702881690240568,1.2712956763129768,-0.0013461914062499998,0.09408757698919523,0.0940972070520693,0.479,0.22530012899979646,0.09498168513023386,5.090480525473431,1.2588370245510574,-0.0023247558593750004,0.1020174304023456,0.10204391503516085,0.723,1.1247372963215945,-0.053214537672838444,7.085184841750523,1.2903672113041884,-0.003109765625,0.05695571506750941,0.05704054804342039,0.264,0.1601350876283001,-0.03960121829834454,4.628286526963906,1.2598060386736767
2004.02.14.01.12.39,2004-02-14 01:12:39,232,-0.002283251953125,0.0761109060021734,0.0761451459513548,0.403,0.3286110755448455,0.009797629611827667,5.292523836745364,1.2689484203644514,-0.0014230468749999998,0.09426738087879499,0.09427812132279817,0.398,0.08757502410816587,0.12632885727114604,4.2215520888169875,1.255885483474787,-0.001036083984375,0.09697158449720823,0.0969771193113194,0.74,1.287454522728301,-0.005807317540329396,7.630665926716442,1.2896069369971082,-0.0028506835937500002,0.054869740721077996,0.05494374253497845,0.239,0.039206587876576826,0.0036324348528979575,4.349903901210354,1.2539843928557117
2004.02.14.01.22.39,2004-02-14 01:22:39,233,-0.0021444335937500004,0.07808635380561539,0.07811579383257748,0.415,0.42558587856816343,0.013796722577398047,5.312626034236472,1.270159374318151,-0.005123095703125,0.09508378415669648,0.09522169983328707,0.488,0.32067714346058906,0.0794693565133698,5.124882257451653,1.2662550525365284,-0.00122568359375,0.10110296926915902,0.10111039855184284,0.62,0.9550294172657074,-0.03613888874750018,6.131911345222364,1.2869930703389865,-0.0035161621093750006,0.05733021325677649,0.0574379382294218,0.308,0.264684520706564,0.02738570923856226,5.362309468173619,1.2650072480329138
2004.02.14.01.32.39,2004-02-14 01:32:39,234,-0.0018599121093749997,0.07644353036305476,0.07646615334526692,0.415,0.35054667928770566,0.0028537745472719356,5.427237828038169,1.2636738877569096,-0.0011755371093749999,0.09458939687500051,0.09459670125681909,0.488,0.18823073488825015,0.12622747302940676,5.158742255452825,1.2553322428525409,-0.00135859375,0.10007828588187204,0.10008750712267366,0.82,2.347071495751223,-0.003307467468760088,8.192830689598008,1.3101313113969695,-0.00243330078125,0.05448080442884648,0.054535117162304234,0.229,0.028413764969279942,-0.014529800960886453,4.199129146792948,1.2570051000130449
2004.02.14.01.42.39,2004-02-14 01:42:39,235,-0.0020169921875,0.07782119996755746,0.077847334070442,0.378,0.30035065706366915,0.013826116677970837,4.855657608749424,1.2671523938135156,-0.0012238769531250002,0.09449322130846469,0.09450114680810427,0.535,0.35002826472477677,0.10794380307944317,5.66130695838412,1.2637613228730575,-0.0011526367187500001,0.0986805795491549,0.09868731099570248,0.588,0.9724461211530344,0.021452061348403353,5.9582128043351545,1.2898556728639066,-0.0027234375,0.055360403669351924,0.0554273525098394,0.261,0.12013573902434427,0.027750577236626415,4.7088664383468,1.2583914917550498
2004.02.14.01.52.39,2004-02-14 01:52:39,236,-0.001845947265625,0.07807434200224268,0.07809616123978583,0.374,0.2668683879683287,-0.04306358568159307,4.788967781036937,1.2623086065129296,-0.0015091308593750002,0.09426486078665479,0.09427694020850552,0.413,0.10890732118962809,0.08820758474559713,4.380710692207423,1.2566683407586468,-0.0023375976562500004,0.1040412881557305,0.10406754539195326,0.811,2.735696460804184,-0.014318297435461994,7.793015554902369,1.3134060069310378,-0.0031475097656249998,0.055092391934569065,0.05518222962872083,0.254,0.08289056553444274,0.009820778406212358,4.602931083230461,1.2582761657971502
2004.02.14.02.02.39,2004-02-14 02:02:39,237,-0.0019934570312500005,0.07850798225341203,0.07853328688166249,0.332,0.3653585893301865,-0.018485021555004026,4.227506745009573,1.2744687463541178,-0.0007711425781250001,0.0949175125914395,0.09492064505375991,0.479,0.18578487285310263,0.16933034851371506,5.046320531520938,1.2556362655582407,-0.002212939453125,0.09944704698901911,0.09947166559306915,0.627,1.0566328951245882,0.04432762822587828,6.30330251596478,1.2843250583607457,-0.00259638671875,0.055502517772905574,0.055563213578094996,0.259,0.13419575205529233,-0.027025857821151605,4.661357457951407,1.2612970315468575
2004.02.14.02.12.39,2004-02-14 02:12:39,238,-0.00148935546875,0.07738626662201734,0.07740059716440338,0.522,0.5063321280777129,-0.0021355182041216734,6.7441340134784955,1.2712576607809776,-0.0012817871093749999,0.09459126524822133,0.09459994946855481,0.444,0.21399540727472122,0.13994332475111326,4.693448595842923,1.259162735257666,-0.0002852539062500001,0.10125980747896829,0.101260209265381,0.679,1.5505272809658184,0.010711492705930612,6.705496709181083,1.2994589177499638,-0.002800048828125,0.056272934647357255,0.0563425544971616,0.251,0.11065087849173638,-0.04473462487169854,4.454892083614078,1.2592534767403
2004.02.14.02.22.39,2004-02-14 02:22:39,239,-0.002094580078125,0.07705413826998973,0.0770826017349854,0.452,0.44447058511821647,-0.014553599588714976,5.863839437516692,1.2689605840375522,-0.0018981445312499998,0.09379099351913933,0.0938101989016586,0.435,0.1590807677564574,0.13883347405437071,4.637022467631811,1.2563498948521195,-0.0014543457031249997,0.10069805755123296,0.1007085592986794,0.825,2.1082780912099626,0.11072741571820124,8.191955140111096,1.2992827333590065,-0.0026992675781249997,0.05507373466057626,0.055139843080316026,0.222,0.07042594155781634,-0.02309851371774259,4.026126800481414,1.255076633229719
2004.02.14.02.32.39,2004-02-14 02:32:39,240,-0.0021640625,0.0778242708058665,0.0778543530765541,0.415,0.39565238708172235,0.00459849518835831,5.330466230859705,1.2690539511720085,-0.0014280761718750003,0.09412472662855625,0.09413555951102179,0.505,0.16522875628526368,0.12062600267745625,5.3646040096131,1.2585288251808915,-0.0025632812500000005,0.09939614652843513,0.09942919267231706,0.698,1.096053395572591,-0.032242505936444024,7.020071080133955,1.2885818807958715,-0.002808154296875,0.054858320375006174,0.054930146958859255,0.244,0.07650965240475394,-0.04512639164520945,4.442005228617855,1.257965272189084
2004.02.14.02.42.39,2004-02-14 02:42:39,241,-0.0021553710937499996,0.0761645793330435,0.07619507050676735,0.393,0.371201721911139,-0.010028938759595863,5.157813981746959,1.265536662610555,-0.0007402343750000001,0.09279909258349496,0.09280204486567092,0.564,0.20158890464396118,0.09755517729134691,6.077452289078097,1.2582994881285854,-0.0008204589843750001,0.1004740654765352,0.10047741530477446,0.886,1.3980374582212152,-0.0025342518602792133,8.817901986357121,1.2905123696518568,-0.0029663574218750004,0.05500173018419568,0.055081663006933394,0.244,0.07078989783660727,0.006732572077383399,4.42978636954528,1.2527443204043127
2004.02.14.02.52.39,2004-02-14 02:52:39,242,-0.00214140625,0.0768690770353883,0.07689889872423401,0.447,0.30749474025222057,-0.03422241407165612,5.8128270679529495,1.2631573658651774,-0.0006362304687500001,0.09459382430956782,0.09459596390289995,0.442,0.19424616762287972,0.1496743663669621,4.672503791532801,1.2602703178648549,-0.00141083984375,0.10390010442200738,0.10390968274404822,1.074,1.9301784851118002,0.04043210919478767,10.335899135073792,1.2982529695323923,-0.00319814453125,0.05664459164105816,0.056734803168998475,0.261,0.12810540184832098,-0.02203348617393501,4.6003508502981445,1.256576634137601
2004.02.14.03.02.39,2004-02-14 03:02:39,243,-0.002520458984375,0.07562072541757292,0.07566271754418999,0.381,0.48816477088484156,0.01744665504223731,5.0355050990268895,1.271958589447884,-0.0012339843749999998,0.09304244840091674,0.09305063095903755,0.479,0.1449878314009685,0.11776153496222125,5.147735110048462,1.2571323828089924,-0.00232509765625,0.09841336298815777,0.09844082534065833,0.671,1.3164284111530522,-0.03706239925564374,6.816277674206593,1.294266198309218,-0.002372119140625,0.055052543740203824,0.05510362530255496,0.266,0.13002048156126778,0.004516426975631121,4.8272685969296205,1.2560474920129032
2004.02.14.03.12.39,2004-02-14 03:12:39,244,-0.0015254882812500003,0.0770758804201095,0.07709097519834116,0.396,0.47452227231467026,0.011662416730180777,5.13678804790267,1.2716139563479305,-0.0006649414062499996,0.09590060590163785,0.09590291111001271,0.437,0.22014454065800804,0.10991590618372844,4.556691709792896,1.2624741407561253,-0.0015823730468749997,0.0989568026013745,0.09896945329518031,0.664,1.203333710407164,-0.018973503092073685,6.709140829742625,1.2853118698649322,-0.0028829589843750005,0.055239868650369145,0.05531504805218581,0.254,0.0616748779853693,0.01256688560043555,4.591878863783488,1.257275987677271
2004.02.14.03.22.39,2004-02-14 03:22:39,245,-0.0016271484375,0.07810519464754627,0.07812214182271728,0.437,0.46552930585791463,0.04079065620665985,5.5938046474927035,1.27507524377083,-0.0013070312500000003,0.09458137911227703,0.09459040969077548,0.483,0.1654934903483265,0.12485948780681916,5.1062259015366385,1.2549649532254852,-0.0011042968750000002,0.10238438249270182,0.10239033767890406,0.669,0.9079075762743072,0.0430418382451149,6.533819647103646,1.2849518948485323,-0.0032481445312500003,0.05607726556595026,0.056171257385338985,0.325,0.2531139197677641,0.016600313953497512,5.7858772462662875,1.264551017073102
2004.02.14.03.32.39,2004-02-14 03:32:39,246,-0.0017623046875000002,0.07614653613777954,0.07616692644182087,0.405,0.5528697268991065,-0.01822131764890121,5.317268516924522,1.2755003422230238,-0.001254638671875,0.0951971651208029,0.09520543243552006,0.532,0.2725350886008999,0.09799344392444338,5.587916428616703,1.2600692759439662,-0.0011715820312499996,0.10421607826896387,0.10422266343851874,0.83,1.5816793930389599,0.0011680368316550269,7.963718951489082,1.298598356870476,-0.002949365234375,0.05607344187212102,0.05615095403171593,0.264,0.06465080329638351,-0.03732590624368657,4.701612012698556,1.259137500746788
2004.02.14.03.42.39,2004-02-14 03:42:39,247,-0.00176015625,0.07729347099574023,0.07731350987113281,0.403,0.4825257504421647,0.0018541488833849265,5.212543068756363,1.27196743820094,-0.00039458007812500013,0.09502076931641747,0.09502158857292313,0.444,0.19389236686418565,0.1392116411729506,4.672622365803301,1.262231827902675,-0.0003199218750000002,0.099434144121531,0.09943465878247634,0.728,1.2979963491462687,0.09595598994243619,7.321390840115172,1.2916573503073174,-0.0025194335937500003,0.05611550251343593,0.056172031901728016,0.261,0.06516660515384576,-0.04122074539881516,4.646440428870633,1.2541243103070217
2004.02.14.03.52.39,2004-02-14 03:52:39,248,-0.0016072753906249998,0.07585974810540545,0.07587677323658983,0.386,0.27987204517447983,-0.01367544546435708,5.087195771971236,1.2632507394657937,-0.002260888671875,0.09409308863927793,0.09412024727584191,0.461,0.19517857309157138,0.1552811934860317,4.897989681741159,1.2572341930919604,-0.002067578125,0.10430695444550675,0.10432744425605374,0.715,1.1842489534877902,-0.008922302555366506,6.853421984009842,1.2887684759011682,-0.0026615234374999996,0.056230806482560236,0.05629375902076091,0.239,0.09041130676022346,-0.008476598258393876,4.245586085517184,1.2570147134611722
2004.02.14.04.02.39,2004-02-14 04:02:39,249,-0.001872021484375,0.07618124575959567,0.0762042431228201,0.405,0.3237082059057306,0.0039008739432067627,5.314664687991879,1.2672851253513848,-0.0019028320312499997,0.09548631963833012,0.09550527738199864,0.491,0.1777963755129175,0.15760331957527737,5.141077157821504,1.2560173437631768,-0.0012724609375000002,0.10103746928061533,0.10104548161827301,0.818,1.5578509974765913,0.016285477578592025,8.09536445271466,1.2973845961931503,-0.002510498046875,0.05588244136642798,0.055938804541352374,0.244,0.0501488833924304,0.0037671703154632612,4.361909447307275,1.2578564423639338
2004.02.14.04.12.39,2004-02-14 04:12:39,250,-0.002181689453125,0.07573095783938526,0.07576237683798354,0.347,0.35182436286050134,-0.015463087013837033,4.580109738928243,1.2662418240072195,-0.0015385742187499997,0.09418618724366326,0.09419875306035108,0.437,0.23172412174017776,0.1270889844003538,4.639127226238585,1.2647294393101185,-0.001271728515625,0.09833195801136155,0.09834018130838292,0.576,1.024008631116879,0.036643843308261835,5.857219219412801,1.2862766208183747,-0.0029249999999999996,0.055208841251594386,0.05528627114703749,0.298,0.12044476160249884,-0.03420235315624921,5.3901265868962165,1.2572623727110008
2004.02.14.04.22.39,2004-02-14 04:22:39,251,-0.00195458984375,0.07606733812948373,0.07609244608739095,0.386,0.40188111728737264,-0.009484184428140544,5.072776863510016,1.2694326521771229,-0.0012717773437500002,0.09576196616830282,0.0957704107855409,0.559,0.39226568770263315,0.13910833440759895,5.836875872358648,1.2650738018866525,-0.0017862792968750003,0.09926814408904265,0.09928421437776187,0.962,1.9612040051113713,0.04680881458814509,9.689355010049544,1.2921150408994635,-0.0029189453125000003,0.055756163585686955,0.055832517581882776,0.239,0.09683601507085005,0.0005228460863465647,4.2806595573894315,1.2594947702265529
2004.02.14.04.32.39,2004-02-14 04:32:39,252,-0.00221328125,0.07858706183877948,0.0786182224572888,0.378,0.4397530049606644,-0.011792016241481277,4.808045618245279,1.272787146389207,-0.0021442871093749994,0.09447606670092136,0.09450039759961,0.503,0.13595294660535817,0.11385777999698335,5.322728927884171,1.2565669219187428,-0.002215087890625,0.10030316826188085,0.10032762420058781,0.645,0.8159954611841926,0.016762650201532427,6.428937245742344,1.2815048324409588,-0.003026220703125,0.05521933136697105,0.055302193160483015,0.254,0.11498175016174095,0.010415002979438294,4.592946237464943,1.2595111099916618
2004.02.14.04.42.39,2004-02-14 04:42:39,253,-0.0022400390625,0.0765144536641916,0.0765472363611597,0.383,0.30756512844638406,0.006006435189638743,5.003446475754615,1.26278128316795,-0.002016455078125,0.09407280608371783,0.09409441500719835,0.444,0.21565379832025977,0.14288501454916788,4.718664757797085,1.2585883820878023,-0.002702294921875,0.1002674421518313,0.10030385014303103,0.574,1.0335536854350238,0.05833283957957072,5.722611835751956,1.289724479020566,-0.002549658203125,0.05540395401052494,0.05546258988681582,0.281,0.19491872924651776,0.004008751664410266,5.066478153534575,1.2650690139295424
2004.02.14.04.52.39,2004-02-14 04:52:39,254,-0.002071728515625,0.07652201468840958,0.07655005415423052,0.396,0.42756084971696895,0.016289366068361223,5.173085824369925,1.26879330042565,-0.001844873046875,0.09392651355874064,0.09394463000011961,0.396,0.07793202078850214,0.12680872687248415,4.215248918426693,1.2537974388215065,-0.0015638183593750005,0.10168630401047506,0.10169832816311129,0.906,2.253659512358289,-0.0114982134506085,8.908701021583072,1.2974141569260205,-0.0027701171875,0.05571903292821059,0.055787849749631864,0.298,0.13497589095153595,-0.00046565542354363385,5.341664920540632,1.258575856876471
2004.02.14.05.02.39,2004-02-14 05:02:39,255,-0.0017284179687500005,0.07693216036150163,0.07695157390568759,0.415,0.4721707407507001,-0.008608442494671551,5.3930021042666,1.2708539839885957,-0.002339892578125,0.09540457259000855,0.09543326237931601,0.515,0.22597635745502131,0.10754394203737258,5.396441315744226,1.2628235127640235,-0.0015875488281250003,0.10072585178599977,0.10073836175607023,0.586,1.017738406406382,0.036223081136411844,5.817049133863735,1.289416377412556,-0.00296748046875,0.0559513645274187,0.056030002077570015,0.242,0.10142794558005797,-0.03900616669346466,4.319114599798983,1.2601049846026329
2004.02.14.05.12.39,2004-02-14 05:12:39,256,-0.0019992675781249996,0.07663639959969533,0.07666247331291318,0.391,0.4292422492209682,0.04309660012963599,5.100278964442688,1.2678574369287943,-0.0015864746093749997,0.09489546645331344,0.09490872697006385,0.43,0.13024633338015956,0.1289727574527933,4.530668714328354,1.256692932222222,-0.002139013671875,0.10023130261953302,0.10025412412612698,0.759,1.671673802267418,0.03400629286123244,7.5707608700977005,1.2980957018553274,-0.002779150390625,0.05527946846391672,0.0553492846434972,0.237,0.06221244849644414,-0.04106581302780468,4.281898158693625,1.2578196409238989
2004.02.14.05.22.39,2004-02-14 05:22:39,257,-0.0013808105468750003,0.07716882335360903,0.07718117604407745,0.405,0.35732634289883913,-0.013051133842295125,5.2473934806164175,1.2693589367787748,-0.001469775390625,0.09514166485384037,0.09515301692988706,0.571,0.23376761000447877,0.15308806643532488,6.000860702301619,1.2618366191912698,-0.0017408203125,0.10023728495245464,0.10025240022064309,0.652,1.2835556566058957,0.06920731835271506,6.503584937268624,1.292730677389699,-0.00301337890625,0.056188041542761726,0.056268787661044824,0.278,0.11355166673106698,-0.04824391821460483,4.940572057010229,1.2563721842436786
2004.02.14.05.32.39,2004-02-14 05:32:39,258,-0.0017159179687499999,0.07546582072819967,0.0754853262075236,0.425,0.38032259689892367,0.012460128095724107,5.6302333361002335,1.2686130551877173,-0.0009342773437499999,0.09340774493233929,0.09341241720189024,0.459,0.19530360660982682,0.11724736010393237,4.913693636767511,1.2596917511326915,-0.001282958984375,0.09895474404878239,0.09896306055046815,0.603,1.260620264950961,0.013462728363332527,6.093182614259271,1.2926785039365842,-0.0030463867187499995,0.054780722300571426,0.054865362550633894,0.256,0.06501855800028755,-0.03416734387975176,4.6659675266657334,1.258740752523863
2004.02.14.05.42.39,2004-02-14 05:42:39,259,-0.002054443359375,0.0784624556589328,0.07848934759282226,0.376,0.41622160589178225,0.015718867567383735,4.790458979867793,1.2715158954737704,-0.0015310058593750002,0.09569968139500483,0.09571192714623855,0.535,0.2673802913817096,0.14276246542915844,5.589689978580954,1.2562190054576194,-0.001365087890625,0.1021514618309082,0.10216058251175268,0.74,1.6007736968319346,-0.013656264455634882,7.2434982437073465,1.2947412216774652,-0.0029349121093750004,0.05499751336612519,0.05507576768005032,0.273,0.1262438634651688,-0.050324036885398125,4.956807893916779,1.2576829790605002
2004.02.14.05.52.39,2004-02-14 05:52:39,260,-0.0016285156250000002,0.07743160658657343,0.07744872989093333,0.425,0.4381933427723923,0.015314352396913759,5.487501223047859,1.2666643147213958,-0.0017398925781249997,0.09470947801032618,0.09472545830542006,0.491,0.14310169473268353,0.10225124869595115,5.183400627283168,1.2550825848112555,-0.0010295410156250001,0.1002940825011639,0.10029936659547319,0.833,1.3937204194478428,0.0368493369491694,8.305137193534339,1.2900523636630947,-0.0028594726562499997,0.05569756483571036,0.05577091816081209,0.234,0.03780811035202447,-0.035469916554515396,4.195735119964765,1.2556930061448792
2004.02.14.06.02.39,2004-02-14 06:02:39,261,-0.0018689941406250005,0.07741707682889115,0.0774396340631083,0.439,0.4181568338101229,0.0024534857235017507,5.668931746787999,1.2681166163159474,-0.0007980957031249998,0.09494022331042322,0.09494357776587299,0.498,0.1985391128189078,0.10012967198095582,5.245220495356176,1.2590282398451431,-0.001588720703125,0.09943991020670769,0.09945260064669312,0.786,1.4868721479061593,-0.008418283728048362,7.903262407307749,1.289558472835287,-0.0029753417968750003,0.05515465762025355,0.05523485236710265,0.242,0.07767412815284214,-0.05769650387086474,4.381291695895486,1.25704361330048
2004.02.14.06.12.39,2004-02-14 06:12:39,262,-0.0018088378906250002,0.07722561830806902,0.0772467994002219,0.422,0.3107750326515637,-0.002774610928886724,5.463009513359692,1.2637745387037758,-0.0014873046875,0.09367910097734068,0.09369090689686085,0.591,0.22031270759896016,0.10005310117490823,6.307976084067573,1.25766200857828,-0.001659423828125,0.10089563021917389,0.10090927551402608,0.725,1.6646595042645522,-0.029577909921645277,7.184671540915257,1.297701425426448,-0.003156542968750001,0.05566510410132577,0.055754529664638015,0.254,0.08613530192640484,-0.025611282197812276,4.555683664229671,1.2593501351403844
2004.02.14.06.22.39,2004-02-14 06:22:39,263,-0.002231689453125,0.07561313234411028,0.07564605885770338,0.371,0.30545519863093196,-0.007118658398940649,4.904419418569873,1.2663543230722165,-0.0016798339843750003,0.09313350204253469,0.09314865025818611,0.459,0.18295746781976163,0.17700229122478606,4.927607632829463,1.2590554843563213,-0.002585400390625,0.10085529078550877,0.10088842339242583,0.688,1.2017392825257591,0.03922219569441252,6.819414724362233,1.2821730292959952,-0.00270283203125,0.05439290717873608,0.05446001884266797,0.232,0.08374943272837632,-0.002358448521201283,4.260005870916706,1.2600674985062765
2004.02.14.06.32.39,2004-02-14 06:32:39,264,-0.00221806640625,0.0761174251271019,0.07614973556462622,0.376,0.46685593190869934,0.02499848784159926,4.937640258525901,1.2714344518390162,-0.0006296874999999998,0.09453159544100107,0.09453369263373113,0.464,0.1587111442617597,0.14499669869018808,4.908302924310369,1.2582260414468274,-0.00128505859375,0.10164326015702237,0.10165138322195867,0.942,2.1876419406984713,0.15615280796875808,9.266966864023052,1.3043839908984196,-0.00358291015625,0.05487587699441341,0.054992718800708065,0.254,0.21453790557180685,-0.017811325012016842,4.61879327917007,1.263553677893074
2004.02.14.06.42.39,2004-02-14 06:42:39,265,-0.002585107421875,0.07854463601399202,0.07858716579030653,0.457,0.36152174294308015,0.022073842785162782,5.815198899263135,1.2688950049515,-0.001841259765625,0.09373201778986659,0.09375010078119582,0.444,0.22150886559773264,0.10810280074683444,4.73599490880821,1.2601125988146358,-0.0021209960937500004,0.10131027868373746,0.10133247846276262,0.725,1.4997542413083664,0.03306414865971673,7.154665621510688,1.2929071086385175,-0.002910107421875,0.05558060267695712,0.055656734715042566,0.244,0.22274349340330613,-0.0460411207332596,4.384015721534112,1.2631945597509535
2004.02.14.06.52.39,2004-02-14 06:52:39,266,-0.0021837402343749994,0.07787101639637431,0.07790162973915003,0.356,0.3905431033629876,-0.007769181062772956,4.569865883320404,1.2665956215721068,-0.0019073242187499998,0.09486638478397298,0.09488555658084244,0.454,0.1868184866042406,0.12666078913136924,4.78471135502264,1.263004500704962,-0.002255859375,0.09886685315699961,0.09889258594398015,0.779,1.1872757661457394,-0.02370637948167541,7.877233592023587,1.2917999679382646,-0.00278408203125,0.05497560059408875,0.05504605138824673,0.249,0.1283179513181003,-0.013827906537954935,4.523485222287275,1.2565294368976099
2004.02.14.07.02.39,2004-02-14 07:02:39,267,-0.0021998046875,0.07767480236110584,0.0777059461206155,0.398,0.4178408690106288,-0.0024398842163091536,5.121873162476173,1.268676599141421,-0.0016977539062500002,0.0950622814697623,0.0950774406815965,0.505,0.21394515451126583,0.09590824511609343,5.311459757222403,1.2599410564111715,-0.0022229003906249997,0.10139960385089768,0.10142396633570205,0.957,1.8653791980310634,0.023724998111024694,9.435639667575574,1.2931197542674762,-0.003132373046875,0.05623052793899712,0.0563177062139708,0.261,0.08837562202596017,-0.02831103234736871,4.6344217040440014,1.2593193037764971
2004.02.14.07.12.39,2004-02-14 07:12:39,268,-0.00161572265625,0.077842216883646,0.07785898335492507,0.435,0.2996620795127174,0.037770690019256384,5.587023889292584,1.2634538025264017,-0.0012923828125000001,0.09424533601164146,0.09425419679399559,0.442,0.14857670118711086,0.1245138337782359,4.689446359253866,1.2581691908411816,-0.0012679199218750003,0.10268039549644366,0.10268822347394259,0.776,1.4551374028805455,0.008305322601852223,7.556854853925018,1.290381549525826,-0.00294052734375,0.055311251558255836,0.05538936044043116,0.249,0.14331436788499863,0.007498041163678375,4.495448187523101,1.260300841278939
2004.02.14.07.22.39,2004-02-14 07:22:39,269,-0.0018083496093750002,0.07569174249187224,0.07571334102894697,0.403,0.3175699833688572,0.03257407559368675,5.32270792073386,1.265414010767979,-0.00192392578125,0.09442445968981364,0.0944440579291519,0.442,0.16624892370694777,0.13442822734461984,4.680019153047939,1.2584970410957412,-0.0022197265625,0.10085497962693876,0.10087940375300847,0.779,1.3005293559290907,0.06957631172489054,7.72209163633928,1.2839331344230431,-0.0030490234375000003,0.05506445033279253,0.05514880084258406,0.256,0.07427519305137986,-0.017579527990591197,4.64198669941569,1.2553461018062724
2004.02.14.07.32.39,2004-02-14 07:32:39,270,-0.001958203125,0.07636667246369643,0.07639177457459835,0.447,0.48682290406817597,-0.009018879388756666,5.851415319112585,1.2695821491942487,-0.0013806152343750003,0.09388207314196884,0.09389222415013597,0.496,0.14044041897804949,0.13310668447182192,5.282652578416759,1.2553837715808074,-0.0012858398437500004,0.09989025440196844,0.0998985300622274,0.703,1.2766771331750508,0.014831547525867511,7.037140582169697,1.2929445855874888,-0.0029920410156249995,0.056061277031099574,0.056141064220380385,0.249,0.13894127361351227,0.01662248085024962,4.435256143748123,1.2586814417024628
2004.02.14.07.42.39,2004-02-14 07:42:39,271,-0.0015443359375,0.07734669556984736,0.07736211145685269,0.425,0.40520456329289756,-0.03941316211408002,5.493645299961028,1.266949457705081,-0.001565283203125,0.09426545761742285,0.09427845252934589,0.4,0.11423971721707238,0.09098591340342221,4.242751013286867,1.2592916064525241,-0.002041162109375,0.09995327284759802,0.09997411212760594,0.735,1.2880026189052307,0.0185365892910321,7.3519032513322395,1.289743953782309,-0.00311875,0.054350182554891206,0.05443958987090645,0.261,0.19939476019787472,-0.011704302049561629,4.794305038280301,1.2602098768369414
2004.02.14.07.52.39,2004-02-14 07:52:39,272,-0.0022026855468750004,0.07839245707829429,0.07842339670271,0.378,0.493499202297464,-0.023451278164833195,4.819990154633762,1.2748057281895124,-0.0014098144531249999,0.09403235745943858,0.09404292544456427,0.444,0.17480475351914837,0.12024719951920067,4.721248279985993,1.2581182390678398,-0.0021309570312499997,0.0989920680152883,0.09901500142812956,0.625,1.3636911667646405,0.031500144190264694,6.312174831948659,1.297548671337788,-0.0032632812499999997,0.05653660940058793,0.05663070904581056,0.271,0.17047122396398517,0.006039425511136378,4.785389492135418,1.2612904404177343
2004.02.14.08.02.39,2004-02-14 08:02:39,273,-0.0014310058593750001,0.07626764924815639,0.07628107301034363,0.425,0.4251022370903268,0.022874933299082814,5.571500022585818,1.266429990273666,-0.002014697265625,0.09450535042313614,0.09452682298518171,0.43,0.17106179745242978,0.13986276331575315,4.54897336460158,1.2611614660232802,-0.0016864746093749998,0.10006968613265863,0.10008389620361947,0.735,1.4596348275020334,0.0033650179338339066,7.343838798048504,1.2971249823599191,-0.002964306640625,0.055147760017687675,0.05522737137351483,0.298,0.15791585442715483,-0.023742295726143867,5.395875135619992,1.260931220510996
2004.02.14.08.12.39,2004-02-14 08:12:39,274,-0.002165966796875,0.07819403477352323,0.0782240275511823,0.364,0.4252786985695489,-0.015014301055600658,4.653301695081263,1.2720010514454374,-0.0017535156249999996,0.09442238663058343,0.09443866747292921,0.493,0.3018494572188555,0.12648476356048072,5.220319316145774,1.2655346235633225,-0.001803076171875,0.10165506570316744,0.10167105520646903,0.759,1.3409778418580984,-0.0024320661780530732,7.465251525703719,1.287229181132112,-0.0028874511718750004,0.05552085122412941,0.05559588379477275,0.247,0.1469201258769779,-0.019424343909474114,4.442774952760504,1.2590758551668784
2004.02.14.08.22.39,2004-02-14 08:22:39,275,-0.001795751953125,0.07823877984354832,0.07825938535718496,0.439,0.5410550470181552,0.00506188030951919,5.609550828905093,1.2719337032921811,-0.0026619140625000004,0.09432443209936445,0.09436198534019803,0.403,0.1511798731806655,0.12583983688719183,4.270787632827844,1.2594635460973638,-0.00162734375,0.10030208665953484,0.1003152871497535,0.693,1.4506509607476987,0.0957019432199562,6.908219272357462,1.2935823129866866,-0.0031956542968750003,0.056270395179818924,0.05636106439802326,0.278,0.1677805294209076,-0.02803302259112588,4.932483141850498,1.262991657781708
2004.02.14.08.32.39,2004-02-14 08:32:39,276,-0.0014982421874999998,0.07881855954622202,0.07883279811470445,0.469,0.4923650099388044,0.04105354390991375,5.949300433527537,1.269592994210064,-0.0015453125,0.09435595522605393,0.09436860853771106,0.457,0.14866425164438501,0.09761186631361363,4.84271207429509,1.258308735480956,-0.002148046875,0.10096991428111297,0.1009927606084342,0.754,1.8781414329656787,0.037530961837409886,7.465881667730462,1.2981042040161548,-0.0029834472656250005,0.05569191436480128,0.05577176959002758,0.276,0.17903883047275437,0.011195925293877543,4.948740232358539,1.2641746783451868
2004.02.14.08.42.39,2004-02-14 08:42:39,277,-0.0022416992187499997,0.07694264287393016,0.07697529154093864,0.439,0.501785914417268,-0.025164747638278945,5.703128773036497,1.2717933340097254,-0.0012174804687500001,0.0940685243455972,0.0940764026270669,0.488,0.23140872838695126,0.1038299826989215,5.18727317767991,1.2606388145323226,-0.0021253417968750002,0.09823774704120015,0.09826073489183955,0.581,1.2085322668245215,-0.0038520767421372634,5.912839962366813,1.293904462410795,-0.0028590820312499993,0.05516646032918084,0.05524049868812283,0.278,0.1667440741279247,-0.03264542464903742,5.032539651199281,1.2619047977994464
2004.02.14.08.52.39,2004-02-14 08:52:39,278,-0.00162314453125,0.07867075856627527,0.07868750124106433,0.464,0.4954958213123164,0.04582439095832844,5.896743354176485,1.273608709760706,-0.001429931640625,0.09372475010279442,0.09373565749664385,0.527,0.19414318434028344,0.12827341435041692,5.622193454170511,1.2584466592839167,-0.0013848632812500001,0.09889476496005613,0.09890446088429226,0.73,1.2203639660864152,-0.022726752067186023,7.380860210683749,1.2923078722153283,-0.0032369140625,0.05556689753977398,0.05566109696047815,0.269,0.1300956962842399,0.017440225867237903,4.832818875111318,1.2614440826827613
2004.02.14.09.02.39,2004-02-14 09:02:39,279,-0.0020711914062500002,0.07626238379295311,0.07629050409864258,0.408,0.39152787018717783,0.0444224420627541,5.34797881886403,1.2674465490154436,-0.0012029785156249997,0.09351691786342896,0.09352465495250102,0.435,0.22069132875254693,0.11642559354891513,4.651179950580158,1.259786000063944,-0.00161201171875,0.09681524746069115,0.09682866684332822,0.718,1.3654079217105997,-0.031145125627427637,7.415159408956298,1.2916055597864198,-0.002869189453125,0.05512918978486081,0.055203802536176114,0.244,0.0771150263818079,-0.031702491810083167,4.419985377639558,1.2569878911677346
2004.02.14.09.12.39,2004-02-14 09:12:39,280,-0.0016153320312499997,0.07756598740200223,0.07758280543534599,0.349,0.35162553099311156,0.025245979534473457,4.498419437678634,1.2673046319198935,-0.0015493164062499998,0.0946406010582843,0.09465328177089266,0.417,0.2192718105511826,0.11362007750864114,4.405552477402151,1.2641770557267744,-0.00088994140625,0.09909622107647291,0.09910021709029578,0.698,1.2389058521318974,0.022202990498905784,7.043375085283748,1.2907104256739228,-0.002756005859375,0.05525239573482281,0.05532108822803809,0.229,0.11176154867758559,0.0053729830071022515,4.139470269565977,1.2587879679421323
2004.02.14.09.22.39,2004-02-14 09:22:39,281,-0.0016080566406250004,0.07687960697280954,0.07689642263755268,0.361,0.2979657430445224,-0.009943743331340788,4.6946267149715775,1.2657694742436387,-0.0008909179687499998,0.09291565981787843,0.0929199309847933,0.408,0.09279303953083673,0.11254511295055983,4.3908771312666035,1.2565718679593134,-0.00179111328125,0.10009705309455284,0.10011307669330714,0.679,1.197504930014369,-0.04623110473890042,6.78233076464219,1.2873805970007588,-0.00239384765625,0.05517639116357798,0.055228295722731656,0.242,0.06791981138454872,-0.01278137323073253,4.381811838173275,1.2578742525562217
2004.02.14.09.32.39,2004-02-14 09:32:39,282,-0.001794287109375,0.07677815238829179,0.07679911555734627,0.356,0.39614492845074434,0.015213985845703673,4.635470049575937,1.26979117567256,-0.005523193359374999,0.0916706515128306,0.09183688808791311,0.505,0.29446410936658385,0.1331409739690604,5.498879704161757,1.261092252315383,-0.0024826171875000002,0.09976341491574117,0.09979430015662218,0.747,1.3993804984715341,0.026728886384345753,7.48539745083257,1.2904734126014978,-0.0026513671875,0.054699450819965266,0.05476367106000793,0.288,0.20851737039021634,-0.016343329443813278,5.2589608115281505,1.2610100395417232
2004.02.14.09.42.39,2004-02-14 09:42:39,283,-0.00207958984375,0.07759947316682808,0.07762733365050933,0.442,0.43956678433765495,-0.06274782329618074,5.693870692376923,1.269672555115587,-0.0013841796875,0.0934132408083108,0.09342349550149978,0.552,0.1819702465774422,0.10892047056740563,5.908577890784856,1.2584059913936723,-0.0014273925781250001,0.10222415532195551,0.10223412043373473,0.886,2.022466890331536,-0.033866088637625864,8.66638257600387,1.301271396881982,-0.0027500976562499996,0.05493385360117055,0.05500264819618915,0.278,0.20474984148047648,0.0008195929445759308,5.054302094844612,1.2624617660366098
2004.02.14.09.52.39,2004-02-14 09:52:39,284,-0.001760888671875,0.07804401241992168,0.07806387515051777,0.349,0.4058667694625022,0.038582511296181204,4.470697865396517,1.2674023063241397,-0.001596875,0.09441182378655295,0.09442532753699481,0.43,0.12988592921997588,0.12503726845364221,4.553862943515136,1.2579969867603766,-0.002659765625,0.09975725988982616,0.09979271142676828,0.75,1.6952003416839299,-0.010954010154273334,7.515578936347258,1.294306981369758,-0.00309052734375,0.055812239362101695,0.05589774075823637,0.242,0.10644431550226763,-0.0043940962980605165,4.329334186271955,1.2584266949933611
2004.02.14.10.02.39,2004-02-14 10:02:39,285,-0.0014205078125,0.07613279240530736,0.0761460433763633,0.366,0.38834967129472453,-0.037739928684967367,4.806553088924002,1.2708050578476995,-0.0013397460937500001,0.09295831402736676,0.09296796795889566,0.42,0.10250343282432617,0.11517955262188326,4.517685061006135,1.2551031736435232,-0.0013353515625000004,0.09867934844161051,0.09868838316973406,0.942,2.201355363684523,0.06884621783156793,9.54519640249709,1.3015970279223097,-0.0029000000000000007,0.05504631803223763,0.055122655314364624,0.229,0.11525754553273426,-0.04999343099790179,4.154371713300321,1.2564714782534323
2004.02.14.10.12.39,2004-02-14 10:12:39,286,-0.0013749511718749998,0.07773737078082577,0.07774952930173035,0.403,0.566700093050676,0.05202531402185551,5.183311122515453,1.2747059102159433,-0.0014377929687500002,0.09507722466404092,0.09508809546119588,0.454,0.1477743705814767,0.13949521691353273,4.774519857591122,1.2555927044026836,-0.0011235351562499999,0.1000404628723869,0.1000467717768482,0.664,1.1526137701806967,-0.019606936474697544,6.6368958059040155,1.288693283430203,-0.0030742187499999997,0.05474226596500549,0.054828519074531366,0.256,0.15181511450427898,-0.03726597277589495,4.669102947172536,1.2590633234583652
2004.02.14.10.22.39,2004-02-14 10:22:39,287,-0.0019017578125,0.07603163093844624,0.07605541128636083,0.417,0.41783615697612975,0.059188076055494754,5.482844585902351,1.2694124892380254,-0.0011914550781249999,0.09306225085611343,0.09306987750937129,0.464,0.11248240029469248,0.11744993409121114,4.985501350351293,1.2582946923148022,-0.0012817871093749999,0.09875376446706026,0.09876208267654837,0.813,1.348123090926305,0.007049714435808633,8.23190416774242,1.2896387254999007,-0.0030119628906249995,0.054779459321262686,0.05486220086712139,0.244,0.0943331431592287,0.011820649174359921,4.447506591851437,1.2591153450797563
2004.02.14.10.32.39,2004-02-14 10:32:39,288,-0.0025357910156250003,0.07687708767655159,0.07691889784508826,0.361,0.3496762549842871,0.04022120060803047,4.693254975221308,1.2650758603231136,-0.005940380859374999,0.09504956103517757,0.09523501025218811,0.435,0.17525053538803492,0.10215879606559351,4.567647956860544,1.2572594646529072,-0.000986279296875,0.10106721037465208,0.10107202263616587,0.789,1.373271569414582,0.07222520016326149,7.806314541069429,1.2929453144634235,-0.003165087890625,0.05568501188580949,0.05577488978095901,0.273,0.1515555399773305,-0.014650036727935741,4.894675741577163,1.2620747085749329
2004.02.14.10.42.39,2004-02-14 10:42:39,289,-0.0020474609375,0.07623180554825466,0.07625929630830264,0.422,0.3821786978973143,0.029506456655548862,5.533751561172684,1.2683726660630164,-0.0013677734374999998,0.0935840233704379,0.09359401815487461,0.469,0.14727665778671195,0.0807133377857265,5.011004006943293,1.2591310994320735,-0.001082568359375,0.09768861798007307,0.09769461621353233,0.532,0.9571704511460357,0.03974930821864787,5.4455406103157316,1.2875839674144862,-0.003298681640625,0.05498165352937676,0.05508051856501194,0.232,0.09151170096502215,0.022264872213689977,4.212015537329568,1.2568805315788036
2004.02.14.10.52.39,2004-02-14 10:52:39,290,-0.0018961425781249999,0.07748024070667338,0.07750343899879944,0.403,0.5782366156865968,0.04665369335363619,5.1997692645128,1.2735156528246552,-0.00119375,0.09586845469427756,0.09587588666881391,0.457,0.21209609332344037,0.12408612844554523,4.766579125141494,1.265146775421842,-0.0010339843750000002,0.0989638473552009,0.09896924879492242,0.835,1.5597001222615532,0.08466328428601705,8.436964109227828,1.2928409696003336,-0.0028434082031250003,0.055999567001895435,0.0560717083261191,0.283,0.2085105961861724,0.0010458693745541996,5.047108576646916,1.263163866130886
2004.02.14.11.02.39,2004-02-14 11:02:39,291,-0.001577197265625,0.0768780283801128,0.0768942052356881,0.413,0.5470773142021708,0.012776494449708225,5.371015913801507,1.2778503032975235,-0.00064501953125,0.09294531461240021,0.09294755273052513,0.459,0.27119966313450483,0.1090350796080141,4.938268803383553,1.2613312994947923,-0.0024974121093750004,0.10169224353728544,0.10172290530107084,0.684,1.3401209103000227,0.029733733433547623,6.724149275677438,1.291387137217253,-0.002743603515625,0.05568008625158033,0.05574763999699337,0.269,0.14955427531885856,0.047294466309076494,4.8253163723972525,1.2591181379076202
2004.02.14.11.12.39,2004-02-14 11:12:39,292,-0.002376953125,0.07761809988513667,0.07765448690151458,0.381,0.33117999857251323,0.003910368760620754,4.906348817721297,1.2664754580908617,-0.00137529296875,0.09457284918847009,0.09458284852115102,0.408,0.16078837645628408,0.11533619513249958,4.313678498578537,1.2583945108536907,-0.0010360351562500004,0.10334212308924427,0.10334731623722747,0.862,1.2471639279083515,0.02937672182857301,8.340806819030806,1.2873110358311866,-0.0029603515625,0.05671254175969504,0.05678975325020131,0.266,0.15477964240032538,-0.0024877979832631293,4.683943577427977,1.2590872492380034
2004.02.14.11.22.39,2004-02-14 11:22:39,293,-0.001987890625,0.07696297335359087,0.07698864186724233,0.449,0.4282343784664384,-0.008255556087311537,5.83202910338705,1.2715769033330613,-0.001572314453125,0.09403984385119622,0.09405298721623293,0.422,0.18325940174789457,0.10287183513327611,4.4868325025105165,1.2610354565846404,-0.001536083984375,0.10411901837324712,0.1041303487990683,0.71,1.0859712144731084,0.08251302714346515,6.818377237648825,1.2832723927827572,-0.0027465332031249997,0.05691755158482318,0.056983779473170036,0.281,0.15474361614043053,0.005755960162809331,4.931227844097366,1.2586268930025704
2004.02.14.11.32.39,2004-02-14 11:32:39,294,-0.0017611816406249998,0.07811699363331163,0.07813684441464298,0.444,0.5572219183026554,0.017624769244197622,5.682338509139917,1.2725232885063942,-0.0011953125,0.09446203838991271,0.09446960076527264,0.466,0.16907871466616298,0.09675159628440488,4.932803740304397,1.2578438499489537,-0.0014112304687499998,0.10018996619922363,0.10019990468277652,0.686,1.214663600384231,-0.008389077754510726,6.846313897920478,1.2883531482236754,-0.0023423828124999996,0.05624746921898757,0.0562962214609582,0.242,0.1088585785062599,-0.013725702295248539,4.2986899248261015,1.2577114651439876
2004.02.14.11.42.39,2004-02-14 11:42:39,295,-0.0017129394531250005,0.07651611202208854,0.07653528310881769,0.415,0.4463197937706549,-0.0024098928296286855,5.422335727300491,1.269020909914097,-0.0016054687499999997,0.09332588551732458,0.093339693793691,0.388,0.16268506725353937,0.10245862496038612,4.156859576351274,1.2587690757519912,-0.0013972167968750002,0.10054356799178854,0.10055327582578738,0.84,1.5550520915528772,0.00897018856393096,8.353780551668292,1.2910203495238444,-0.0032295410156249994,0.055948707819084356,0.056041840100025934,0.247,0.10901893844504507,0.018967939876881897,4.407421304495776,1.2558629146074924
2004.02.14.11.52.39,2004-02-14 11:52:39,296,-0.00240849609375,0.07841127565900609,0.07844825685702805,0.393,0.4749347955380543,0.009961759938714265,5.009671543323678,1.2702222587564334,-0.0008312988281249996,0.09388349873559508,0.09388717906390694,0.42,0.24325282301514228,0.10096993724087018,4.4734542478277595,1.2643233011832518,-0.0013908691406249998,0.10043736244072364,0.10044699244385381,0.608,1.0606396778502498,-0.06125396587343241,6.052943798589586,1.289445583306616,-0.0027941406249999997,0.05602757678321431,0.05609720654392026,0.261,0.07966305744549729,-0.01268467783207634,4.6526380916250245,1.2564670930672037
2004.02.14.12.02.39,2004-02-14 12:02:39,297,-0.0023276367187500006,0.07777931005189796,0.07781413088150346,0.413,0.5191691228606845,0.028374827542100186,5.307519281156306,1.2757701616079289,-0.0010643066406250002,0.09551037050719464,0.09551630030024653,0.417,0.22102445440390284,0.11415456237619934,4.365746984433019,1.2635679899679606,-0.0015525878906249998,0.10495820535447675,0.10496968800749398,0.664,1.1573913712458284,-0.06059580680426807,6.325635644002255,1.2867605142982614,-0.003252978515625,0.055374268264736536,0.05546973458633208,0.254,0.13836551080116521,-0.053993997994147926,4.57907364969773,1.2615759917555704
2004.02.14.12.12.39,2004-02-14 12:12:39,298,-0.001596875,0.0772861356750234,0.07730263111527155,0.369,0.3969041106344444,0.0004034613001456704,4.773446837142676,1.271706732739095,-0.002212109375,0.09435966623073408,0.09438559232776209,0.398,0.12587474658164854,0.13009776503443415,4.216745269955088,1.2563756971573319,-0.0019219238281250003,0.10158466108129716,0.10160284030578635,0.725,1.0816698868995376,0.08885497487926076,7.135627289729524,1.2884619887208388,-0.0026509765625,0.056619575476784756,0.05668160198782538,0.273,0.08338699571719976,-0.04154779105513038,4.816377632704128,1.2581549801123975
2004.02.14.12.22.39,2004-02-14 12:22:39,299,-0.0014182128906250003,0.07810925747846724,0.0781221315098393,0.396,0.44814243720393065,0.027244951788175667,5.068986116311033,1.2720550671562472,-0.0013044921875,0.09392593678486258,0.09393499508054094,0.442,0.13512017907195872,0.14913666691240818,4.705381627167001,1.2589284447316031,-0.0014595214843750003,0.10137112412715109,0.10138163053416346,0.977,1.980288387991493,-0.002088783382563691,9.636854278751924,1.2994155298961727,-0.003434765625,0.05508034297257342,0.05518733366339598,0.259,0.11977384422646242,-0.001183294435083692,4.6931058778762225,1.2580885881038115
2004.02.14.12.32.39,2004-02-14 12:32:39,300,-0.0019869140625,0.07920803258770218,0.07923294929450911,0.432,0.35898690771115405,0.0017911149536530618,5.452277163055672,1.2687719431090494,-0.00233974609375,0.09502331592133338,0.09505211718035926,0.488,0.24890282368719285,0.14504678347262595,5.134025569088913,1.2624170954476202,-0.002915185546875,0.10015349149801477,0.10019590892853672,0.706,1.1413766718215994,0.025764699949404488,7.046195873162289,1.2825052295879646,-0.0029774902343750005,0.0559728373991669,0.05605197565304344,0.249,0.17553162580434334,-0.01132155949253384,4.442305504828002,1.2621029338433987
2004.02.14.12.42.39,2004-02-14 12:42:39,301,-0.00177626953125,0.07536018552169875,0.07538111630449963,0.454,0.500196713065042,-0.03803265590001687,6.022728532781093,1.2677772026844727,-0.0013629882812500002,0.0945232851874747,0.09453311155191867,0.459,0.19668409834071854,0.12120140409408378,4.855441574541974,1.2617426594765007,-0.0015764160156249997,0.10210927109045391,0.10212143913046919,0.806,1.8698230403120153,-0.0666450324512212,7.892564057682968,1.2947771604518115,-0.002979638671875,0.05511976418468871,0.05520024139793797,0.256,0.18481285880204457,-0.01597085796580336,4.63766087822875,1.2634641171234948
2004.02.14.12.52.39,2004-02-14 12:52:39,302,-0.001262939453125,0.07694237300236206,0.07695273730866807,0.393,0.3559125944069117,0.010654915068832429,5.107030805462093,1.2670202925911276,-0.001812744140625,0.09328991921445748,0.0933075295373282,0.391,0.14455182524820165,0.1286691464451812,4.190444243233107,1.258969512269902,-0.0021381835937500002,0.09929786435886684,0.09932088247348841,0.691,1.179955002855574,0.03210727256996437,6.957247889782369,1.2913391949218775,-0.002921533203125,0.05601201779871587,0.05608815823452064,0.232,0.15168839856527372,-0.02233951821265714,4.136345483657025,1.2580544437066175
2004.02.14.13.02.39,2004-02-14 13:02:39,303,-0.001960400390625,0.07618175124586309,0.07620697076106703,0.449,0.523982653973766,-0.016744396743816788,5.891849466209031,1.2717192825156816,-0.0019170410156250004,0.09364109144215901,0.09366071242914167,0.479,0.07224512306801412,0.05632682528454903,5.114204105188543,1.2570284683964368,-0.002465625,0.10009586366992457,0.10012622648671402,0.708,1.0595344412264955,0.014950781681067076,7.0710744311725975,1.2859541869682234,-0.00312763671875,0.054666008436680985,0.054755406946198015,0.254,0.1154557164277854,-0.02413039093943124,4.638811291268043,1.258538734288489
2004.02.14.13.12.39,2004-02-14 13:12:39,304,-0.0022045898437500003,0.07852223161525393,0.07855317354645036,0.356,0.36186418762455075,-0.006613372548089036,4.531962031928458,1.2702579524759796,-0.001731103515625,0.0936832080266526,0.09369920055980667,0.496,0.24433975127928687,0.15531138057277394,5.293535025236542,1.2615347576670521,-0.0012897949218750003,0.10069441051974475,0.10070267067391696,0.996,2.810303905373808,0.05865317549713047,9.890502340549885,1.3025101698448458,-0.002594580078125,0.05557863534626027,0.055639163839281185,0.244,0.11920844206937664,-0.0019277309661523483,4.385400195891087,1.2599445546905603
2004.02.14.13.22.39,2004-02-14 13:22:39,305,-0.001957421875,0.07701287333790059,0.07703774503551003,0.422,0.3981230179180373,-0.013292743712402088,5.477834272089376,1.2694517408651156,-0.0016987792968750001,0.0932649972151457,0.0932804671763635,0.415,0.19039797070266662,0.14892905745607182,4.448948558709165,1.2596317522782055,-0.0024476074218750003,0.09789860122701068,0.09792919331995376,0.847,1.9832430802488084,0.01187643626194809,8.64910627041199,1.2994815130669002,-0.0032330078125,0.05551583568718762,0.05560989436748195,0.256,0.05161017818774383,-0.005798267780857202,4.603497325643128,1.2568844334935365
2004.02.14.13.32.39,2004-02-14 13:32:39,306,-0.00251982421875,0.0777947344024668,0.07783553311209315,0.378,0.4319978423653219,-0.021218987564437592,4.856393794536379,1.2704844186445705,-0.0016472167968750004,0.09357967291395855,0.09359416918729166,0.503,0.17611315612251532,0.15263450414363358,5.374266413898549,1.258971865018258,-0.0017151367187500002,0.09827738617892214,0.09829235132056308,0.696,1.2167694235188504,0.03742781504113604,7.080917188867721,1.2947162114823183,-0.00306640625,0.05553635127433392,0.0556209417410048,0.276,0.09218518601124082,-0.03410901975295545,4.962159779407828,1.2599958485856955
2004.02.14.13.42.39,2004-02-14 13:42:39,307,-0.0020064453124999998,0.076996360363586,0.07702249886903988,0.383,0.41200630636974145,0.022712327749459773,4.9725730224776115,1.2664980408141455,-0.0017183105468749997,0.09519662934654054,0.09521213593906044,0.447,0.3348491695045728,0.11004184827706784,4.694779668487826,1.2637465798687597,-0.0010045898437499997,0.0994329807192492,0.0994380553684994,0.759,1.3937170635519553,0.08247498790825335,7.632892630364539,1.2924950394045218,-0.00332685546875,0.05533357032892689,0.055433491434837924,0.232,0.07172286883602164,-0.04235625246928127,4.185195519800805,1.260865113334
2004.02.14.13.52.39,2004-02-14 13:52:39,308,-0.00186630859375,0.07603351053492233,0.07605641216906862,0.383,0.42089091311293725,-0.004630215313991656,5.035735831827237,1.2676935282217576,-0.0011474609375,0.09236148588878598,0.09236861340405354,0.457,0.07721923856939261,0.10218345068708097,4.947568044579359,1.2529983205883748,-0.001122802734375,0.09927812990629685,0.09928447896661328,0.859,1.8575880410759558,0.058303085467927784,8.651906208712226,1.2983459788687477,-0.002882568359375,0.05500144111078277,0.055076925518853855,0.232,-0.013476357668052774,-0.031544203115041414,4.212290316034109,1.2510610788708336
2004.02.14.14.02.39,2004-02-14 14:02:39,309,-0.0022175292968750005,0.07761152632757344,0.07764319967053215,0.378,0.4177640583898037,0.02972657172796808,4.868423784748556,1.2706779413958698,-0.0006406249999999999,0.09349947542257589,0.09350167006362774,0.43,0.07744859952353966,0.10810318220812919,4.598848338295837,1.253657506964557,-0.0019697265625000003,0.09778105855248234,0.09780089587715952,0.796,1.8025059843902849,-0.024482753762761593,8.138984749176498,1.296926135051352,-0.003223291015625,0.05670261387642739,0.056794154852331635,0.312,0.23996607816536075,-0.010632492550553535,5.493523071365699,1.2630283634418211
2004.02.14.14.12.39,2004-02-14 14:12:39,310,-0.00143525390625,0.07823235565931684,0.07824552016429598,0.408,0.462614995853301,-0.034631711359347894,5.214356031416268,1.2707271422899882,-0.0014103515625,0.0958012207477097,0.0958116015328063,0.442,0.20654395549068205,0.13924199736395712,4.613220037331882,1.260996549932827,-0.0022345703125,0.10192727788363865,0.10195176938753932,0.728,1.2239199108187266,-0.006939880818514637,7.140631343363199,1.2904681081144855,-0.003107373046875,0.05566443690078909,0.05575110135893618,0.254,0.11953306095825367,-0.023392072824085796,4.555963807148845,1.2605475658419432
2004.02.14.14.22.39,2004-02-14 14:22:39,311,-0.0017629394531250002,0.07846343012353105,0.07848323274601796,0.417,0.3663784441404645,-0.0352759882795859,5.313236794787324,1.2652139091160923,-0.00101279296875,0.09552310508914166,0.09552847405600463,0.488,0.23144474534394366,0.1387779661988821,5.1084245281035745,1.2603269368613403,-0.0019505859375,0.10157810312667258,0.10159682977491226,0.793,1.867372957600839,-0.04714418710723739,7.8053616609582335,1.2947103279178402,-0.0028761718750000007,0.05576217809984837,0.055836304239211154,0.286,0.19448821891626844,-0.00010433044374687095,5.122115510631449,1.2585986700217973
2004.02.14.14.32.39,2004-02-14 14:32:39,312,-0.0019533691406250003,0.07776679646355235,0.07779132524390572,0.371,0.2953570136517203,0.0016333440813211999,4.769169297948998,1.2633158388002759,-0.0015937500000000003,0.09300815603936974,0.09302180996361148,0.366,0.030095212499488433,0.11409185588531567,3.934561154455851,1.2514100996712738,-0.0019517578125000002,0.09611179666330037,0.09613161195156487,0.681,1.3632171003887281,0.025089552269523217,7.084038082531231,1.2948091321540272,-0.0028830566406250003,0.054917794976765716,0.05499341979458201,0.261,0.04883279197478041,-0.03573992652360479,4.746022360037226,1.2572408136351039
2004.02.14.14.42.39,2004-02-14 14:42:39,313,-0.002040087890625,0.07650616999469977,0.07653336531121165,0.371,0.35526277295406405,-0.0059417829259855144,4.847558950157009,1.2661250641774078,-0.001031494140625,0.09394642357354394,0.0939520860993617,0.542,0.3154965285807463,0.15245207370244537,5.7688979830292695,1.263811248104208,-0.001353564453125,0.09746381561125961,0.09747321421926321,0.688,1.4740737652222187,0.013187246322612166,7.058349368190154,1.2970597145466878,-0.0032549804687500004,0.055880723845173626,0.05597544278799856,0.234,0.04770821370692202,-0.014501498080199888,4.180404626476146,1.2565459949515856
2004.02.14.14.52.39,2004-02-14 14:52:39,314,-0.0022418457031249998,0.07768720809548703,0.07771954820910969,0.415,0.43795264689450253,-0.054202700195404484,5.339711945872542,1.2660172164439973,-0.001362841796875,0.09405917942711554,0.09406905214928886,0.645,0.23575528905634968,0.14472049842056528,6.856665239662203,1.2570701604423944,-0.0013810546875000003,0.10008366232954251,0.10009319046440547,0.752,1.46852768518246,0.021826106063978917,7.512998601712288,1.2979773069954754,-0.00310986328125,0.05556275256885842,0.05564971448854208,0.259,0.14875813268688587,-0.05004223420659332,4.654111928163197,1.2589709928168693
2004.02.14.15.02.39,2004-02-14 15:02:39,315,-0.0016091308593749998,0.07691784505126578,0.07693467481866109,0.359,0.41623752967556893,0.025370708024740476,4.666296450153082,1.2650549461670153,-0.0015940429687499996,0.09296060071248613,0.09297426664304753,0.449,0.1253592467388942,0.07062763675443165,4.829293268037576,1.2558571183546172,-0.0015269531250000003,0.10047698331395506,0.10048858523095422,0.984,2.2700292901630554,0.05024216383120364,9.792156967266083,1.3000933850399643,-0.002966845703125,0.054140473253860406,0.0542217024592379,0.256,0.11778912056021795,-0.031249343839562387,4.721356733356951,1.2579344065127096
2004.02.14.15.12.39,2004-02-14 15:12:39,316,-0.0016529785156249998,0.07839013968553384,0.07840756556538804,0.437,0.44322064491886604,-0.05459562201458002,5.573441757167726,1.2685614475046447,-0.0008650390625000002,0.09402002284461326,0.09402400219242557,0.498,0.16553540467417793,0.10076083181399315,5.296519913934467,1.2586765966395024,-0.0011147949218749994,0.09902124266974377,0.0990275177290541,0.908,1.7521061147166925,0.04823006651031936,9.169168538429375,1.2962802272941574,-0.0028633300781250003,0.055054327953491355,0.05512873738393503,0.251,0.11097213602540545,-0.02804219495612174,4.552979297384444,1.2591368574154396
2004.02.14.15.22.39,2004-02-14 15:22:39,317,-0.0024003417968750003,0.07633647011622328,0.0763741992465183,0.366,0.3836154471369735,-0.010751406389425323,4.792194269934489,1.2696331475071896,-0.001002783203125,0.09303173623732873,0.09303714054873126,0.454,0.17387187986687858,0.1015458415159123,4.879771640898643,1.2592986014731793,-0.0004881835937500001,0.09999524284105367,0.09999643450674878,0.688,1.2708930277381123,-0.025029409680206754,6.880245314682362,1.2925045811695408,-0.00321806640625,0.05498663372537653,0.05508072112675859,0.247,0.17734375589246643,-0.020621540962708376,4.484327636734693,1.2616322701779128
2004.02.14.15.32.39,2004-02-14 15:32:39,318,-0.0015445312500000003,0.07683881242635635,0.07685433411249491,0.398,0.36018537092225333,-0.04024629297438455,5.178627914691587,1.2653380388609985,-0.0016008789062499998,0.09323570694754651,0.09324944966744442,0.398,0.09101130507436705,0.17080709680591585,4.268121703874797,1.252723049587637,-0.0020174316406249997,0.09894062267480698,0.09896118858271219,0.713,1.240576687746258,0.0451891645676278,7.204844749859401,1.2842793798465282,-0.0037978515625000002,0.05497850836556924,0.055109527838602915,0.278,0.12448402943027093,-0.04915346909434498,5.044499760806653,1.2582448680315759
2004.02.14.15.42.39,2004-02-14 15:42:39,319,-0.002496728515625,0.07685214338209696,0.07689268883127397,0.393,0.47939329223455873,-0.011281579773307956,5.1110190835225175,1.2749242963294374,-0.001361962890625,0.09352502583520192,0.09353494213603078,0.403,0.1707307742820956,0.12717468388657063,4.308550267919176,1.2583404759093924,-0.0014171875,0.09736930832962636,0.09737962119971508,0.649,1.209102557732649,0.018492668619606776,6.664638781752613,1.2857749344133782,-0.00343388671875,0.0544728790758786,0.054581005238200773,0.247,0.16511265140012554,-0.012609118836475017,4.525383856930631,1.2615812128019896
2004.02.14.15.52.39,2004-02-14 15:52:39,320,-0.001877392578125,0.07815712687331831,0.07817967180785793,0.432,0.4221871397231127,0.014268408983468239,5.525733096727827,1.2719928108184637,-0.0012432617187500001,0.09375704558684479,0.09376528833675606,0.403,0.13866783172552655,0.10664995918979613,4.297965773353504,1.2584971440290535,-0.0016297851562500003,0.10060715511194752,0.10062035509465767,0.876,1.9937401786255622,-0.03284345027733054,8.705991935487717,1.2976289674901416,-0.002800244140625,0.05509673036765449,0.055167844478945564,0.244,0.07800500551398004,-0.026228558262836335,4.42286629656377,1.2556665435960186
2004.02.14.16.02.39,2004-02-14 16:02:39,321,-0.0017803710937500002,0.0782394068899253,0.07825966082036613,0.417,0.47184744365062325,-0.01625925908180953,5.32841563110226,1.2706665971125413,-0.0008547363281250001,0.09274608704488567,0.09275002553276267,0.62,0.34420819538384206,0.11742072016575347,6.684634278413148,1.2641011289349118,-0.001972900390625,0.10015470697907462,0.10017413671210561,0.854,1.4256163193997073,-0.010809200127132159,8.525154576119226,1.2914572189047884,-0.0029825683593750004,0.055682745999073,0.05576256733701942,0.293,0.21371636594788024,-0.026743788808166687,5.2544209133908435,1.2651282768064722
2004.02.14.16.12.39,2004-02-14 16:12:39,322,-0.0027058593750000004,0.07595500572941342,0.07600318789572251,0.4,0.30438619570477865,-0.024944061975606887,5.262937135594969,1.2640739663597977,-0.002112744140625,0.09477932446161126,0.09480286933001092,0.405,0.08145254380256528,0.12965826715808096,4.272022596596585,1.2540070180002956,-0.0014398437500000002,0.0984813106594055,0.09849183569828897,0.894,1.6326280894737595,-0.11439405194387578,9.076894482285812,1.2941658615319693,-0.002424560546875,0.055655418932437854,0.05570820541348128,0.251,0.0863038208641469,0.004709146155085469,4.505619919669114,1.257226405592755
2004.02.14.16.22.39,2004-02-14 16:22:39,323,-0.002043603515625,0.07754249215087042,0.0775694166814272,0.374,0.27221367860096635,0.015394699434514221,4.821487849212466,1.2634249225465937,-0.00140771484375,0.09315838002351794,0.09316901539507381,0.479,0.15842982373952852,0.10751680075824493,5.141194183161095,1.2567619387954643,-0.0012420410156250004,0.09868675466852748,0.09869457033135422,0.735,1.284036897467284,0.096752768741761,7.447218195816982,1.2864080570312204,-0.0030191894531250004,0.05526598125881114,0.055348389221847503,0.237,0.04157872634764104,0.0016415665037212972,4.281967430886854,1.2542142524167212
2004.02.14.16.32.39,2004-02-14 16:32:39,324,-0.0015506835937500005,0.07731367956811282,0.07732922906617362,0.383,0.2258166101647494,-0.02362288311900288,4.952849066583245,1.2584489336736728,-0.001754833984375,0.094473807966397,0.09449010442360817,0.481,0.13928144926125663,0.13866765678301315,5.090480140053937,1.2573149565403943,-0.0017744140625000002,0.09950128566639757,0.09951710603977212,0.669,1.2566001608837256,0.07680401190461748,6.722462364737912,1.2883743667170693,-0.00331865234375,0.055028290165117094,0.0551282701694421,0.215,0.0071648457953581435,-0.013322612108323615,3.89999539871606,1.2538725556956816
2004.02.14.16.42.39,2004-02-14 16:42:39,325,-0.001159716796875,0.07650491219623855,0.07651370160437361,0.391,0.4724327312404091,0.004941477534774784,5.110195844683196,1.2689486751011405,-0.0009569824218750002,0.09366414847760507,0.09366903717552896,0.493,0.22256684270928995,0.15494680917941686,5.2632119947614475,1.2581130757840873,-0.00177197265625,0.10014881190991734,0.10016448679079078,0.676,1.4408864971169724,-0.07758159613828107,6.748898952698993,1.2943973517739051,-0.002823681640625,0.05490876680095604,0.054981322734264725,0.242,0.04191933600093556,-0.05979839789130239,4.401494688835196,1.2533629226252327
2004.02.14.16.52.39,2004-02-14 16:52:39,326,-0.0024634765624999997,0.07872387918744708,0.07876241407609184,0.461,0.6552318596666904,-0.00041176816038151776,5.853045585355357,1.276784858520183,-0.0016555175781250001,0.0943909828861867,0.09440549977978971,0.457,0.13613970147355658,0.14172560344531257,4.840819666926167,1.2545329013770181,-0.0008648437499999998,0.09832672782444805,0.09833053116593543,0.762,1.4328607222122987,0.08193703989816321,7.749373373302585,1.2883217848582633,-0.0029808105468749997,0.05538864350235086,0.05546879357392655,0.281,0.14849126447783778,-0.032718816771830854,5.065911513389861,1.261672283540649
2004.02.14.17.02.39,2004-02-14 17:02:39,327,-0.0013345214843750001,0.07562268242617169,0.07563445673052643,0.378,0.2940289000270888,-0.014845114149992594,4.997722153895466,1.2629206719851265,-0.0012241699218750002,0.09299679142122594,0.09300484829642283,0.466,0.1927319192535153,0.08055731588924554,5.010491480129896,1.258528801862441,-0.0028902343750000004,0.10109471774239157,0.1011360242947895,0.559,1.0374098413020612,-0.030766836602642445,5.52720955661295,1.2875577197905912,-0.0026703125000000004,0.055793169222886,0.055857034478937834,0.234,0.025194502934236862,0.01572951884187546,4.18926644034844,1.2526028361349966
2004.02.14.17.12.39,2004-02-14 17:12:39,328,-0.0016426269531250003,0.07763246535492412,0.07764984159926294,0.354,0.3089038176237877,0.05208952830971312,4.5589275226977435,1.2646181903691385,-0.0011652832031250001,0.09465441756963665,0.09466159015350747,0.486,0.13369684847903596,0.14656758667412872,5.134078132554932,1.2575100986680268,-0.0009408203125,0.1008202168549088,0.10082460646851665,0.874,1.6300737114199375,0.03801961540997214,8.668518832978673,1.2953396235314323,-0.002485205078125,0.05531870000436368,0.05537449606500383,0.315,0.13156618346166393,0.01742263432075134,5.688539352669199,1.2585769181978357
2004.02.14.17.22.39,2004-02-14 17:22:39,329,-0.0017079589843750002,0.07829359630142696,0.07831222347566902,0.422,0.4207031177532925,0.05771399812147966,5.38868622637323,1.2714162112653258,-0.0017170898437500002,0.09475550951230878,0.09477106615665327,0.437,0.20655723120643854,0.11823893702753302,4.611111995697655,1.2635582766441715,-0.002362890625,0.09793574628417367,0.09796424680639235,0.64,0.8497986717808286,0.009115567391973342,6.532995667948511,1.2829416514763814,-0.003298681640625001,0.05501624403425709,0.05511504702169023,0.242,0.13370324175673387,-0.024188098236819403,4.390815450175742,1.2561205012260293
2004.02.14.17.32.39,2004-02-14 17:32:39,330,-0.0019138183593750003,0.07746422337313492,0.077487861007487,0.4,0.4261150547702037,-0.015180320245078795,5.162098873284828,1.268946944425565,-0.0012777343749999998,0.09346104433896213,0.09346977807859876,0.4,0.12252240774371392,0.07866562047797186,4.279458111729332,1.2596027035321327,-0.0019191894531249997,0.09916144488305996,0.09918001532291233,0.637,1.3697089091011625,0.03751926643967902,6.42266486777646,1.2945777396163853,-0.002984423828125,0.05556754407609261,0.05564763014032471,0.283,0.21116205242970087,0.007020487171259659,5.085571466140942,1.2605348959075267
2004.02.14.17.42.39,2004-02-14 17:42:39,331,-0.00196455078125,0.07661337986162496,0.0766385636190668,0.403,0.4142624303884457,0.04438985744230545,5.258449284137395,1.2699447886997184,-0.001638427734375,0.0938927089751907,0.09390700316877665,0.481,0.19458997773950415,0.08827525124952702,5.122088702325119,1.2578840645291873,-0.0019277832031249996,0.10016335782875455,0.10018190754626992,0.891,1.717192648686849,0.07328867132036578,8.893821467598665,1.29351326409775,-0.0032888183593749996,0.05511788176804251,0.05521591452468097,0.251,0.09558137228536712,-0.0029980563514747194,4.5457908677362475,1.258178535349109
2004.02.14.17.52.39,2004-02-14 17:52:39,332,-0.0018185546875,0.07509976364459194,0.07512177873709461,0.374,0.4322386192221237,0.005397107076972954,4.978582859557895,1.2690054856022355,-0.0018758300781250002,0.0930621870891442,0.0930810904765134,0.398,0.03164492264922014,0.1398517751454671,4.2758416125391765,1.2502570840281537,-0.000885400390625,0.09777516860351178,0.09777917738095815,0.671,1.2421244437510186,-0.0038921603176667826,6.86240177073399,1.2907168799550512,-0.002972119140625,0.0559213424115588,0.05600026811808025,0.242,0.12281832971891049,0.009984100848957162,4.321407881293123,1.2583487664408475
2004.02.14.18.02.39,2004-02-14 18:02:39,333,-0.0021423339843750005,0.07497681350459298,0.0750074140215694,0.354,0.264094651949371,0.0052841904323497665,4.719533457028694,1.2615367375267137,-0.001586767578125,0.09295741365075401,0.0929709555935851,0.449,0.0920772351676713,0.12732763229555957,4.829465257545234,1.2552419748210122,-0.0016229980468749996,0.09700300368051994,0.09701658026184558,0.623,1.1020831755666824,0.009024923909269586,6.42158276779636,1.288796094473203,-0.0030953125,0.05487023930712435,0.05495747557060595,0.342,0.2126442803421611,-0.008751069036780523,6.222993258862839,1.259223362532847
2004.02.14.18.12.39,2004-02-14 18:12:39,334,-0.001755419921875,0.0763621415047716,0.07638231571703541,0.361,0.33280843175983454,0.0034653848290840004,4.7262248677737695,1.2660007930238761,-0.0016622070312500002,0.09297894617098278,0.09299380282191523,0.564,0.13254591277048222,0.06658968090523971,6.064920273021524,1.253950844274678,-0.001679736328125,0.09975298064708317,0.09976712215008197,0.535,1.151552169790703,-0.04470908979046921,5.362488046865652,1.2944874627765546,-0.00254716796875,0.05413575890638482,0.05419564979803499,0.269,0.059373891031528014,-0.045538695263623245,4.963498011417022,1.2571064124166762
2004.02.14.18.22.39,2004-02-14 18:22:39,335,-0.0022265625,0.0778484444935067,0.07788027921511965,0.364,0.3784283215736437,-0.052990636716203465,4.6738404595926655,1.2701963669132088,-0.0018944335937499997,0.0939266361413397,0.09394573888936501,0.481,0.2543285394948369,0.14057276522363682,5.1199767619737235,1.260473037172122,-0.0016781250000000001,0.0984401899930073,0.09845449258096352,0.559,1.1773181921077915,0.01420413031865688,5.677750048229739,1.2902067481383743,-0.0026772949218749997,0.055262507528935724,0.05532732278435651,0.239,0.09893103916214274,-0.051266807383371076,4.319746338197588,1.2587815826133173
2004.02.14.18.32.39,2004-02-14 18:32:39,336,-0.0017974121093750003,0.07525292848292316,0.07527439096762507,0.398,0.43813676578415883,0.014947210797409039,5.2873227519193975,1.2702853137208698,-0.0010183105468749998,0.09374195489791777,0.09374748564336606,0.442,0.09888012179749017,0.11176386511123783,4.714793116494401,1.2547034709663218,-0.001655908203125,0.09879417726851844,0.09880805379188796,0.857,1.6234263898692838,-0.013152310427908133,8.673382048441468,1.2930272515211592,-0.0030820800781249996,0.05560544293812567,0.055690793691175966,0.254,0.07761380331189827,-0.010173598448533548,4.560897469131339,1.259926776826358
2004.02.14.18.42.39,2004-02-14 18:42:39,337,-0.0022341796875,0.07915147318116678,0.07918299858950152,0.378,0.41325990616012565,0.011272075494800119,4.773752026740209,1.2693258132260719,-0.001324365234375,0.09537845418920803,0.09538764839745698,0.5,0.25400609705521715,0.1552493179615396,5.241768807598888,1.263124195686854,-0.0005669921875000002,0.10113425195400821,0.1011358413147263,0.898,1.7717557477553907,0.06632675935972737,8.879146980203576,1.2979995601557621,-0.00315361328125,0.055676315310494225,0.055765557141314835,0.261,0.11319339951364293,0.02127917768336682,4.680308301028949,1.2574496121707985
2004.02.14.18.52.39,2004-02-14 18:52:39,338,-0.0009719238281250001,0.07800105820352181,0.07800711324486297,0.381,0.34814837459687187,0.02101306121225579,4.884169970551886,1.2704084883822848,-0.0017982421875000001,0.09409024153225241,0.09410742386529608,0.474,0.15800535143743444,0.06953117625381681,5.036797104110259,1.2584952546617738,-0.0008173339843750001,0.10028776701674467,0.10029109755131248,0.784,1.4464525038060518,0.01014318501337154,7.817244193572394,1.2894423075866195,-0.0024126953125,0.05623126593378937,0.05628300247132788,0.286,0.11857098776911368,-0.0130132444096433,5.081463096175374,1.25909731376701
2004.02.14.19.02.39,2004-02-14 19:02:39,339,-0.0020195800781250004,0.0782297576242485,0.07825582203031686,0.381,0.3212339905021637,0.0019217993073334483,4.868647342972103,1.2635350546873203,-0.0014541992187499999,0.09368534568457565,0.09369663116359227,0.481,0.10392468108219921,0.11978261800259794,5.133589052526173,1.2544729168663,-0.002491650390625,0.0996427036331074,0.0996738516812929,0.969,1.5065672983238105,0.11806649501713298,9.721707184531978,1.2886888323590533,-0.00310703125,0.05510038042716015,0.055187911415510646,0.247,0.15941689530197412,-0.02366268751739522,4.475617823989263,1.2603661013620757
2004.02.14.19.12.39,2004-02-14 19:12:39,340,-0.0015823242187499999,0.07754587012035527,0.07756201211067341,0.425,0.5701837051718379,0.03888345369701389,5.479486522262555,1.2720969518961223,-0.000879443359375,0.0947267578852764,0.09473084017403269,0.459,0.2133060025177489,0.09706287625161066,4.845306968213923,1.2627284812237431,-0.00119306640625,0.09909460309260806,0.09910178489578908,0.818,1.4383741433543848,0.06038548733113336,8.25413993158823,1.2952084253870495,-0.002956396484375,0.0563860646284195,0.056463515339138466,0.278,0.13069596219782786,-0.01520885409355633,4.923533335291657,1.259353944226815
2004.02.14.19.22.39,2004-02-14 19:22:39,341,-0.0018259277343749998,0.07687381427959207,0.07689549618790671,0.376,0.36326545631774865,0.055369502842684895,4.8897532188514985,1.2643274829844833,-0.0016762695312500004,0.09348218926780841,0.09349721701657088,0.464,0.1284500475701713,0.10056765807196706,4.962714557779441,1.2540690636768197,-0.0003584472656250001,0.09702073706097393,0.09702139920809674,0.764,1.1599370414301564,0.06713804399903131,7.874551451905281,1.2849643874955599,-0.00312626953125,0.054449395705776456,0.05453907089331693,0.242,0.006477317886276701,-0.018455875077421947,4.437185966614147,1.256134893562254
2004.02.14.19.32.39,2004-02-14 19:32:39,342,-0.0017081542968749998,0.07673297177188527,0.07675198204637373,0.4,0.3774049694681154,0.014011684004366596,5.211591796526102,1.2690364619851386,-0.0016045898437499998,0.09329002418129086,0.0933038226457657,0.457,0.159638244961545,0.08496505195254753,4.8979772429585395,1.2582571505798419,-0.0013150390625,0.09849906045514013,0.09850783846111562,0.635,1.0125146841062422,-0.04493840218266463,6.446187531062881,1.2882844281787544,-0.0028423828125,0.055121165014932826,0.055194401642342766,0.232,0.06274083449477219,-0.006456180546648011,4.203324849924989,1.257835278761528
2004.02.14.19.42.39,2004-02-14 19:42:39,343,-0.0019189941406250002,0.07703683378953455,0.07706073123730481,0.391,0.3376605342051544,0.03782793004877168,5.073920188947265,1.2653112766849617,-0.0014760742187499998,0.09311149395463077,0.09312319314522295,0.427,0.0789433651230067,0.11236964014295243,4.585323865925707,1.2544071480061867,-0.0008720703125000001,0.10035901005699517,0.1003627989159828,0.588,0.9356752121576504,-0.04938004064932781,5.858744538324755,1.2861582774963318,-0.0023734375,0.05517778437182481,0.0552288067384223,0.251,0.07835663920293356,-0.007833012282833387,4.54472973114918,1.2567007413003015
2004.02.14.19.52.39,2004-02-14 19:52:39,344,-0.0020412109375,0.07645715623248507,0.07648439894024141,0.369,0.40368314859793664,0.009556589048265103,4.824513300919134,1.267938023150663,-0.00116396484375,0.0913186368055832,0.09132605456378537,0.471,0.25927612395734956,0.10041492826354485,5.157345318920317,1.2643685230174668,-0.00234169921875,0.09857683610587178,0.09860464579255382,0.664,1.0841907562129185,0.07896650170859708,6.73396263089809,1.2877594402076196,-0.00310869140625,0.05582309794612986,0.055909589754911455,0.244,0.18049364037031745,-0.009194143118871118,4.364188703040259,1.26049753540929
2004.02.14.20.02.39,2004-02-14 20:02:39,345,-0.001978857421875,0.07802320488327184,0.07804829515724943,0.454,0.4955016945782238,0.039552440455765454,5.8169111712856,1.269706008371192,-0.0017812499999999998,0.09362583339916127,0.09364277618294964,0.53,0.195917521033401,0.08061048837119769,5.6598065713530366,1.2598847043217598,-0.002059912109375,0.10160454117554134,0.101625420173255,0.823,2.265762565746509,-0.00223353856098557,8.098367500935467,1.303032749824395,-0.0025600097656250003,0.055610259742890786,0.05566915338562169,0.254,0.07395168898295523,0.0007139228342208223,4.562670429717788,1.2545037090714684
2004.02.14.20.12.39,2004-02-14 20:12:39,346,-0.002130712890625,0.07647613594591682,0.07650581224090511,0.352,0.32143393913664564,0.003097700371138625,4.60095762256083,1.2669731067590997,-0.0014946777343750003,0.09329918782195261,0.09331115962073146,0.527,0.1873608303243115,0.13244950867161354,5.647770343247492,1.2543312535370665,-0.0019262695312500001,0.10099483004902021,0.10101319820170779,0.833,1.6800658221566724,-0.07497602155018518,8.24644714581383,1.2912564081705236,-0.002746044921875,0.05554376537517662,0.05561160521658789,0.283,0.18248309654086903,-0.0332061132157249,5.088865874268747,1.2626488474508901
2004.02.14.20.22.39,2004-02-14 20:22:39,347,-0.0019508300781250001,0.0786808722778091,0.07870505320746964,0.461,0.5518785151478052,-0.040945560488670346,5.857311331520045,1.2695133270973764,-0.0013611328125000001,0.09319892909187845,0.09320886796011552,0.447,0.17877094013740047,0.15699791492260765,4.795681031028864,1.2576673025483625,-0.002889501953125,0.09981853626836931,0.09986034951018785,0.613,1.1615831514588688,-0.004759321948058298,6.138572546628841,1.2879323380944612,-0.0032050292968750006,0.05577633735456773,0.05586834543356708,0.295,0.09540623434601825,-0.02162133757453033,5.280270924629114,1.258682263987615
2004.02.14.20.32.39,2004-02-14 20:32:39,348,-0.001975830078125,0.07719535987180028,0.07722064160724369,0.388,0.42249302572013914,-0.019125658602111028,5.024563276402557,1.2704405834034376,-0.0008175292968750003,0.09165556413477786,0.09165921007195964,0.371,0.09362917833834628,0.11609016824868196,4.047601978118031,1.2556551703825891,-0.001264453125,0.0987554833628603,0.0987635779826627,0.876,2.1118030155654397,-0.05261096809154933,8.86966650958895,1.29673647190829,-0.0026019531249999997,0.05585808482857744,0.05591865342424878,0.259,0.10205220047702523,-0.04404105673168043,4.6317281289839904,1.2589639312444099
2004.02.14.20.42.39,2004-02-14 20:42:39,349,-0.0019471191406249997,0.07665643399961015,0.07668115900587559,0.41,0.30615492979033476,0.030253716776114506,5.346815375711579,1.2620151002065538,-0.0018169921874999998,0.09229993463660639,0.09231781731892956,0.398,0.03582481051834652,0.12927496669645377,4.311193782073865,1.2522976490910325,-0.002001513671875,0.0980110272995757,0.09803146193593604,0.989,2.1082288666399345,-0.04517500941046755,10.088597889586872,1.2956973505973668,-0.0032969726562499997,0.054141790577417546,0.05424208251556166,0.229,0.027922184987705823,-0.019173645145791337,4.221814306895418,1.2568993939050113
2004.02.14.20.52.39,2004-02-14 20:52:39,350,-0.0023460449218749998,0.07556877706675667,0.07560518496862914,0.393,0.389790037405521,0.0035128804980339022,5.198056193673324,1.2688105210365908,-0.0014746582031250001,0.09184724252450821,0.09185907998761948,0.427,0.1661089259718569,0.07321928725055783,4.648424522187136,1.2592979068619712,-0.0016493652343749997,0.0989982888040016,0.09901202751078717,1.008,2.85517808622574,0.0973222458003239,10.180581342909884,1.3061978263734992,-0.0029460937500000004,0.05394678842002516,0.05402717324845665,0.242,0.14479679997389594,0.014588914033314106,4.479227497006111,1.258563885135996
2004.02.14.21.02.39,2004-02-14 21:02:39,351,-0.00203828125,0.07640429061505413,0.07643147398057787,0.366,0.27409504741691837,-0.012521961375462314,4.78860318843262,1.2638299520586451,-0.0012888671875000003,0.09241013187803995,0.09241911951725006,0.461,0.2027258492693771,0.1676842874485809,4.98814533624673,1.2587459567122137,-0.0012865722656250002,0.10068619914666657,0.10069441874700343,0.918,2.1041770917450346,0.05242275264226714,9.116691981772018,1.2988368383705382,-0.00323515625,0.05543490053776444,0.05552922143875015,0.234,0.11216910390493773,-0.008197582220322465,4.213997494240158,1.2593472866763116
2004.02.14.21.12.39,2004-02-14 21:12:39,352,-0.0024192871093750004,0.07734805877568478,0.07738588467210526,0.369,0.46867986441406906,0.020102007899549853,4.768311450641215,1.2735192897283718,-0.0005752929687499998,0.09360065862916034,0.09360242655942473,0.452,0.11851053620481355,0.1191344550333319,4.8289346399907895,1.2556562147105528,-0.001638818359375,0.10164707520352886,0.1016602853775597,0.925,1.8101230813570037,-0.010457913813510246,9.098931766368844,1.2960940087367472,-0.0029263671875,0.05534522555985677,0.055422537087249084,0.281,0.11299604189623924,-0.026142192002785426,5.070139599665656,1.2557485784123894
2004.02.14.21.22.39,2004-02-14 21:22:39,353,-0.00165908203125,0.07671429012964165,0.07673222832214147,0.522,0.41505337196138736,-0.017336723568894173,6.802878157122075,1.2672335390485299,-0.0015602539062500001,0.0940270343352008,0.09403997861614496,0.464,0.22580235248796798,0.15443168800445642,4.934071730215596,1.2587736318791283,-0.0011256347656250002,0.0984889155757961,0.09849534783390469,0.679,1.2217844085424554,0.04824388218673047,6.89372660671259,1.2939073408812054,-0.0025194824218749997,0.05537819643114506,0.055435479899073895,0.237,0.04388678057146489,0.012223253154620388,4.275240341230623,1.256287840812732
2004.02.14.21.32.39,2004-02-14 21:32:39,354,-0.0018869140625000004,0.07785117202077461,0.07787403565815439,0.449,0.5209914178339532,-0.023116085785980855,5.765721478349813,1.2733598169706246,-0.00160771484375,0.09351215411819437,0.09352597347712426,0.405,0.08305271271578718,0.11395887035646445,4.330347869611429,1.2546684174609037,-0.0019242675781250003,0.09919102849421868,0.09920969176170806,0.84,1.9573301409064028,0.0010649583941826567,8.466914724597649,1.297407749066465,-0.0031264648437500002,0.05528934828687209,0.055377674349924175,0.234,0.05452411153297243,0.0370453052315842,4.225529561270216,1.2543768243112774
2004.02.14.21.42.39,2004-02-14 21:42:39,355,-0.00113603515625,0.07609349942401462,0.07610197914948566,0.459,0.46806435398399415,-0.011006075117471524,6.031380591277332,1.2684365125848973,-0.0010974609375,0.09377147344386998,0.09377789532903665,0.488,0.22491483114482191,0.1374718535879753,5.2037849462046895,1.2586993483834261,-0.0019512207031250003,0.09720708661892698,0.09722666790120843,0.764,2.2028122834955592,-0.019152249967031524,7.857926395012291,1.3047831459686872,-0.0025535644531249997,0.05530027020508681,0.05535919594947053,0.244,0.08011834187868727,-0.030811850035303408,4.407578466687135,1.2577741189474987
2004.02.14.21.52.39,2004-02-14 21:52:39,356,-0.0017716796875000003,0.0784287645702927,0.07844877284532563,0.391,0.3924706247737939,-0.018447182450738897,4.9841442487688035,1.2689143810210421,-0.000821875,0.09487168868768557,0.0948752485792198,0.454,0.2047345819491473,0.14342836086324723,4.785231204120798,1.2614390919552965,-0.0009170410156250003,0.10051826104421915,0.10052244409870925,0.696,1.5061057425767466,0.1061090117717889,6.923826875086266,1.2931636094651309,-0.00308916015625,0.054913857964636645,0.05500067915063641,0.239,0.1314234305309161,-0.024388297706000994,4.345400887604031,1.2588218237101636
2004.02.14.22.02.39,2004-02-14 22:02:39,357,-0.00153271484375,0.07837120333241189,0.07838618964181446,0.378,0.4702673332381768,0.011830659019398513,4.82227802789331,1.2729369536595994,-0.0020553222656250003,0.09404126689331685,0.09406372429643439,0.457,0.19080878208575447,0.152382888605041,4.85840852484004,1.2583405938181014,-0.0025531250000000003,0.09954565932784627,0.09957839493726162,0.669,1.5092529048058445,0.018198776776621177,6.718324797477373,1.292848783656298,-0.00244228515625,0.0555180308289281,0.05557172396017825,0.286,0.16665189435945926,-0.01643369181097361,5.146502206858702,1.2586943420627457
2004.02.14.22.12.39,2004-02-14 22:12:39,358,-0.0017539550781250004,0.07638111651411816,0.07640125207324402,0.396,0.4155701252808761,0.04186611645741568,5.183161129615578,1.2706687140378268,-0.001046240234375,0.0936245450199898,0.09363039062627115,0.508,0.20988169627535846,0.11561392739152176,5.425588813654522,1.259588153433861,-0.0006689453124999999,0.09984542678786112,0.0998476676657059,0.732,1.5373777289705872,0.02742182549623217,7.331167738947755,1.2934371983924111,-0.00317587890625,0.0550902714816585,0.0551817380910569,0.217,0.13416595176897417,-0.008083337114120903,3.9324604027861962,1.2614432881772497
2004.02.14.22.22.39,2004-02-14 22:22:39,359,-0.002301123046875,0.07755393472743673,0.07758806582835001,0.398,0.4161077726251592,-0.0136327611505856,5.1296548734763565,1.273461481815835,-0.00153056640625,0.09415238719710488,0.09416482702388138,0.476,0.13723127056056228,0.08486784643034216,5.054966010602668,1.259511279426711,-0.0012718749999999998,0.09835208898748986,0.0983603124955322,0.713,1.5632614779060097,0.07964181271037041,7.248858629158853,1.2929387117388396,-0.0032349609375000006,0.05493654159074449,0.05503170517273429,0.312,0.15890977503198345,-0.0059166795436132414,5.669459069470771,1.2579237041135745
2004.02.14.22.32.39,2004-02-14 22:32:39,360,-0.001817626953125,0.07628622661353195,0.07630787730419367,0.4,0.259737428643497,0.027416412410051064,5.241922775619092,1.2628190730377242,-0.001729541015625,0.09343290617043545,0.09344891260778868,0.452,0.1845263582154275,0.07742689719160642,4.836867411149814,1.2595527542490645,-0.0011941894531250002,0.1000795149465697,0.10008663946996435,0.962,2.0615758865863034,-0.02817111188336228,9.611672497893116,1.2969717604532371,-0.0025540527343750003,0.05477281210134647,0.054832327425154724,0.276,0.21377039023773925,0.0015979945320553541,5.033526989652878,1.2594854747295263
2004.02.14.22.42.39,2004-02-14 22:42:39,361,-0.0019311035156250004,0.07533387721343443,0.07535862403731158,0.378,0.46059922045061397,0.031647557893797515,5.016015151933302,1.267497805397646,-0.0008187011718749998,0.09221438692593227,0.09221802116579153,0.42,0.1953687518031706,0.11420178181530889,4.554424338003469,1.260724846066519,-0.001224267578125,0.09595065996340399,0.09595847007177441,0.662,0.9200501900429865,-0.0187618692713866,6.8988177854945105,1.2832316338560819,-0.0028472656250000004,0.05451258018818403,0.05458688780570385,0.225,0.10203201940999573,-0.0024824274381407413,4.121868988040925,1.25906277213876
2004.02.14.22.52.39,2004-02-14 22:52:39,362,-0.0022820312499999998,0.07681343412124615,0.0768473247948489,0.371,0.2964954180069941,-0.011202151120523649,4.827754264581351,1.2679809829412747,-0.001650634765625,0.0925549539282873,0.09256967155498001,0.43,0.15889396504177178,0.11321637236943523,4.645149893878684,1.2585993042855306,-0.002687744140625,0.09927189278668036,0.0993082708842301,0.825,1.6187883840356498,0.042515933970566695,8.307465155261381,1.2962072238620022,-0.00294306640625,0.05537229625146182,0.05545045384874004,0.256,0.16841363311119073,0.004175880216840097,4.616734079369793,1.2613097679603755
2004.02.14.23.02.39,2004-02-14 23:02:39,363,-0.0017149902343749999,0.07785398787240524,0.07787287473273749,0.366,0.4005970384193862,0.0220041848818913,4.699967752007681,1.269439721320626,-0.001539794921875,0.09346669265098767,0.09347937528415359,0.444,0.2401486444701888,0.10023296004781221,4.749710817496935,1.2615691023843925,-0.0009088867187500001,0.10014309585582387,0.10014722024427962,0.83,1.7676274830343344,-0.10675563103638616,8.28779868253417,1.2960797323958446,-0.0027354003906250005,0.05597465906774104,0.056041456735588836,0.249,0.1725969190109291,0.0062547781572243315,4.4431393205001015,1.262002058324043
2004.02.14.23.12.39,2004-02-14 23:12:39,364,-0.0021198730468750004,0.0775262621555561,0.07755523957507239,0.508,0.41182245684681895,0.03133042690110886,6.550169953485388,1.266869504163512,-0.00168662109375,0.0938160961622784,0.09383125593235844,0.513,0.21268920305720362,0.07605296140998012,5.467261360860544,1.259621943470125,-0.0014533691406249999,0.10155976329666909,0.10157016197060224,0.886,1.964587384293397,0.10179977834417883,8.723034233778593,1.2994426668286272,-0.0027306640625000002,0.055942870876482295,0.05600947534234721,0.266,0.18007529719347826,0.018903889140509705,4.749196423893027,1.258269880928702
2004.02.14.23.22.39,2004-02-14 23:22:39,365,-0.002073046875,0.0766363670204398,0.07666440030051432,0.403,0.4049766158613508,0.034181901208284265,5.256677133327767,1.268572585930558,-0.001310986328125,0.09482260223662708,0.09483166443798255,0.488,0.3758928634671683,0.10938627198198078,5.145960506884695,1.2657629453137422,-0.0019103515625000002,0.10082328905318157,0.10084138564395945,0.947,2.5845421273232576,-0.0077649446009406915,9.390985595374222,1.3002125297399172,-0.002855517578125,0.055067603816256104,0.055141590208327554,0.293,0.10765032575736999,-0.03518836019227342,5.313593585042289,1.2580470438913445
2004.02.14.23.32.39,2004-02-14 23:32:39,366,-0.002400390625,0.07752790160446214,0.07756505271282776,0.461,0.59416197100937,-0.021400401532155833,5.943398268634961,1.2723954506749227,-0.0012994628906249999,0.09306570847235578,0.09307478013546755,0.479,0.07203885192851622,0.11609955245781443,5.146399479029978,1.2542838211117742,-0.001076513671875,0.0985072255794525,0.0985131076204932,0.596,0.9519795663511448,0.07261551773549572,6.049956339779672,1.2857776611247533,-0.0029061035156250003,0.05558662055406946,0.05566253517641489,0.271,0.0954625860307261,-0.03916044610196186,4.868624814538219,1.2576925126770904
2004.02.14.23.42.39,2004-02-14 23:42:39,367,-0.002123388671875,0.07746586924757591,0.07749496549927856,0.393,0.3910969739121195,-0.03937622034559621,5.071297179991114,1.270235402128795,-0.0014669433593749999,0.09428060200842488,0.09429201364850909,0.527,0.23250854297548562,0.13464387685577012,5.589020528975974,1.2603736800680516,-0.00138740234375,0.1031267155041508,0.10313604770368846,0.701,1.6449580480246437,0.023410099266770214,6.7968476164026015,1.3030438465358538,-0.002578662109375,0.05565152952124316,0.055711239766568874,0.244,0.14927754500589785,-0.02977049526775601,4.379726622892696,1.261643669003151
2004.02.14.23.52.39,2004-02-14 23:52:39,368,-0.001664501953125,0.07694450865242865,0.07696251021449095,0.417,0.4719871514500311,0.04347241862057141,5.418222441521727,1.2700053494810408,-0.0011061523437499996,0.09296009760808621,0.0929666785483514,0.43,0.07882568611327123,0.15475447608237422,4.625313141378495,1.2544110110423812,-0.0006910644531250003,0.09899267362726775,0.098995085746481,0.886,2.6659848054667634,0.0702455764722671,8.949939214851328,1.3080589027919898,-0.0033494628906250005,0.054381337585988086,0.05448439023515703,0.273,0.13240616935738636,0.029201325003967604,5.010609439175513,1.2600833084134073
2004.02.15.00.02.39,2004-02-15 00:02:39,369,-0.0021071289062499997,0.07824615573099226,0.0782745225402637,0.361,0.37340581945696183,0.02183247728819558,4.611973197464154,1.2704103524713795,-0.0013292968750000002,0.0935338970823512,0.09354334254020298,0.437,0.2662208384534055,0.14987326059167488,4.671631226051031,1.2638523773488053,-0.0011203125,0.09906045728128528,0.09906679209944672,0.684,1.5414997243736517,-0.016297813719661203,6.9044327115525945,1.2963941142095383,-0.0027016601562499997,0.05511758344717574,0.05518375642031131,0.259,0.1939409411536701,-0.014436047373016398,4.693410104729129,1.2608364178320937
2004.02.15.00.12.39,2004-02-15 00:12:39,370,-0.0019688476562500002,0.07573919520095079,0.07576478107129493,0.376,0.393678130983552,-0.011643142354171243,4.962727994240261,1.268290995743207,-0.00164970703125,0.09263838703187406,0.09265307488236021,0.413,0.07493232327899957,0.1097359102808882,4.457488329711431,1.2556461502768903,-0.0024852539062500006,0.099187249809339,0.09921838041269747,0.776,1.5209996645621668,-0.013827467543922738,7.8211314957192295,1.2915463343032958,-0.003043505859375,0.05489739552086761,0.0549816966170618,0.278,0.13512221968898297,0.000301244054906598,5.056228110533273,1.2611172921722043
2004.02.15.00.22.39,2004-02-15 00:22:39,371,-0.0016216796875,0.07493482740432615,0.0749523728985614,0.349,0.3035741644560339,0.023160760040997895,4.656290208080905,1.264589585025635,-0.001960693359375,0.09389827840493072,0.0939187468286251,0.393,0.1342219775185165,0.12866290213458836,4.18446809897403,1.2600275103357652,-0.00092099609375,0.09597727243878651,0.09598169126762536,0.591,1.0789968281242297,0.03549912100547818,6.157424319103912,1.2896956079215778,-0.0031457519531250004,0.055488323980500937,0.05557742215608444,0.269,0.09652747183251531,0.013312646969160425,4.840094944391924,1.2527701377626626
2004.02.15.00.32.39,2004-02-15 00:32:39,372,-0.0018842773437500002,0.07598874676957491,0.07601210519857182,0.454,0.5926312705867849,-0.03757943902430413,5.972732880032511,1.2710203369949942,-0.001422509765625,0.0931217834550935,0.0931326478088679,0.439,0.15411491376726572,0.13488028882365286,4.713706850694728,1.2591982032057103,-0.0015594238281250003,0.0988190229704782,0.09883132652917102,0.786,1.8195086650912353,0.05296015166387927,7.9529439460473546,1.29671569168471,-0.002888818359375,0.055147872876326,0.055223483721120625,0.249,0.10701858169601541,-0.03136940487827571,4.508951323271337,1.2567290228188752
2004.02.15.00.42.39,2004-02-15 00:42:39,373,-0.001585986328125,0.07783000887917607,0.07784616647443614,0.437,0.4691571133496648,0.013646935481141216,5.613635452986708,1.2705354560835977,-0.0011224609375,0.09261889763234762,0.09262569901052028,0.466,0.24282505580396574,0.12907407186322933,5.031001168985213,1.2585497725924721,-0.001690966796875,0.10043924992856997,0.10045348323936744,0.962,2.6512130796458937,0.02103886850881048,9.57657185174635,1.3075964983568311,-0.0027623535156249997,0.05549111537423436,0.05555982795529406,0.264,0.17444679056723,0.009720063218750415,4.751634584117617,1.261422912197034
2004.02.15.00.52.39,2004-02-15 00:52:39,374,-0.00213740234375,0.07774252606442103,0.07777190268764324,0.374,0.3199102815576582,0.002222794763459706,4.808934680460413,1.2659446901624534,-0.001666064453125,0.09378090563884078,0.09379570370333135,0.457,0.20038625770885332,0.09794566026282485,4.8722913945553,1.2609837654217844,-0.00045996093750000025,0.09828107242828969,0.0982821487439034,0.662,1.048729949663187,0.0579973094093535,6.735709469732823,1.2899143095837433,-0.0028693359375,0.05488313326995618,0.05495808772373725,0.259,0.21181270963081644,-0.008012351638318914,4.712682167944753,1.261976432671074
2004.02.15.01.02.39,2004-02-15 01:02:39,375,-0.0017658203125,0.07607377332562755,0.0760942646286499,0.391,0.42323338040355285,0.04360532236524247,5.1383636060895235,1.267618789323857,-0.0014422363281250002,0.09349665656245795,0.09350777953723624,0.459,0.09601531227332138,0.134510506296379,4.908682489003165,1.2556688019740139,-0.0025745605468749993,0.10284032016890846,0.10287254159615736,0.969,2.341060280683603,0.06067554777105534,9.419423151845171,1.296517735722415,-0.0031439453125000003,0.05468924892257856,0.054779543078084816,0.234,0.07393481318747153,-0.04658689734776004,4.271667612605816,1.2569746184312165
2004.02.15.01.12.39,2004-02-15 01:12:39,376,-0.0019600097656249996,0.07789516199424248,0.07791981712241516,0.381,0.3696095439516789,0.013746491794007549,4.889641866092084,1.2694673167547654,-0.00104189453125,0.09390082504465551,0.09390660513659968,0.449,0.14337817131278285,0.07022929246154179,4.78134631048444,1.2574091357944175,-0.0014884765625,0.09932953983784425,0.09934069179784787,0.95,1.9232554796178913,0.07868122924439618,9.563049972846887,1.3019133370746774,-0.0035016113281250002,0.056852503254561024,0.05696023532433065,0.242,0.15689906279183452,-0.0013339256663484282,4.248577953058936,1.2574531984222266
2004.02.15.01.22.39,2004-02-15 01:22:39,377,-0.0013693359375000001,0.07684182412407498,0.07685402406917285,0.466,0.3818657000263892,0.03334258575138884,6.0634430746342485,1.2639124631311731,-0.00161650390625,0.09295114172054224,0.0929651968858844,0.469,0.15935128489628791,0.13764218727950894,5.044898690159304,1.2556468227906712,-0.0009679687499999999,0.09726266310437563,0.09726747965099254,0.623,1.2397175364146618,0.05150577335674092,6.405018432012418,1.2918098632551478,-0.002781884765625,0.05565717585875749,0.055726655268568515,0.239,0.17343043773671463,0.05380396075974935,4.288791402393803,1.2633897861184138
2004.02.15.01.32.39,2004-02-15 01:32:39,378,-0.0018294433593749999,0.07672148901858732,0.07674329768933816,0.371,0.3646884901407139,-0.0038610033668955842,4.834298383968748,1.2690342588412342,-0.0012923339843749998,0.09200249412710074,0.09201157021122058,0.403,0.09123120063960233,0.08944110719463369,4.379883954538308,1.254873402305176,-0.0022220703125000003,0.09872788963909239,0.09875289256048403,0.942,2.3880117950113364,0.0680475399909551,9.538961093448934,1.3074374095853825,-0.0028483886718750004,0.055338492412793545,0.055411750202884545,0.303,0.2647810317945578,0.0005939739972527314,5.468154297429624,1.2640191982765319
2004.02.15.01.42.39,2004-02-15 01:42:39,379,-0.00174365234375,0.07580981683692348,0.07582986649298382,0.369,0.33242199799785155,0.044223570570014324,4.866156529949078,1.2651448491241788,-0.0018567871093750003,0.0932392270703556,0.09325771347747527,0.439,0.0887862048437631,0.0717549947752136,4.707385412210782,1.256284469235622,-0.0011417480468749997,0.09820788435797471,0.09821452101737235,0.791,1.8348007122721501,0.027429475157960313,8.05379888642013,1.2973934463405623,-0.00299404296875,0.054790174719230256,0.054871919403849,0.217,0.07900948837157262,-0.021709413469896452,3.954663922049326,1.2629885604813207
2004.02.15.01.52.39,2004-02-15 01:52:39,380,-0.0012532226562499999,0.07843447478830728,0.0784444861181699,0.493,0.5647403422082613,0.011571633412402693,6.284699210819454,1.2698359222327325,-0.0010092285156249998,0.09277154748227698,0.09277703683807284,0.457,0.2819338410997183,0.1350641476396132,4.925787841204919,1.2637628171796782,-0.001590673828125,0.09898875202899012,0.09900153166231507,0.732,1.0133519774342759,0.0528558865501576,7.393825001584655,1.2829152718061358,-0.0023180664062500004,0.054690066062756906,0.05473917023313835,0.271,0.0936744713375508,-0.04187535099234479,4.950750967648762,1.2591462582212853
2004.02.15.02.02.39,2004-02-15 02:02:39,381,-0.00217080078125,0.07728906543416653,0.07731954482353573,0.366,0.25864743757069686,-0.08451365370298387,4.733602620596277,1.2646969431602815,-0.001212548828125,0.0938037335008516,0.09381157014654096,0.439,0.1457047950575281,0.15262724359588728,4.679593352016686,1.2545068659421588,-0.000901611328125,0.10302156478089246,0.10302551001033979,0.72,1.2153610199508833,-0.02145778264228905,6.988560405357273,1.2870843634838267,-0.002776708984375,0.055792531199137366,0.055861584746502,0.261,0.16110452402531728,-0.03277747142923443,4.672262721947637,1.2591643569417612
2004.02.15.02.12.39,2004-02-15 02:12:39,382,-0.0023517578125,0.07736674024999435,0.07740247581129915,0.371,0.3167613458612366,0.0030506682654143974,4.793128334867058,1.2664317114018657,-0.001212841796875,0.09240940803029814,0.09241736675395147,0.447,0.2315341547231755,0.09080615167200097,4.836753260781342,1.2643160457474718,-0.0013354492187500004,0.10101753828037927,0.10102636519663444,0.991,2.638134492429539,0.08899146074161843,9.809320547870348,1.308368519545075,-0.0030467285156250004,0.055370725128098625,0.055454483640724445,0.308,0.19123001631979397,-0.00789248478184237,5.554104551679789,1.2614981088900032
2004.02.15.02.22.39,2004-02-15 02:22:39,383,-0.0018564453124999998,0.076993353364847,0.07701573119540255,0.383,0.3112997957537109,0.00796362533730403,4.973009981925137,1.2675286046033065,-0.001779150390625,0.09372466899896562,0.09374155404663466,0.439,0.17335526826638015,0.15657310659007417,4.68308856690818,1.2585423238554445,-0.0018260253906249996,0.10141215293115598,0.10142859128894266,0.913,1.7868669678980051,-0.02254024574095194,9.001406688170494,1.2909750156131716,-0.002653173828125,0.05432846675084,0.05439321309556345,0.278,0.1602884883983946,0.004251741535334281,5.1109317537756365,1.259593329417802
2004.02.15.02.32.39,2004-02-15 02:32:39,384,-0.0015043945312500002,0.07519694246755879,0.07521198946560981,0.342,0.36491925767568567,0.00938821880008867,4.547147368789883,1.267270168374378,-0.0015912597656249998,0.09165112909628516,0.09166494189310122,0.366,0.15806202888112075,0.11891342242166851,3.9928024001458016,1.2588104486613017,-0.001818212890625,0.10089124380487009,0.10090762594873282,0.891,1.534671041340756,0.0271857863971338,8.829857918297295,1.292995460431302,-0.0026563476562499995,0.05445137029759109,0.054516125230579714,0.239,0.1177366423054611,0.011193771111333694,4.384023974358651,1.2582808844696156
2004.02.15.02.42.39,2004-02-15 02:42:39,385,-0.0023885253906249996,0.0768513764208974,0.07688848490722212,0.408,0.40478293715094704,-0.019998689037883394,5.3063862617700845,1.2718047680275293,-0.001130810546875,0.09431510375758462,0.09432188255806219,0.479,0.15256687929088963,0.13098706587584413,5.07835495867186,1.2569303521615418,-0.002069775390625,0.10053102203380053,0.10055232648391645,0.869,2.172177168388445,0.0990650713804602,8.642266473456468,1.3010372267717925,-0.00291650390625,0.05586730285598481,0.05594337783364086,0.256,0.08615661689903398,-0.007879779720925946,4.5760554673918445,1.2583115817442794
2004.02.15.02.52.39,2004-02-15 02:52:39,386,-0.002622607421875,0.07632668791276483,0.07637173140254105,0.398,0.44490280527972903,0.04533753750649015,5.211352324883363,1.27025201236395,-0.0029919921875,0.09288886081344032,0.092937035031621,0.383,0.20298238899824605,0.11650345416074066,4.121069709935202,1.2599312874402075,-0.0019371093749999998,0.10021860846304587,0.10023732775268901,0.823,1.6096741680949913,0.03682466021743183,8.2105141712332,1.2920156892551309,-0.003577099609375,0.05443179427067634,0.05454920594418057,0.237,0.1254351692328579,-0.007819615861639578,4.34470119038064,1.2591167869468443
2004.02.15.03.02.39,2004-02-15 03:02:39,387,-0.0020575683593750003,0.07583678928931607,0.07586469664650104,0.381,0.36503628346363826,-0.00465469855593431,5.022098773759113,1.2670874668757193,-0.0017297851562499997,0.0917543693162659,0.09177067312225895,0.496,0.22362176624405228,0.13923934438019264,5.404776745390302,1.2613018644034577,-0.0009567871093749999,0.09798350884558564,0.09798818014059463,0.686,1.3779147598799515,0.06969897355033004,7.000844377512869,1.295822749034736,-0.00328427734375,0.05624973478119102,0.056345533457630874,0.256,0.0671774290023972,-0.022983118239331992,4.543394734074169,1.2581900191595325
2004.02.15.03.12.39,2004-02-15 03:12:39,388,-0.0011814453124999998,0.07508954347002032,0.075098837218445,0.391,0.36803551699047077,-0.009819002282423673,5.206472090408966,1.268314558697593,-0.0013513183593749998,0.09396179806353346,0.09397151460224862,0.454,0.13089280524680502,0.10347465660697357,4.831251277811546,1.2577856851445897,-0.0015319335937500002,0.09877048766788508,0.09878236712433804,0.703,1.4579274185596045,0.0867173611897121,7.116654727610739,1.2898994883322514,-0.00258046875,0.054645859766536964,0.05470675286099285,0.225,0.06413737734728153,-0.020739997172963726,4.112837780222742,1.257110044357151
2004.02.15.03.22.39,2004-02-15 03:22:39,389,-0.0017964843750000001,0.07797442105718311,0.07799511327841316,0.432,0.42318121122703367,0.010981915915985381,5.538808546349856,1.2689003032494266,-0.0010224121093749998,0.09237973619688859,0.09238539379321888,0.403,0.1630316065566455,0.13552511770140477,4.362161413762144,1.258086647887958,-0.0019971679687499997,0.10063255402442889,0.10065237011305297,0.737,1.1423116064384775,-0.006734070488467801,7.322231947168257,1.286794924082593,-0.003162646484375001,0.05584886624251423,0.05593834278345556,0.291,0.08697048202825819,-0.022501665702230857,5.202156258480842,1.2591013214046962
2004.02.15.03.32.39,2004-02-15 03:32:39,390,-0.00161982421875,0.07794851689857768,0.07796534561705926,0.356,0.267938429937038,0.01803113153939538,4.566131236672222,1.2653261703172436,-0.0011921386718750002,0.09365138952767943,0.09365897690599724,0.427,0.1168279274847297,0.12098212921631256,4.559093149486006,1.2547275262586608,-0.0015950195312500002,0.09850096393980076,0.09851387711573939,0.627,1.355326219401241,0.07394875581729218,6.364585562533152,1.2962985210333196,-0.0029217773437500002,0.05541703164949426,0.055494001294621925,0.232,0.049384893700984644,-0.021064543698384158,4.180632042881431,1.253313424547432
2004.02.15.03.42.39,2004-02-15 03:42:39,391,-0.002166748046875,0.07795797068379691,0.07798807594904733,0.4,0.4842177956348408,0.016961254322180562,5.1289892093418965,1.2732452736954336,-0.0016649902343749997,0.092755220250352,0.09277016263956787,0.435,0.14745742970110243,0.13367467433664898,4.689007625114003,1.2578846868705638,-0.0016604003906249998,0.09990010320000144,0.09991390067867496,0.859,1.442677682406619,0.06292546082017889,8.59740230503622,1.2952906413094616,-0.0033949218750000004,0.05474966371894577,0.05485481903967052,0.229,0.07955768248957673,0.012233818681174565,4.1746560103386585,1.256649090626086
2004.02.15.03.52.39,2004-02-15 03:52:39,392,-0.00209619140625,0.07780539202692423,0.07783362414069513,0.376,0.3371091909595969,0.026239818933260377,4.8308170684732294,1.267497405739909,-0.0020138671875,0.09494024489472239,0.094961601511973,0.391,0.13464094279312766,0.14109606529070504,4.117453726290639,1.2577809446776909,-0.0011623046875,0.10115324961259729,0.10115992714200124,0.83,1.929265662031491,0.051611053394932306,8.204829950449687,1.2958821532875544,-0.002157421875,0.05584827576437138,0.055889930890993235,0.242,0.18579010310017408,0.03587594351108813,4.329939152581753,1.262625735372515
2004.02.15.04.02.39,2004-02-15 04:02:39,393,-0.001993701171875,0.07894798468926638,0.0789731544947989,0.41,0.3611321322444021,0.006783971997326431,5.191637621959273,1.2686878432721054,-0.0012516601562499998,0.09385378758744639,0.09386213345996483,0.437,0.0835641604156998,0.11155625037992274,4.6557646187148976,1.2533866168215313,-0.000816650390625,0.09997235421620378,0.09997568967199288,0.642,1.292561866413755,0.07042466965650829,6.421561102567211,1.2912446604849361,-0.0032080078125,0.05455906788976456,0.054653300020447076,0.271,0.17191556451384216,-0.042904975746300845,4.95852949224681,1.2618679490368359
2004.02.15.04.12.39,2004-02-15 04:12:39,394,-0.0015709472656250001,0.07861573341707276,0.07863142766105437,0.444,0.4299032321679874,0.015226198014948397,5.64659720937396,1.2708400354004261,-0.0019246582031250004,0.09448371603137769,0.09450331689574115,0.461,0.18699852647492143,0.12951524035290807,4.878135658546132,1.2586781988719136,-0.001706298828125,0.099378604589562,0.0993932518124816,0.85,1.4787873388820616,0.026280062471858434,8.551888428035703,1.2926961960480832,-0.003082275390625,0.05492012593497235,0.05500655101255554,0.264,0.13074534934545623,0.005492541001213423,4.799428343357514,1.2565451185144747
2004.02.15.04.22.39,2004-02-15 04:22:39,395,-0.0021546875000000004,0.07724088423093915,0.0772709316302062,0.459,0.4383060832869874,0.025830176954956062,5.940138035304482,1.2689285248649473,-0.0009732421874999997,0.09377150465253674,0.09377655509324412,0.466,0.17327132020898128,0.11752354125267135,4.969259102519237,1.2617459249983838,-0.00136376953125,0.09901984982825102,0.0990292407692988,0.852,1.4656129197985166,0.010542954277183375,8.60351945931649,1.2918135483142053,-0.00297109375,0.055534925704663195,0.05561434501182002,0.215,0.0816530847733623,-0.0033544198872238837,3.865909055555808,1.2563860352963794
2004.02.15.04.32.39,2004-02-15 04:32:39,396,-0.0019034667968750002,0.07684139323661317,0.076864965363881,0.449,0.3077839773743678,0.038872604282347366,5.841412896947534,1.2677827983389447,-0.001521435546875,0.09440832105003288,0.0944205795873409,0.449,0.17146814885567618,0.14449299457183976,4.755319253094249,1.2613216415283415,-0.001271630859375,0.09943024258496184,0.09943837380783574,0.767,1.3320678602886327,0.01406908896832209,7.713320025548934,1.2883234037232527,-0.0032384277343749995,0.05561680713776957,0.05571101013615374,0.249,0.16480271408323643,0.0063207530446730996,4.469493541608054,1.2630630563044345
2004.02.15.04.42.39,2004-02-15 04:42:39,397,-0.0017052246093749997,0.07857582593853027,0.07859432684927471,0.43,0.5275230618433251,0.0031698031267807024,5.471132806120193,1.2744201881000194,-0.0008017089843750002,0.09298956272816991,0.09299301862866843,0.493,0.17804653332957177,0.10272621349758433,5.301473242508713,1.2579448283592065,-0.001940185546875,0.09900961268812777,0.09902862073466123,0.879,1.53591658886213,0.08935555023709835,8.876221777895966,1.2924500477288432,-0.002863134765625,0.05504463448407796,0.055119046854711445,0.244,0.1148847772075694,0.00824104189677079,4.426781918837616,1.2588818316787354
2004.02.15.04.52.39,2004-02-15 04:52:39,398,-0.001984228515625,0.07403929221890163,0.07406587578013323,0.315,0.1608655511931616,0.017356403779158903,4.2529707059035795,1.2594888176283268,-0.0011693359375,0.09168022741451817,0.09168768426191436,0.413,0.06577670398560942,0.11123090858085873,4.504421758763448,1.2537816981491416,-0.002381640625,0.0951864056016974,0.09521619622436879,0.63,1.0032136619060221,0.0434990484932983,6.616521400576212,1.2830767207624345,-0.0030388671874999997,0.054668267627898046,0.05475266385500115,0.249,0.15165012223837904,0.03301120609322432,4.547723936490373,1.2627072606531502
2004.02.15.05.02.39,2004-02-15 05:02:39,399,-0.0014970703125,0.07716845280685904,0.07718297304538742,0.386,0.336034830856613,0.020256186508447148,5.001103025313793,1.26576678990589,-0.0012181640625,0.09342182959183354,0.0934297713149762,0.476,0.17668547650832167,0.11784134875271993,5.094735792462548,1.2615505885200426,-0.0008337890625,0.10183571189751783,0.10183912520183487,1.155,2.1379282821612513,0.10536003604113454,11.341417139148698,1.2956744391448285,-0.002606640625,0.054999764335821016,0.05506149882035314,0.229,0.12829541855883697,0.02862222413424337,4.158985950367039,1.2600279522841908
2004.02.15.05.12.39,2004-02-15 05:12:39,400,-0.0017297363281249998,0.0775906284267439,0.0776099066319621,0.474,0.5830624514456066,0.06050705045923583,6.10746772635328,1.2743816815483422,-0.0016940917968750004,0.09313544679373227,0.09315085290261371,0.469,0.1386445239317453,0.12579427572765745,5.03484386224917,1.2559999074625592,-0.0017146484375000002,0.09938519955653372,0.09939998948770695,0.876,1.3768200203253054,-0.00019682358427971787,8.812878195609237,1.290398346273947,-0.0030576171875000002,0.05513754906575422,0.05522226308151224,0.256,0.11214704718562585,0.004344568978881768,4.635811459268242,1.2579914750041385
2004.02.15.05.22.39,2004-02-15 05:22:39,401,-0.0018655761718750004,0.07533174187904662,0.07535483865674701,0.405,0.38734332480552647,0.015523939946711392,5.374571921583402,1.2680110590292797,-0.0019928222656250003,0.09212442332144204,0.09214597502273567,0.442,0.1470564392365472,0.08271337050019306,4.796736915431661,1.2604399291121358,-0.0015085449218749996,0.09794679142484357,0.09795840779740718,0.903,1.6153815372384397,0.06493624180507683,9.218198011829069,1.297819073880703,-0.0032421875000000003,0.054687040511462524,0.05478306471609178,0.247,0.18251316155556907,0.026158286827260416,4.508692627549315,1.261133315856895
2004.02.15.05.32.39,2004-02-15 05:32:39,402,-0.0022007812499999996,0.07655518025835775,0.07658680736589037,0.386,0.32951908124459095,0.023729563784133503,5.04003252356376,1.2670081560812718,-0.001156884765625,0.09365804837728677,0.09366519315200884,0.398,0.1396924782504514,0.08761886912125047,4.249177166101473,1.2574231577660406,-0.00153701171875,0.1005027134334015,0.10051446568778048,0.764,1.7457821110674026,0.06854330057928858,7.600895998125763,1.2950336364896395,-0.0032416992187500005,0.054466012906732995,0.054562397086099966,0.273,0.16968791837383002,0.008573638665240135,5.003445863443344,1.2624819145185324
2004.02.15.05.42.39,2004-02-15 05:42:39,403,-0.002155224609375,0.07397529265166018,0.0740066815633266,0.366,0.346576183254911,-0.006562763250616899,4.945499409898798,1.2695548921320272,-0.0016132324218749998,0.09166967741049184,0.0916838714027207,0.4,0.23230427237772977,0.10197594411140823,4.362817515013116,1.2621255832444747,-0.00194169921875,0.0954404101729852,0.09546015969944607,0.615,1.1559215477170586,0.040649001957679634,6.442478222708951,1.2912443946447738,-0.003110888671875,0.05470260200934755,0.05479098735122297,0.281,0.14993215709488616,0.016644265283174395,5.128580695192162,1.259389049142423
2004.02.15.05.52.39,2004-02-15 05:52:39,404,-0.0015609863281249997,0.07722067285270202,0.07723644861165371,0.376,0.4121063968462031,0.01668706464130168,4.868167902055348,1.2697438662722649,-0.0019346191406249998,0.09237695084602465,0.09239720666139277,0.493,0.13688445700238505,0.0948537141736318,5.335659137474716,1.2573395679500943,-0.0016375488281250004,0.09776108186387301,0.09777479579809602,0.852,1.8939994196155823,0.05961110786105983,8.713902116035829,1.3000000765713082,-0.002914404296875,0.05572222934608308,0.05579839241145864,0.232,0.09069047933016305,-0.031539560886817815,4.15782587944876,1.2613327526627567
2004.02.15.06.02.39,2004-02-15 06:02:39,405,-0.0019541015625,0.07635722828457163,0.07638222845805659,0.352,0.22272780378887358,-0.021014847073160498,4.608401811597996,1.2633604252107062,-0.0022821777343750003,0.09297958137925014,0.09300758511364476,0.42,0.16420107102909665,0.1370507829431647,4.5157607251796446,1.2595845127380125,-0.002170654296875,0.09981597632174963,0.09983957566586822,0.825,1.8492098727798547,-0.04348409914326842,8.263256273854934,1.2981778590959616,-0.002728271484375,0.05590816830083438,0.05597469739129346,0.249,0.10394398427225315,0.015004918187732127,4.44843851962888,1.2605097873904028
2004.02.15.06.12.39,2004-02-15 06:12:39,406,-0.002509130859375,0.0765308513325829,0.07657197230945129,0.371,0.3681107468870848,-0.009497014737697911,4.845114848298186,1.2686452762137908,-0.0014439941406249998,0.09370239097419669,0.09371351659904444,0.4,0.06148988079608397,0.11612959604644109,4.268327713187947,1.255133053357009,-0.0008842285156249999,0.09848857268982544,0.09849254190316582,0.847,1.8418291128234072,-0.030036818772077045,8.599635907790242,1.3010089814760368,-0.002966748046875,0.05453134238683969,0.054611984916173625,0.215,0.06459576995277416,-0.026072661618133052,3.9368647803227277,1.2576317881864676
2004.02.15.06.22.39,2004-02-15 06:22:39,407,-0.001808740234375,0.0762048533852515,0.07622631580171722,0.339,0.31402076871710394,-0.0012239519829088594,4.447283020759126,1.2699394261688877,-0.001499169921875,0.0912912668849941,0.09130357561411204,0.4,0.15755699712085391,0.13350527251513922,4.380989433432171,1.259058636019146,-0.0022194824218749994,0.09701196880353663,0.09703735462882,0.591,0.8276182697372136,0.07242581206938763,6.090438081918543,1.280313914097213,-0.003094482421875,0.05488743282443014,0.05497459507368495,0.237,0.12219756283701333,-0.03975079171242162,4.311082231389574,1.259783337875156
2004.02.15.06.32.39,2004-02-15 06:32:39,408,-0.001504150390625,0.07609641988617473,0.07611128423493212,0.356,0.23864300736866229,-0.01863225716373474,4.67736162355555,1.2621745804029134,-0.001814111328125,0.09279835575142102,0.09281608605235477,0.522,0.21196613628273608,0.11994055534397847,5.624025125402891,1.2606072422113528,-0.0019374023437499998,0.10078013898365433,0.1007987596223597,0.735,1.5479287973627622,0.0963092374597114,7.291756394162598,1.291617455496321,-0.00328369140625,0.054477813965856964,0.05457668773157638,0.237,0.06826021347068867,-0.07013543171327923,4.342513440273861,1.2588416819190862
2004.02.15.06.42.39,2004-02-15 06:42:39,409,-0.002058837890625,0.07620723124968687,0.07623503727422926,0.427,0.48025107600364336,0.01224566994344893,5.60109911750964,1.2710070029625868,-0.0009127441406249999,0.09211245861933867,0.09211698070804115,0.474,0.14797943950807335,0.11528954754682896,5.145631091647614,1.2564197822496628,-0.001819287109375,0.09987452826214269,0.0998910967062224,0.974,2.5163560094824033,0.1522230742140275,9.750618744976975,1.3019127165522761,-0.0030456054687499996,0.05613689122903023,0.05621944743174954,0.259,0.07796365956596807,0.014781079996732489,4.606946738749545,1.2583463025849795
2004.02.15.06.52.39,2004-02-15 06:52:39,410,-0.0021943847656249998,0.07705428508089941,0.07708552506033882,0.403,0.4056871758192355,-0.030025278292353293,5.227959460411681,1.2691311280414581,-0.0017703125,0.09177804927971527,0.09179512152580604,0.439,0.1234237445705979,0.12069047236736968,4.782389223991445,1.255255876010739,-0.002048095703125,0.09937135400783374,0.09939245792996254,0.703,1.4056862911326977,-0.04365513446922186,7.0729712761039965,1.2958871711787259,-0.002694189453125,0.05489229675993978,0.054958374251706396,0.232,0.0869503485441343,-0.010512457984822575,4.221376690246558,1.257691939015351
2004.02.15.07.02.39,2004-02-15 07:02:39,411,-0.00233095703125,0.07745006227971006,0.07748513088207633,0.491,0.6670576458997237,-0.01587874967779885,6.336699627535596,1.2755471713983095,-0.0019271972656250001,0.09474228985448495,0.09476188883813932,0.505,0.24944874021726937,0.10152245658705576,5.329146624151607,1.2596857304233064,-0.0018343749999999999,0.09951219210203906,0.0995290977985521,0.813,1.7774883413818365,0.00636472294238455,8.168465483787667,1.300754997214105,-0.0031998046874999997,0.055820359363704414,0.05591199575700416,0.254,0.19097371006258568,-0.018720846420782557,4.542853399544071,1.2616489935075705
2004.02.15.07.12.39,2004-02-15 07:12:39,412,-0.001756396484375,0.0760862482384238,0.07610651811513502,0.396,0.3022605356791517,-0.00837972271030579,5.20323370201913,1.2664291624704267,-0.0018465820312500002,0.09279129544198564,0.09280966746519459,0.447,0.15752885796719562,0.17269599250987022,4.816308604571109,1.2548487505180406,-0.00216845703125,0.09971536954256287,0.09973894489569383,0.881,2.095347349025425,0.07425584202883942,8.83305915178211,1.3020484392298632,-0.0022522460937500002,0.054766993517441125,0.054813284807665466,0.251,0.09865276666451095,-0.0038162657878922485,4.579181869518217,1.2583268949410151
2004.02.15.07.22.39,2004-02-15 07:22:39,413,-0.0018105468750000003,0.07632856509656741,0.07635003555786664,0.371,0.44313428353956796,0.014639375893246145,4.859198784770893,1.2707322396608793,-0.0014142578125000002,0.09101984336702922,0.09103083000675513,0.432,0.21107129527828317,0.12219000887963505,4.745644964106584,1.2618286139113304,-0.002128173828125,0.0969316075900189,0.09695496724680033,0.625,1.0838781577451764,0.042240358500009734,6.446291693431787,1.2874047507901678,-0.0027124511718749997,0.055501555274938635,0.055567796692840676,0.261,0.10649559041324475,-0.005031331243858614,4.696965068503915,1.257541442323473
2004.02.15.07.32.39,2004-02-15 07:32:39,414,-0.0019696289062499997,0.07703638582941937,0.07706156097359759,0.396,0.36952452332865393,0.04957776057469177,5.1387487483633425,1.2696214907191252,-0.00221240234375,0.09290432590554178,0.09293066499328276,0.515,0.10460210282923788,0.11150828481518195,5.541766004119581,1.2543647367604558,-0.0011548828125,0.09990432207821712,0.09991099701343567,0.623,1.191568844293232,-0.0390401929081664,6.235549825573467,1.2877413480434212,-0.0032840332031250003,0.05493433792576959,0.055032411880835054,0.264,0.17265381933070634,-0.05187590363705927,4.7971729927384406,1.2608712332004313
2004.02.15.07.42.39,2004-02-15 07:42:39,415,-0.0018962402343749997,0.07697260397835007,0.07699595762268546,0.369,0.3919277969191701,-0.01662964637322679,4.792459388689788,1.2678297615961573,-0.00165712890625,0.0930093688470109,0.09302413003909926,0.537,0.17955688299918116,0.12325241938610362,5.77269574866534,1.2572122494666316,-0.001487060546875,0.10009953312473191,0.10011057826653172,0.786,1.814513547774225,-0.041867161345778364,7.851318148491508,1.296679753788232,-0.00285966796875,0.055402888137282655,0.05547664116404084,0.259,0.17965662719486497,-0.009985973032054615,4.668631599994559,1.2629518757498337
2004.02.15.07.52.39,2004-02-15 07:52:39,416,-0.001673779296875,0.07726214303310824,0.07728027098298197,0.378,0.4806387098295506,0.015745416049819952,4.891287196485634,1.274583426735788,-0.0014930175781250003,0.09260182186211718,0.09261385702837278,0.415,0.14173257608259204,0.12137566048306798,4.480970918562028,1.255492674776832,-0.0013096191406250003,0.0995497126972104,0.09955832662510265,0.657,1.4154892453817682,0.053528855976163234,6.599146673828725,1.2954881375256464,-0.00297939453125,0.05463521487393371,0.054716391475441335,0.254,0.1830564853694958,-0.02350626712799003,4.6421189912350895,1.2626129243767883
2004.02.15.08.02.39,2004-02-15 08:02:39,417,-0.001978515625,0.07777919736232741,0.07780435763121658,0.405,0.3735755677580297,-0.00016758399499252052,5.205363970995712,1.2683399566408684,-0.001786669921875,0.09319727872509015,0.09321440313155406,0.637,0.2752827419168318,0.08284954775876575,6.83370786702349,1.2627795490807308,-0.00233349609375,0.09850467703384928,0.09853231247444921,0.825,1.878115095239072,0.007028372824130036,8.372887830212386,1.296226292105587,-0.002931689453125,0.055258621107625014,0.05533633534817449,0.278,0.15386192247863306,-0.012730166260099858,5.023823826620117,1.2589055171482135
2004.02.15.08.12.39,2004-02-15 08:12:39,418,-0.002306689453125,0.07681567092072565,0.0768502967803923,0.374,0.4013357758732137,0.02013133970327843,4.866604498206998,1.2677368874742827,-0.001418505859375,0.09174681267514852,0.0917577778442889,0.457,0.1042970447566125,0.1315564814949576,4.980504222492395,1.2547912988891277,-0.0016790039062499998,0.09906282772315657,0.09907705531870131,0.833,1.529278804135803,0.039638974036528205,8.407597473708597,1.2918201578675639,-0.0031029296875,0.055780049454963565,0.05586628759675866,0.256,0.10877699265259322,-0.0007638841850854336,4.582369994723849,1.2588089993504483
2004.02.15.08.22.39,2004-02-15 08:22:39,419,-0.001743505859375,0.07657646034595227,0.07659630599315398,0.393,0.3425783286734365,-0.015492367710161685,5.130795733610515,1.2690587034454082,-0.0016812988281250003,0.09229918151359019,0.09231449330320848,0.43,0.24445167018392588,0.1637634670048103,4.657990144490723,1.2628108335107007,-0.0019874511718750002,0.09763736911852083,0.09765759474074137,0.627,1.3457910709276861,-0.00355775624019975,6.420391590275615,1.2936295059181981,-0.002864697265625,0.05418516975062868,0.05426084326038552,0.242,0.12285516674044228,-0.05237956671442352,4.459938059545014,1.2614088236620078
2004.02.15.08.32.39,2004-02-15 08:32:39,420,-0.0018067382812499999,0.07638262897598554,0.07640399408735123,0.452,0.4208639557564071,-0.007668606406138166,5.9159210902408725,1.269983101217714,-0.0013740722656250001,0.09331153906078934,0.09332165556013447,0.425,0.060416560706788136,0.08714656554597769,4.554141238162445,1.2542796992131684,-0.0018822265625,0.10103784000953514,0.10105537041951308,0.916,2.170829161397193,-0.08782809794577814,9.064337661594745,1.3009354566579636,-0.0031772949218749997,0.05581228532737037,0.05590265106848131,0.256,0.14041475901005596,-0.010599744344348492,4.579389261636223,1.2574576775497868
2004.02.15.08.42.39,2004-02-15 08:42:39,421,-0.002159716796875,0.07804807668192677,0.07807795239624708,0.437,0.35235280839096816,-0.01509009077602983,5.5969705478726794,1.2686808519843733,-0.0014615234375000001,0.0937447956056649,0.09375618781662494,0.427,0.1622673333683844,0.09700665206537086,4.554366063124891,1.2577798548961603,-0.0011950195312499998,0.09944319620803592,0.09945037628762397,0.776,1.487518930269374,0.006529561032206646,7.802886514533668,1.2937834087577602,-0.0033693847656249996,0.05509468705077694,0.05519762037372513,0.242,0.05791191518467054,-0.046255153321142856,4.38424697226976,1.2582432582662153
2004.02.15.08.52.39,2004-02-15 08:52:39,422,-0.0017215332031249998,0.0771113601263777,0.07713057459340865,0.427,0.400062685234845,-0.0389795530893923,5.53606662793473,1.2687875595267526,-0.0017492675781249998,0.09274604667730181,0.09276254153120281,0.449,0.19087978470670963,0.12451940604217403,4.840315849355729,1.2616068853038294,-0.00213359375,0.0991401963858692,0.09916315223770748,0.671,1.1039677900883822,-0.019173680049141148,6.766626361287127,1.2889136704168402,-0.0032134277343750005,0.055495354582548846,0.05558831260298225,0.251,0.17268394992466574,-0.030176701459647206,4.515337635676571,1.263346907417048
2004.02.15.09.02.39,2004-02-15 09:02:39,423,-0.0025084960937499998,0.07663647909329074,0.07667752265474381,0.378,0.3703430496021016,-0.026171989152571518,4.9297367326540025,1.2653403187686862,-0.001473779296875,0.09362066023807046,0.09363225965888106,0.513,0.15925649613623039,0.09215543404774244,5.478880909944394,1.2573931480415304,-0.0023912109375,0.10068285982527578,0.10071125136916803,0.808,1.2898324339563452,-0.0010605255063163219,8.022936752500357,1.2862950706647867,-0.0032423828125,0.054932623331140434,0.05502823050347658,0.315,0.2094985075178899,0.015634859166245352,5.724334530075411,1.2594608472314792
2004.02.15.09.12.39,2004-02-15 09:12:39,424,-0.0017423828125000002,0.07614852392452992,0.07616845537195828,0.435,0.3379413350421916,-0.00112302336599344,5.711025619145573,1.2637622319186437,-0.002137548828125,0.09344069641401175,0.09346514249348858,0.461,0.2387132264361025,0.13445276433355025,4.932320089621823,1.2603820181789034,-0.00186005859375,0.09820062345857493,0.09821823794807662,0.811,1.8688743271712802,-0.038761171653166254,8.257122271209322,1.2976693756485795,-0.0028015625000000002,0.05527409222227077,0.05534504515706442,0.254,0.22659982960308112,-0.029796623020239582,4.589390057938703,1.2644735739157997
2004.02.15.09.22.39,2004-02-15 09:22:39,425,-0.0013317382812500001,0.07767867576409083,0.07769009071504872,0.398,0.4444621380077156,0.08524832561355442,5.122918461503439,1.268498633389617,-0.0009526367187499997,0.09425027666405462,0.09425509093926307,0.405,0.20239271810103965,0.13616268866732534,4.2968501325936606,1.2611139611359419,-0.0008897949218750001,0.10044302505687057,0.10044696619399775,0.75,1.3970354814512325,0.027597524047534315,7.466626702806447,1.2910880589582532,-0.002914013671875,0.05578809813446548,0.055864151019599545,0.271,0.12440625760857316,-0.02778439655077177,4.851053762634316,1.2600820667118948
2004.02.15.09.32.39,2004-02-15 09:32:39,426,-0.0020384765624999997,0.07701900501068154,0.07704597666024651,0.415,0.4245121177058344,-0.0023399100931392885,5.386394176428526,1.2702251304532108,-0.00146865234375,0.09284506475076877,0.09285667982585448,0.452,0.13223349540026375,0.09882027347709674,4.867716580516244,1.2574651616401025,-0.001559765625,0.09896523834522059,0.09897752911409362,0.776,1.5516425183322076,-0.023211772863851437,7.840163388050306,1.29513332787479,-0.0031622558593749996,0.055582387919773865,0.05567227055711286,0.356,0.20324618506590797,-0.014109805863796076,6.394565848267102,1.2592100406197395
2004.02.15.09.42.39,2004-02-15 09:42:39,427,-0.0020284667968750005,0.07616282811783646,0.07618983570301963,0.327,0.20491353479846675,0.013172296279778176,4.291911079512146,1.2591542214877611,-0.0021046386718750003,0.092352685893611,0.09237666423779939,0.403,0.07711942115310189,0.04853463805439778,4.362573636157533,1.256407195727753,-0.0029863281250000007,0.09983337342691864,0.09987802864228323,0.771,1.5578290875999334,-0.058274014971883684,7.719415475863709,1.2907623198701859,-0.002839990234375,0.054471250412343936,0.054545235044095516,0.264,0.1337479252544136,-0.00631138043797614,4.8400194771656375,1.2611230619811267
2004.02.15.09.52.39,2004-02-15 09:52:39,428,-0.0016513671875000003,0.07624888727470584,0.07626676749553996,0.415,0.47739307455073465,-0.0029892546066892164,5.441426372558257,1.2736480643506343,-0.00037158203124999995,0.09278932851027537,0.09279007252176145,0.503,0.20138449186562513,0.13131531069119773,5.420838526470972,1.2594011926682023,-0.00195771484375,0.09844349668764597,0.0984629609929541,0.679,1.460315889959575,0.05950034968270063,6.895994119540936,1.2891018773673448,-0.0028573730468749994,0.056666983257772044,0.05673897753983257,0.3,0.18355026390858198,0.014297319886585004,5.287370569717976,1.2595309226392712
2004.02.15.10.02.39,2004-02-15 10:02:39,429,-0.00229951171875,0.07684533243437158,0.07687972991038503,0.408,0.3443925457307482,0.046500774315388946,5.306990548426559,1.2668662667438173,-0.001877783203125,0.09388883966396212,0.09390761568266509,0.549,0.19226899468663694,0.11811608882002354,5.8461712184791725,1.258308707197537,-0.002230419921875,0.09894923079943688,0.09897436561467886,0.596,0.9572935466525325,0.04617625179586288,6.0217612540232075,1.2815074964191815,-0.0033554199218749996,0.05537382365884633,0.05547539264803022,0.325,0.1368213340681148,-0.015167497935267412,5.85845335177704,1.2557916358724979
2004.02.15.10.12.39,2004-02-15 10:12:39,430,-0.0020439453125,0.07756700683459597,0.07759393186144616,0.405,0.34169380550172024,0.010853550773706908,5.219480316104861,1.2665751608978493,-0.0014328125,0.09324535049096869,0.09325635817381972,0.466,0.33955651983079216,0.1497286910871457,4.996978320035044,1.263109793300919,-0.0010978515625,0.09871084516108382,0.09871695006668688,0.84,1.4612554368228343,0.059757183065739745,8.509176989691735,1.292661852535644,-0.002978466796875,0.05512434519162598,0.05520475248803879,0.225,0.10909314337465581,-0.007368562652124597,4.075736052774636,1.2586636121554653
2004.02.15.10.22.39,2004-02-15 10:22:39,431,-0.002122119140625,0.07748901181554627,0.07751806461591308,0.466,0.41849458983080856,0.008647476355361224,6.0115019938763865,1.2658543469188268,-0.001446484375,0.09284200850007437,0.09285327597546034,0.42,0.11864747923874797,0.11528170431749842,4.5232652869565895,1.2574340328644893,-0.00105263671875,0.09841815466099656,0.09842378376661558,0.696,1.179215469730651,0.05749885724010493,7.071461524486489,1.2906681749228996,-0.003133740234375,0.05502024515777428,0.05510941575700223,0.254,0.03880699277995925,-0.0067328024968442935,4.609012752375744,1.2556232718042402
2004.02.15.10.32.39,2004-02-15 10:32:39,432,-0.0015158203125000002,0.07725303166906437,0.07726790157161802,0.374,0.34357852909946995,0.024152483105508264,4.840302278085644,1.2675635558874099,-0.0019219238281249999,0.0938570300908289,0.09387670578302093,0.471,0.21874292123453687,0.09823528824106101,5.017219086155745,1.2601288279225968,-0.001819580078125,0.0990994712033945,0.0991161745854486,0.876,2.007035666171456,-0.06120783821010596,8.838113493219975,1.2992760532243084,-0.0031451660156250004,0.05453022627147748,0.05462085358619339,0.208,0.14932006546511056,-0.019307422789008873,3.808069379065444,1.2634704946595485
2004.02.15.10.42.39,2004-02-15 10:42:39,433,-0.0017563476562499996,0.07627937132019466,0.07629958876752713,0.417,0.29133089670985823,-0.001535482370409695,5.465298132477929,1.2652020108616788,-0.0011841796875,0.09225975274343745,0.09226735206893336,0.457,0.18445987484386617,0.10735462389974725,4.952997888771895,1.259987071219513,-0.002615673828125,0.09727294173501816,0.09730810317419292,0.776,1.4759843638481414,0.018571153368081943,7.974669885516821,1.2942151063575702,-0.003166259765625,0.05461313554894289,0.05470484233950981,0.254,0.16488913000174188,-0.033239185012992147,4.643099022635369,1.2639885048633022
2004.02.15.10.52.39,2004-02-15 10:52:39,434,-0.0018591308593749998,0.07779223148189088,0.07781444368807358,0.378,0.3765801214698352,-0.017567373672921778,4.85770998396195,1.2696413103777573,-0.0013655761718750002,0.09324880872521607,0.09325880723531223,0.449,0.13325127857988406,0.09306940619319412,4.8145586814881245,1.2583286976940207,-0.00061943359375,0.0990746773532366,0.0990766137422197,0.598,1.0812629381735102,0.06093782791416189,6.035733130281311,1.2876401171711611,-0.0028120117187499997,0.05534601661309839,0.05541740669540347,0.349,0.44008848723947924,0.018937941938054294,6.297660262564169,1.265531044408065
2004.02.15.11.02.39,2004-02-15 11:02:39,435,-0.0021792968750000002,0.07795397769060194,0.07798443416898176,0.386,0.2728455757651256,-0.0023962720866781257,4.949705721575026,1.2648982232425399,-0.0018185058593749998,0.09403677554861206,0.09405435725760197,0.457,0.14248180085393747,0.15177563752023748,4.858892382288465,1.2580788709721948,-0.001538671875,0.09806452738798997,0.09807659783541,0.701,1.156337070287356,-0.007844821272219794,7.147474682761761,1.2893334366814584,-0.00298466796875,0.054632659639668076,0.05471412744609476,0.254,0.06988344763954268,0.0004222550233448529,4.64231107861941,1.2563773061759245
2004.02.15.11.12.39,2004-02-15 11:12:39,436,-0.0012150390625,0.07716322017168606,0.0771727857938762,0.364,0.4433362853016818,0.03406532079982954,4.71668861316244,1.2740778369586752,-0.00281201171875,0.09282257001481974,0.0928651544663686,0.405,0.17565630865176773,0.10320306589765385,4.36116218539939,1.2594553689017989,-0.002479052734375,0.10153042691014262,0.10156068772421555,1.03,1.9692442464377482,0.04514293707939352,10.141719429834195,1.2964981363079775,-0.0029152343750000003,0.056813671797112955,0.05688841617175899,0.286,0.23846103929229745,-0.05625365490855871,5.0273855249634885,1.2644477086179053
2004.02.15.11.22.39,2004-02-15 11:22:39,437,-0.001656884765625,0.07655438857836835,0.07657231665382977,0.386,0.49351857493764983,-0.003923120842309374,5.040986310301142,1.2723730407281078,-0.0012394042968750002,0.09166359478773874,0.09167197353838236,0.449,0.09798520370457409,0.10952705429965642,4.897898263442612,1.2569145948299019,-0.001516943359375,0.09867979756412947,0.09869145639037416,0.698,1.1001576680302803,-0.04708790206663835,7.07254736660345,1.2875671521954708,-0.00282802734375,0.05459693944260294,0.054670133849810995,0.244,0.045106235463651334,-0.012811026545136068,4.46313156412445,1.2557190840703258
2004.02.15.11.32.39,2004-02-15 11:32:39,438,-0.001827880859375,0.07820447716114663,0.07822583586312373,0.388,0.43873504381057415,0.03070940629693124,4.959998135128988,1.2708196282700455,-0.0012576171875,0.09435921867528209,0.09436759904755446,0.474,0.19106617666103887,0.06816264764525731,5.02291045638597,1.2583935916996778,-0.0012469726562500001,0.09725764420378259,0.09726563780120398,0.62,1.3498165592052143,0.008907724642765649,6.374296349828957,1.2979348127759627,-0.002743798828125,0.05610224635882599,0.05616930192298659,0.251,0.12945584454499448,0.003992110895302204,4.468633068364365,1.2609433869047981
2004.02.15.11.42.39,2004-02-15 11:42:39,439,-0.0019280273437500002,0.07819152477410357,0.07821529157356316,0.342,0.28987842578999734,0.04743760305355217,4.37254650746065,1.2658496384849571,-0.0015156738281250001,0.09289005623477607,0.09290242092891403,0.422,0.1874895956376812,0.16584793307715479,4.542400464708029,1.259602942203032,-0.0017615234374999996,0.09895915431469259,0.09897483108093694,1.018,2.182691212656006,-0.08544251797925798,10.285443166531174,1.2990587712467017,-0.0028808105468750003,0.05533991907731379,0.05541485101388097,0.217,0.08972568627431388,0.0035720207498833906,3.9159177734799515,1.258005860254664
2004.02.15.11.52.39,2004-02-15 11:52:39,440,-0.0018171386718750001,0.07736118369941933,0.07738252216313529,0.444,0.5335850965343241,0.02085257944180797,5.737729755873992,1.2724149188969023,-0.0008595703125,0.0933338676253648,0.09333782570336235,0.488,0.18281707497112798,0.0954275003897813,5.228319776281445,1.2588466713235833,-0.0012844726562500001,0.10125572337756565,0.10126387009550222,0.859,1.7359995932883248,-0.09672227188332631,8.482788571974138,1.2942943389592427,-0.0028962402343750003,0.0548682426214305,0.05494462899919677,0.266,0.11198007383136943,-0.02455636477424706,4.841237530312356,1.258964225789743
2004.02.15.12.02.39,2004-02-15 12:02:39,441,-0.0022078125000000006,0.07723264606791835,0.0772641964605049,0.398,0.3621181761247976,-0.0009911069393442943,5.151156916560253,1.261486438220892,-0.0017516601562499999,0.09295431110132552,0.09297081405271763,0.488,0.17858215712612546,0.11637030139123301,5.248959095090716,1.2570690552646897,-0.0016664550781249998,0.09858402204252961,0.09859810583682313,1.018,1.9472380039603978,0.07167084661907815,10.324741954827804,1.2999233338793243,-0.002743505859375,0.05484116697811463,0.054909747949902984,0.269,0.1900486568389237,-0.04906954384483338,4.898948001826974,1.2626346230223613
2004.02.15.12.12.39,2004-02-15 12:12:39,442,-0.0017453613281250002,0.0769740536449615,0.07699383884898274,0.427,0.3984708522721929,-0.006928915270416629,5.545898300220182,1.2717191467753772,-0.001397216796875,0.09238410540621643,0.09239467055238833,0.579,0.2255155445680206,0.13462930018031724,6.266595210940262,1.257311740012341,-0.001336279296875,0.09857089053648835,0.09857994777598345,0.688,1.6224322874804713,0.06410122881500246,6.9791069636538605,1.295753445344846,-0.002691064453125,0.055149738622735124,0.055215355636334305,0.278,0.08375369365467344,-0.029064966778339755,5.034831285539397,1.2565859399161539
2004.02.15.12.22.39,2004-02-15 12:22:39,443,-0.002423291015625,0.07687163975449084,0.07690982601651511,0.378,0.40445901986884536,0.007672421040704172,4.914846640256744,1.2707065805108029,-0.0016021484374999998,0.0938063680294905,0.09382004883019407,0.447,0.20275193440121875,0.12713264745614677,4.764440069830172,1.2612837371519778,-0.00282451171875,0.10175331529052577,0.10179250973948181,0.906,2.1276285747527375,0.057388015967175056,8.900458416034061,1.3025956803208814,-0.0032265625000000007,0.05573931579848818,0.05583262515098139,0.286,0.16411423012523363,-0.024638644111065967,5.122453032194078,1.2638992321141092
2004.02.15.12.32.39,2004-02-15 12:32:39,444,-0.002080712890625,0.07729555176929596,0.07732355197126632,0.371,0.4491927431890046,0.007486065846597077,4.798020661775403,1.2693030911047298,-0.001663623046875,0.09241312212862972,0.09242809520488413,0.476,0.2109924697695149,0.13424625021283293,5.149949254551412,1.2602620019400834,-0.002014208984375,0.10122064120676122,0.10124067978900886,0.781,2.342945161502163,-0.0470679983514435,7.714290358654712,1.3039644660107892,-0.0030145996093750003,0.05401094752795058,0.05409501144904098,0.234,0.1476612132490831,-0.011169883782956525,4.325722349101166,1.2604811052576383
2004.02.15.12.42.39,2004-02-15 12:42:39,445,-0.002343896484375001,0.07827777029973873,0.07831285446098951,0.398,0.39381196438108645,-0.025909793934276944,5.082179710334251,1.2674436367409254,-0.0011470703125,0.09327780694656516,0.09328485964540281,0.469,0.15363471971991727,0.10995324653084046,5.027611144860771,1.2571504413002748,-0.00184541015625,0.10331676171085556,0.10333324145241211,0.82,1.7578290865671091,-0.07391122018345381,7.935490926969838,1.2982757576389308,-0.002648876953125,0.05572232184734479,0.05578524626791456,0.251,0.10090769230205021,0.0005989510413227117,4.499397543116434,1.258751456888196
2004.02.15.12.52.39,2004-02-15 12:52:39,446,-0.0016277343749999998,0.07830373487176039,0.0783206512617362,0.383,0.31384600148732567,0.00801237483979128,4.8901534120301156,1.2704140057313777,-0.0008736328125,0.09324786121503095,0.09325195362816133,0.432,0.10612078769921096,0.11457551113765828,4.632610719584319,1.2545803615308955,-0.0012618164062500002,0.09823373755669138,0.09824184126430043,0.698,1.4802872134513176,0.07596005130375978,7.104915695972836,1.2956525353490755,-0.003088134765625,0.05482454966467999,0.05491145438126389,0.249,0.060384234224436284,-0.02584299521159106,4.534573028627708,1.2553837647989188
2004.02.15.13.02.39,2004-02-15 13:02:39,447,-0.001625146484375,0.07861787069276106,0.07863466597728622,0.549,0.6568070391325249,-0.006822325844008616,6.981653615195362,1.2751772760394593,-0.0005428710937500002,0.09305726625414223,0.09305884972273594,0.43,0.14404002483469336,0.14952651406560877,4.620731948451575,1.2567625662205644,-0.0008104980468749999,0.09893444689474509,0.09893776674987728,0.842,2.1442872997827225,0.13384005411111832,8.51040030172345,1.2941987593787618,-0.0027869140625,0.056325035929932966,0.05639394083144039,0.264,0.10352979197494694,-0.04756206632123485,4.681353991363846,1.258672599835111
2004.02.15.13.12.39,2004-02-15 13:12:39,448,-0.0017200683593750002,0.07587631606402917,0.075895809993763,0.396,0.33265136066566914,-0.0033407729033217643,5.217679342674421,1.2663822601536643,-0.001822314453125,0.09334064597761421,0.09335843304964139,0.449,0.22010121128294236,0.13708672799397728,4.809420909638165,1.2607710357725341,-0.0016166015625000002,0.09774815913874349,0.09776152625458034,0.818,1.5251997209469241,0.05385729986758441,8.367299809434746,1.2948328797851116,-0.0032334960937500006,0.055306285589143966,0.055400728539038636,0.249,0.10271684090037692,-0.011026376399238633,4.494525732175884,1.2584622590951364
2004.02.15.13.22.39,2004-02-15 13:22:39,449,-0.002498779296875,0.07595099030425728,0.07599208397044968,0.359,0.36302236851475733,0.018135173384950007,4.724176272618092,1.267567313310085,-0.0015677734375,0.09307521265862716,0.09308841563266614,0.439,0.11275072556820342,0.10934153647836536,4.715946630054667,1.2584215442561306,-0.001567236328125,0.09971556310903118,0.09972787852882148,0.789,1.4974735532699999,0.08020057010387051,7.911528969023221,1.2981695010911776,-0.00289619140625,0.05471103391079686,0.05478763689236834,0.271,0.19242487070386405,-0.023693237531418797,4.946371396386126,1.2596725488642169
2004.02.15.13.32.39,2004-02-15 13:32:39,450,-0.0019846191406250003,0.07668765286093837,0.07671332879267542,0.391,0.39330191453147245,0.002410701057261464,5.096897842312543,1.2661811557411276,-0.0018426269531250001,0.09348527253524878,0.09350343017813904,0.41,0.08540023351500547,0.11184574786600017,4.384865873036787,1.2560781989983172,-0.0014078125000000004,0.0997162762027649,0.09972621358389804,0.696,1.3422392388707465,0.01052072138397458,6.979107849256369,1.2938427302801256,-0.0034710449218750003,0.05549874665569891,0.05560718508613006,0.269,0.11452417498816292,-0.044201764239449874,4.837504354578378,1.2565916066110736
2004.02.15.13.42.39,2004-02-15 13:42:39,451,-0.0015323730468750005,0.07886164969000829,0.07887653617511595,0.374,0.31719128385015427,0.005548615971091455,4.741587525720861,1.2705281842349339,-0.0014012695312500003,0.09381190049332515,0.09382236529990465,0.432,0.15024993308936274,0.0921455267724445,4.604445844219609,1.2580578269030125,-0.001909716796875,0.10003289304393885,0.10005112047840531,0.901,1.9495637913295907,0.03419720396051853,9.005396398278906,1.2916014718484232,-0.002913818359375,0.05529170287402256,0.055368427322262145,0.251,0.17770780533911035,-0.015077442805799122,4.533269448653451,1.2622576705437079
2004.02.15.13.52.39,2004-02-15 13:52:39,452,-0.0018132812499999998,0.07696505522607093,0.07698641253392544,0.432,0.39602829531441364,-0.04893844025387702,5.611379797826421,1.2672171603902183,-0.0014763183593749997,0.09380201643267669,0.09381363335216464,0.496,0.28929422153920514,0.138125452439845,5.287078032017778,1.2623567661778123,-0.0015378417968750003,0.10018969085657421,0.10020149256038119,0.71,1.8389831859347376,-0.002261591544957478,7.085722795717395,1.3007580109496577,-0.0031119140625,0.05407234172204044,0.0541618144861996,0.266,0.12512017006822074,-0.03903698883749758,4.9112091705822865,1.2572044047019815
2004.02.15.14.02.39,2004-02-15 14:02:39,453,-0.0022091308593749997,0.07866917643476562,0.07870018792911568,0.42,0.39871746920245643,0.00803745856911859,5.336708984459974,1.268278131401402,-0.0019898437500000003,0.09352483112775765,0.0935459967910172,0.491,0.2903457037095736,0.09146714600499534,5.2487548034460465,1.259741225560678,-0.0008549804687500003,0.10045258552215347,0.10045622394698847,0.747,1.321628291435319,0.07574928368402563,7.436074845837304,1.2899012430605394,-0.002791015625,0.05508128383976953,0.05515195008026688,0.234,0.07910748233828979,-0.006972589854939081,4.242823683649296,1.2563338104761956
2004.02.15.14.12.39,2004-02-15 14:12:39,454,-0.0010874023437500002,0.07908917211595123,0.07909664714666324,0.403,0.5847783239420163,-0.001619403757472244,5.095032653568058,1.2731014155595732,-0.001005615234375,0.09321701524592904,0.09322243932315533,0.476,0.2044217942734008,0.15242422222278604,5.1060667737941,1.2582043837823724,-0.0013623046875,0.10025849736509701,0.10026775238315035,0.791,1.7482914167519779,0.004508354047194934,7.88887734291055,1.2945278064445869,-0.002781396484375,0.05556009306164436,0.05562966930893869,0.254,0.18450966868160634,-0.035318190062750165,4.56590886042148,1.2637062434039383
2004.02.15.14.22.39,2004-02-15 14:22:39,455,-0.001974609375,0.07849802097328577,0.07852285259022529,0.413,0.39721974753291356,0.013510202448730139,5.259615339692985,1.2689540622896625,-0.0016311523437500003,0.0925100289445027,0.0925244082028156,0.5,0.1695574054154112,0.11260497606498521,5.403979444040201,1.255565783192197,-0.00140859375,0.09793825753722961,0.09794838653995915,0.74,1.3088246263425942,-0.05306182648284324,7.554999384273764,1.2904992179343366,-0.0030939941406249996,0.0558463993064204,0.05593204014904494,0.254,0.14507678942576563,-0.0167690300778853,4.541225374993534,1.2618218474809462
2004.02.15.14.32.39,2004-02-15 14:32:39,456,-0.002210498046875,0.07762642018342812,0.07765788699230346,0.393,0.48903230800688613,0.004033269511079974,5.060657908950698,1.2695527887045186,-0.00145673828125,0.09293764439456807,0.09294906041499963,0.435,0.17912803895302565,0.13985635403828114,4.679982756768157,1.2601894109082385,-0.00251494140625,0.09611579001004142,0.09614868704008002,0.566,0.9334642704640133,0.006412272414837515,5.886715850462527,1.2879173107462898,-0.003103466796875,0.055485963769960046,0.05557268827077402,0.261,0.11578821929904004,-0.027524868889275474,4.696551635729692,1.2564636597217016
2004.02.15.14.42.39,2004-02-15 14:42:39,457,-0.0019760253906250004,0.07731893959023707,0.07734418592048871,0.43,0.4460425802924233,-0.040582578407041124,5.559564625090865,1.271390525506413,-0.0013699218749999998,0.09335759738680965,0.09336764790751265,0.454,0.14826863101950583,0.09223684617122443,4.862497986987094,1.257852281987769,-0.0016870117187500005,0.09805892573979204,0.09807343639223239,0.684,1.2486175947363733,0.02448758850101933,6.974365589316438,1.2882945606828415,-0.002353955078125,0.055082004375631106,0.05513228011380334,0.371,0.160337471431363,-0.004031640697483358,6.7292700253678355,1.2563650569879443
2004.02.15.14.52.39,2004-02-15 14:52:39,458,-0.002159716796875,0.07945728773705513,0.07948663378941062,0.542,0.425619732051572,0.025232882728315063,6.81875648975094,1.2655778878510255,-0.00186201171875,0.09437086395249589,0.09438923164631254,0.479,0.23172708734786918,0.11880281034041143,5.07473142481834,1.257872860068741,-0.0017046874999999996,0.09948277222823479,0.09949737649650618,0.718,1.450463067295761,-0.036967291166465195,7.216270672475593,1.2929312976660727,-0.0029930175781250003,0.056239076196894985,0.0563186633870436,0.254,0.07559367569129627,-0.04620053565994429,4.510050216469343,1.2542872993674798
2004.02.15.15.02.39,2004-02-15 15:02:39,459,-0.0021002929687499996,0.07876634936876864,0.07879434639260295,0.41,0.439388905842216,-0.008179387492219298,5.203419011271727,1.2708725512146417,-0.002228369140625,0.09274398221020858,0.09277074897420186,0.64,0.23370619543293136,0.09828672310704013,6.898726237275225,1.2568208912121557,-0.001998388671875,0.10090862709795553,0.10092841314554651,0.801,1.4946714277025022,0.09420949416789823,7.936318178756032,1.291246942114665,-0.0030531738281249997,0.056055561989564226,0.056138648900651546,0.256,0.13894281145447707,-0.033990790894351315,4.560138247235745,1.2593303870431964
2004.02.15.15.12.39,2004-02-15 15:12:39,460,-0.00233125,0.07814375112473006,0.07817851729475464,0.403,0.30730039096722894,-0.015834015903187084,5.154868804694498,1.2687918388505761,-0.001392236328125,0.09411818486843296,0.09412848158194137,0.513,0.26051323500566914,0.13375287684153622,5.449997613670415,1.260961281792627,-0.0015042480468749999,0.09900253449999574,0.09901396163980802,0.706,1.4747124129758218,-0.021791500526186506,7.1303075678183605,1.300048105346843,-0.002808935546875,0.055710898109821175,0.0557816662274387,0.242,0.11816459043674676,-0.015534610900947715,4.338342978377392,1.2587649830787995
2004.02.15.15.22.39,2004-02-15 15:22:39,461,-0.0016337890624999996,0.07932798355868348,0.07934480601896698,0.425,0.3604415941491075,-0.0020864522368388436,5.3563682529944785,1.269215457632284,-0.0015169921875,0.09451821709918842,0.09453038997542668,0.459,0.1789458973336373,0.10937895124044159,4.85558136509664,1.260019646785644,-0.0018169433593750004,0.10366720122298541,0.10368312250592246,0.876,1.5894168360151708,0.057902285918193824,8.448819622981187,1.2893005786537353,-0.0031453124999999997,0.056648239380428615,0.05673549167518512,0.247,0.10964372452484561,-0.005294074563241362,4.353535903312396,1.257524815699477
2004.02.15.15.32.39,2004-02-15 15:32:39,462,-0.0017288574218749999,0.07789096424990805,0.0779101486313922,0.388,0.39722906930377144,0.0012117436137167002,4.980095748959512,1.2678372819928407,-0.001390185546875,0.09441003463617961,0.0944202693062214,0.435,0.09984745696187414,0.10849403593218845,4.6070616319597555,1.2552618508127016,-0.002035888671875,0.10106074485900228,0.101081249468636,0.679,1.2150442138380804,0.0041841079257367445,6.7173684889073675,1.292512744174367,-0.0032740234375,0.05560845443027931,0.055704752342989106,0.315,0.26661924888457156,-0.010440786709365902,5.654813759164757,1.2639832123651538
2004.02.15.15.42.39,2004-02-15 15:42:39,463,-0.0018725585937499998,0.07738960048090586,0.07741225186158357,0.381,0.4460789635914919,0.025315273768543423,4.921701550308139,1.2717938229192254,-0.00206708984375,0.09232822411214713,0.09235136072698116,0.4,0.14146063213273274,0.12000829055525823,4.331284312989412,1.2579335114606538,-0.0014404296875,0.0988223699718167,0.09883286722812026,0.708,1.2869179236684234,0.020880032847750602,7.163608826260556,1.2910100015511166,-0.0031191894531250003,0.05546811357845505,0.05555574647862159,0.266,0.12578731719736957,-0.005778429296673932,4.787983545543025,1.2588183290374497
2004.02.15.15.52.39,2004-02-15 15:52:39,464,-0.00206484375,0.07714844023338603,0.07717606759971805,0.371,0.2800759091884024,0.007793126152468447,4.807189735608599,1.2644870856025092,-0.0016351562499999999,0.09290076818240975,0.09291515734713982,0.398,0.12956719086363977,0.11212811596842973,4.283477651692871,1.2562833380885448,-0.002647412109375,0.0980435606917023,0.09807929742807284,0.671,0.8550665562019057,-0.017433143673294477,6.841403003443033,1.285484909394269,-0.002768310546875,0.05430047588488921,0.05437099617083887,0.229,0.04450092874826117,-0.016465189939574344,4.211804383360204,1.2549495623004818
2004.02.15.16.02.39,2004-02-15 16:02:39,465,-0.002142333984375,0.07610593591350984,0.07613608261640387,0.371,0.41735303968953774,-0.0009021435715211579,4.872853806639985,1.2688035757892462,-0.0012226562500000002,0.09189495709253086,0.09190309041236724,0.554,0.21801685546591765,0.09654873787301567,6.0280889088083285,1.2577114800891682,-0.0005383789062499997,0.09696659526544209,0.09696808985031494,0.649,1.231131027181232,-0.026536553628021438,6.692923424621756,1.2908522496951145,-0.003123486328125,0.05493008193619769,0.05501881558484674,0.264,0.1438112056491221,0.01100152195836407,4.798358474163715,1.2599902527031894
2004.02.15.16.12.39,2004-02-15 16:12:39,466,-0.00224228515625,0.07729168063614163,0.0773241989178113,0.396,0.30207416938145837,0.01861782923986549,5.1212945693871665,1.2646902433201845,-0.0011234374999999997,0.09338728425669011,0.09339404141944095,0.454,0.14185779361828077,0.08760255578721028,4.861123826530277,1.2568304725230512,-0.0016646972656250002,0.10093679045709472,0.1009505170108882,0.757,1.2936237644176432,-0.04120732586575139,7.498723358874452,1.2865276064244597,-0.0037149414062499996,0.05463743593600114,0.054763584573259076,0.247,0.1402922397215809,-0.03645676003398913,4.510296430095438,1.2623592365912621
2004.02.15.16.22.39,2004-02-15 16:22:39,467,-0.0022131347656250003,0.07660661122983158,0.07663857285733715,0.356,0.37399640255617905,0.009818049805300707,4.645180445396533,1.2688741367958816,-0.0007668457031249998,0.0912620432143176,0.09126526493680044,0.444,0.122106631568212,0.1228510485004573,4.86493958361335,1.257769827795962,-0.00135126953125,0.09947943288312246,0.09948860988120073,0.789,1.7525901169932405,-0.023311826229053527,7.930556080159772,1.2952730815378746,-0.0026021484375,0.05487765525389606,0.05493931399877732,0.247,0.10005850109437686,-0.01544211833892519,4.495869751950252,1.2594751360546428
2004.02.15.16.32.39,2004-02-15 16:32:39,468,-0.00202314453125,0.07803934399022344,0.07806556426631879,0.376,0.33869269784374323,0.06129956513249421,4.816464257111946,1.2666996968493864,-0.001771044921875,0.09340594874638782,0.0934227373893964,0.486,0.25685768027514033,0.10259434659192833,5.2021597052364,1.2599130523509154,-0.0017404296875000002,0.10090976111793086,0.10092476893396883,0.935,1.3721766399560034,0.13314196706446643,9.264326387625761,1.2834257905797888,-0.0024555664062500004,0.05599130075315938,0.056045120808204625,0.264,0.2016027221022476,-0.0008299651128596614,4.71049033694566,1.2616669973267776
2004.02.15.16.42.39,2004-02-15 16:42:39,469,-0.001889697265625,0.07576516060711819,0.07578872289185329,0.398,0.4080605046318504,0.02046519636313941,5.251440911175217,1.2703042822098458,-0.0013062011718750004,0.09185635567957706,0.09186564232744675,0.405,0.11941371128686429,0.0926598888332318,4.408612292247566,1.25573474898172,-0.0018775390624999999,0.09877014600373958,0.09878798962693416,0.889,2.178945672277533,0.07539350144273081,8.999069657731122,1.3006425030051723,-0.0027341308593750004,0.05382604057218205,0.053895436868387804,0.266,0.09595179684728317,-0.014233512657935276,4.935482769154831,1.257241176832258
2004.02.15.16.52.39,2004-02-15 16:52:39,470,-0.0021158203125,0.07690524724884,0.07693434701094173,0.4,0.46816235514344573,0.0007117606449284591,5.199238253664665,1.2715045883661913,-0.0017168457031250001,0.09313142254180265,0.09314724592723139,0.466,0.07358056491993814,0.1013109894577505,5.002831756980224,1.255113369824403,-0.0010946777343750003,0.10060815644642579,0.10061411164886676,1.04,1.7573328281635172,0.04934760628464733,10.336522213002253,1.290209616989426,-0.00306474609375,0.055148953194164026,0.05523404481867366,0.266,0.17049511505114712,-0.015490059876363269,4.8158703725798855,1.260407716128498
2004.02.15.17.02.39,2004-02-15 17:02:39,471,-0.0017371582031249998,0.07730953224226583,0.07732904689791945,0.378,0.41129213012603616,0.004327480864429501,4.888201977957783,1.268862397972471,-0.0014393554687499998,0.09355948420101289,0.09357055534795655,0.413,0.14270630666118622,0.11155294249683335,4.413781648128471,1.2581873183134682,-0.001715673828125,0.09771587663885467,0.0977309371897373,0.586,0.9554695934615505,0.0008114258764470724,5.996054236769722,1.2870819737531887,-0.002948583984375,0.056000043970989094,0.05607761649950562,0.249,0.1576438060610723,-0.01492829472016333,4.44027431162655,1.258780278012987
2004.02.15.17.12.39,2004-02-15 17:12:39,472,-0.0019844238281250003,0.07840959228104522,0.07843469958895345,0.378,0.3733421371332839,-0.016631503443417902,4.819295566642759,1.2704919200043712,-0.0012171386718749999,0.09316891198969779,0.09317686186972936,0.464,0.15468390944211796,0.093354403228522,4.979777067923996,1.2601137849873294,-0.00197216796875,0.099142484994309,0.09916209849203349,0.884,2.5403149779978786,-0.0683068206760026,8.914696375359776,1.3023028898635813,-0.002787353515625,0.05452898317484068,0.05460017715816612,0.222,0.06070410595586173,-0.03042182564173134,4.065920873423342,1.2550482879905656
2004.02.15.17.22.39,2004-02-15 17:22:39,473,-0.0017840820312499998,0.07570118489862475,0.07572220509038284,0.349,0.2559677197295893,0.005856994030451224,4.608951886483362,1.2627910554082928,-0.001959130859375,0.09105931885543879,0.09108039165561721,0.508,0.2136012084034964,0.09793483872862202,5.577490289246797,1.2572829922460047,-0.001434521484375,0.09904955608290347,0.0990599435297102,0.732,1.8562423781875665,-0.003584618564517638,7.389465145217425,1.2987650552818204,-0.0025477539062499998,0.05600709501679843,0.05606501353061016,0.259,0.11906259183746304,0.012160241356417547,4.619636805377604,1.2591446380043554
2004.02.15.17.32.39,2004-02-15 17:32:39,474,-0.0016589843749999999,0.07846671341781498,0.0784842490169206,0.459,0.3059077768184104,-0.00838864725050531,5.848307217681897,1.2647136181544272,-0.0006734374999999998,0.09380768484425912,0.09381010208877426,0.403,0.13177654470522038,0.1450157833856706,4.2959126045789136,1.2531608280552298,-0.002081884765625,0.0984642978601294,0.09848630461777731,0.813,1.495708756717824,-0.01751836636234811,8.25495487068208,1.2943431470527405,-0.003002392578125,0.054666132827006754,0.05474851997500138,0.256,0.11198249954171935,-0.0009855143418895829,4.675925488339989,1.2576704617438446
2004.02.15.17.42.39,2004-02-15 17:42:39,475,-0.00246708984375,0.07765771182557542,0.07769689014549584,0.413,0.322127167247233,-0.021896892339328327,5.315528063306173,1.2662796312168794,-0.0014560546875,0.09240679596167838,0.09241826678290525,0.479,0.1976927856186621,0.11969867112406465,5.182958052277619,1.2593222652942964,-0.0009289550781249999,0.1004180431015933,0.10042233983477294,0.852,1.964232956863527,0.027519025357306704,8.484167978975735,1.2990762920913068,-0.00326640625,0.054829123978992325,0.05492633472291548,0.256,0.18161644711438996,-0.010682079933688098,4.66078796794711,1.2603711508751843
2004.02.15.17.52.39,2004-02-15 17:52:39,476,-0.00213984375,0.07681755459350152,0.07684735275206296,0.371,0.3543989446650708,0.004052347383994401,4.827752508235107,1.2652922654357432,-0.0015299804687500002,0.09319054572277702,0.0932031043063682,0.53,0.2120572678128636,0.1435291051812002,5.686505872785475,1.2605544223059146,-0.0012384765624999998,0.09994090326064768,0.09994857662193093,0.94,1.8692045454541155,0.08029422916914522,9.404836284519364,1.2936364636844289,-0.0029779296875000003,0.05463617860814669,0.05471727403777531,0.21,-0.03181069799816205,0.009834414923098046,3.837910489748114,1.2529291097121154
2004.02.15.18.02.39,2004-02-15 18:02:39,477,-0.0019693847656250003,0.0774689434384712,0.07749397185477154,0.344,0.30961601911305703,0.050526995311431414,4.439054958296332,1.2684222400245209,-0.001132373046875,0.09169294093238359,0.09169993285464759,0.454,0.14296552859085,0.07576340519145369,4.9509305608721625,1.2575522016455072,-0.0011307617187499997,0.09803258432211664,0.09803910551885661,0.723,1.0412363523932733,0.06169829361667466,7.3746082869038405,1.2869718901437466,-0.00333076171875,0.055839158238454485,0.05593840868675342,0.325,0.2697062756243649,-0.00814419412485003,5.809961484960192,1.261166703257128
2004.02.15.18.12.39,2004-02-15 18:12:39,478,-0.0019145507812500001,0.07687059008688574,0.0768944284392569,0.376,0.34906668202127555,0.020238106759345835,4.889821117495176,1.2670085704506795,-0.0006772460937499999,0.09301742543945597,0.09301989087101882,0.466,0.2092950825477189,0.14184100590585264,5.009681215882683,1.2628133356656457,-0.00081044921875,0.10000354880516156,0.10000683277437847,0.667,1.264344686908232,-0.0027715173979529087,6.669544285086928,1.2928511323158325,-0.0026030761718749997,0.05424767258391406,0.054310091017490715,0.259,0.09261526982772272,-0.01484907221214529,4.768911175578555,1.2581436084304631
2004.02.15.18.22.39,2004-02-15 18:22:39,479,-0.0020274414062500003,0.07753484869782247,0.07756135172397398,0.383,0.4112223149714036,0.06400382741626194,4.938026368635551,1.2678278830062408,-0.00099501953125,0.09333625354167013,0.09334155713862127,0.542,0.31040598474432723,0.1091115049080907,5.806631222094114,1.261420669207782,-0.0011171386718750002,0.1024177013318971,0.10242379384167467,0.913,2.542129054108284,0.006292668045929427,8.913944365420628,1.3034798568271384,-0.0030921875000000003,0.05445884517570212,0.054546562141039194,0.237,0.1222239887696035,-0.01578439208734927,4.3449117725732584,1.2573056919075594
2004.02.15.18.32.39,2004-02-15 18:32:39,480,-0.0019455078125,0.07576150103062902,0.07578647662388391,0.378,0.40645979166639856,0.028846636434999975,4.987697236222673,1.2734067033488143,-0.0016045898437499998,0.09150991770036232,0.09152398454008517,0.466,0.10792305984119821,0.1541248506108271,5.0915615435853745,1.2553132862443723,-0.002040625,0.09923688372675189,0.09925786236962542,0.854,1.9044483654548099,0.050072742368055256,8.603852426519095,1.296784846182262,-0.00327607421875,0.05444691592844806,0.05454538767307691,0.21,0.03321044068345724,0.004230320123247802,3.8500047200811083,1.2544576725157832
2004.02.15.18.42.39,2004-02-15 18:42:39,481,-0.0022997070312499998,0.0766301144035941,0.076664614301107,0.396,0.3700231720140441,-0.03947144466350746,5.165355667800991,1.2682277353246891,-0.0006004882812500002,0.0923764602586494,0.09237841195914633,0.425,0.14830631763969837,0.13044598097675908,4.600641978863559,1.255888003523104,-0.0008961425781250001,0.09938380515611081,0.09938784532742485,0.83,1.313896542880621,-0.022198904405495774,8.351121782202192,1.2908601084999565,-0.00317978515625,0.054677310671773095,0.054769693589954475,0.247,-0.011746237462200604,-0.01767666396599397,4.509793351213913,1.2529946589956988
2004.02.15.18.52.39,2004-02-15 18:52:39,482,-0.002220703125,0.07677883289524279,0.07681094129826167,0.405,0.5325788003732015,0.018591951971078196,5.272686327685529,1.275523703942955,-0.0010452148437499998,0.0936849019119031,0.09369073230748333,0.505,0.19370053281856014,0.07869944674688054,5.390074210783646,1.2579515445598242,-0.001860107421875,0.0980696236577028,0.09808726259807832,0.837,2.1997846828393914,0.1166271509678166,8.533218053292865,1.2945967928155258,-0.003023486328125,0.05526474532055238,0.05534738968480695,0.251,0.19974455952958214,-0.02259504118649312,4.534992552122117,1.2600752375268005
2004.02.15.19.02.39,2004-02-15 19:02:39,483,-0.002200927734375,0.07545653374935424,0.07548862542369794,0.391,0.4047138169573614,-0.02522782645809846,5.179588286386447,1.2676999948975176,-0.0015659179687499997,0.09250125975988191,0.09251451321954841,0.549,0.28193387661779035,0.1667689700863627,5.934204060471625,1.258331372415593,-0.0024658691406250002,0.0988757333802925,0.09890647684610637,0.73,1.6636273905289025,-0.10881222076968125,7.380709770259476,1.2957210763417317,-0.003197216796875,0.05581621559989897,0.05590771073063737,0.261,0.16904691103660818,-0.037434539865593586,4.668407927798987,1.2621182783490832
2004.02.15.19.12.39,2004-02-15 19:12:39,484,-0.0018453125000000002,0.07670384782392663,0.07672604153231645,0.493,0.3695643133022144,0.01987360176974358,6.425458555585094,1.2660899735895146,-0.0017619628906250003,0.09143517025641136,0.09145214526213628,0.552,0.18577090454940892,0.11469068069617093,6.0359436994917965,1.255293907687398,-0.0015358886718749997,0.10024233323381634,0.10025409879985892,0.984,2.3779667073667046,0.11292395440782325,9.815060050206991,1.3004221001796283,-0.0027916992187500002,0.05487077654450528,0.05494174827146475,0.242,0.11549575974657111,0.016804438427171175,4.404665079172375,1.2606626892322217
2004.02.15.19.22.39,2004-02-15 19:22:39,485,-0.0016681640625000002,0.0765744476784151,0.07659261588817652,0.457,0.43309883912666836,-0.008804501955417196,5.966632614653214,1.2723025895045932,-0.0010128906250000001,0.09313861545728784,0.0931441229317167,0.53,0.18341458859708526,0.11188979913625645,5.690106721908148,1.2581929573874362,-0.0013865234375000004,0.0992134674480726,0.09922315541400858,1.008,1.731352570531449,0.11836856281639205,10.158919012342636,1.294600394529088,-0.0029475097656249997,0.05492411605180524,0.055003148436163406,0.291,0.2181566136518005,-0.013735088514672431,5.290606233891034,1.2599385949006126
2004.02.15.19.32.39,2004-02-15 19:32:39,486,-0.00206689453125,0.07609643615462021,0.0761245009733233,0.461,0.26809421544900447,-0.008421212329501533,6.055868926635731,1.2627587876561903,-0.0015004394531249999,0.09146458555070991,0.09147689177336331,0.439,0.18123277301964613,0.06767715693528065,4.799026196557218,1.2602623273562934,-0.0019808593749999995,0.0987431382349185,0.0987630049783002,0.999,1.8003903400201082,0.03390707554273338,10.115123575062302,1.292281666734127,-0.002379931640625,0.055286069228844416,0.05533727067167864,0.237,0.08563890592102075,-0.01263026196963285,4.282827778155953,1.2594192499496908
2004.02.15.19.42.39,2004-02-15 19:42:39,487,-0.0023765625,0.07583848610119465,0.0758757143191252,0.347,0.3259681516945001,0.0036747950322403976,4.573268312711427,1.2660376643764737,-0.0012523437500000004,0.09217221957245623,0.09218072697576891,0.449,0.291494153558693,0.17219023278617712,4.870866337580809,1.261768991395378,-0.001194384765625,0.09886664421133029,0.09887385848938092,0.671,1.2885650506973771,-0.034734752470018955,6.786424746153359,1.2901391558100583,-0.002572607421875,0.05580713773966139,0.055866402529969876,0.269,0.17175705466639446,-0.017575230685816803,4.815058565041722,1.2618088620045713
2004.02.15.19.52.39,2004-02-15 19:52:39,488,-0.0020783691406250004,0.07863962230433474,0.07866708215291275,0.408,0.49377479186991025,0.0054440430764863944,5.186413285380679,1.272858728321215,-0.0021427734374999995,0.09362595035880435,0.0936504674766429,0.42,0.17529061294485926,0.1317508330020191,4.484761382582003,1.2579849366217684,-0.0019360351562499995,0.10044087341829527,0.10045953058399314,1.035,2.2134318909436717,-0.04399443254732123,10.30265614405442,1.298008637167853,-0.0030837890625000004,0.05565122898900576,0.05573660415713134,0.256,0.24360978167434366,0.019874826823275966,4.593031884007335,1.2620073555976226
2004.02.15.20.02.39,2004-02-15 20:02:39,489,-0.002196484375,0.07485720499714194,0.07488942304220102,0.32,0.29257708015378325,0.009540303706430484,4.272966555232726,1.266904934268403,-0.001974658203125,0.09192516642915423,0.09194637294666318,0.422,0.12417985261512499,0.0901456405456945,4.5896318307715775,1.2544821236811294,-0.002176806640625,0.09782407399154083,0.09784829042682926,0.725,1.7085205361754578,0.0474907518800874,7.409429401754887,1.2989045071947478,-0.003147216796874999,0.05461912651728872,0.054709724501939554,0.266,0.07433328764404212,-0.023806390693765184,4.8620241176789305,1.2580662145453343
2004.02.15.20.12.39,2004-02-15 20:12:39,490,-0.0021729980468749997,0.07547957028666866,0.07551084326884368,0.408,0.48153185523704645,-0.002449477084000238,5.403197505653386,1.2712963349316395,-0.001814697265625,0.09199618702190057,0.09201408344777649,0.464,0.12397439241100461,0.09708313856179622,5.042706318575111,1.2564656437823833,-0.0016687988281250004,0.09796320470312117,0.09797741762893313,0.833,1.4417735958423865,-0.0012424599438327307,8.50195912648765,1.2923158403789468,-0.0026416992187500003,0.0539437309864423,0.054008376086492366,0.244,0.17595597142005115,-0.009193915626213143,4.517817747551662,1.2625578060380467
2004.02.15.20.22.39,2004-02-15 20:22:39,491,-0.001290380859375,0.0774549037472992,0.07746565172555915,0.376,0.4419314838847854,0.02954659065575356,4.853764108666782,1.2703425787405536,-0.001362109375,0.09216523846596414,0.09217530321858182,0.41,0.22510383637752973,0.08858619057573126,4.44804612172241,1.2621283382072703,-0.0011760253906249998,0.09903752308066109,0.09904450521695726,0.754,1.7722427872780573,-0.050904510589514576,7.612739327117248,1.3031125217015778,-0.0033215820312500004,0.055594462325371734,0.055693600605792225,0.247,0.1320767195381305,0.02104727419253886,4.434979913550635,1.2592377266326904
2004.02.15.20.32.39,2004-02-15 20:32:39,492,-0.0021988769531249997,0.07784892877637682,0.07787997670444166,0.4,0.5218113449751556,0.018004148626003233,5.1361083673409365,1.2749584318129037,-0.00114091796875,0.09199979495103416,0.0920068691177118,0.439,0.2284831042619735,0.11061534138070697,4.771382878362614,1.259483506694609,-0.00190693359375,0.09851697253624132,0.09853542648934696,0.833,1.9564255388837344,-0.029704044002885968,8.453812295520523,1.2954035347484472,-0.00286552734375,0.05600676911442019,0.056080027047013356,0.259,0.21616682619457483,0.03610348342497581,4.618400055029815,1.2611552517688096
2004.02.15.20.42.39,2004-02-15 20:42:39,493,-0.001991064453125,0.07809715296357081,0.07812252964844313,0.444,0.4536244074601776,0.041707054460016095,5.683379711307752,1.2711055131973645,-0.001694384765625,0.09260942961083468,0.09262492856989486,0.544,0.24370653947162646,0.10901966885621521,5.873148928687131,1.2617630461710585,-0.001030908203125,0.09804752749661057,0.0980529470231358,0.872,1.6769416502505088,0.08999919096600392,8.893154428028051,1.293120519375851,-0.002872412109375,0.05548441223106757,0.05555871445554806,0.298,0.1464604625948973,-0.02048068508604215,5.3636950192291915,1.260919570396451
2004.02.15.20.52.39,2004-02-15 20:52:39,494,-0.0023245117187500005,0.07607857372246403,0.07611407711044653,0.415,0.4236777373486098,0.0430331988739695,5.452342270376709,1.2658051836908253,-0.001357568359375,0.09229433177650456,0.09230431555415962,0.464,0.2211077355322626,0.10713517640693226,5.026850556383224,1.2593842173613643,-0.00174345703125,0.09580902536794321,0.09582488708250587,0.803,1.7354398326382299,0.09200546060971193,8.379868992786932,1.2978494234882867,-0.00306875,0.05441622593061053,0.05450268682453875,0.281,0.22486259462368352,-0.012051685066980391,5.155709128700887,1.2582798549047156
2004.02.15.21.02.39,2004-02-15 21:02:39,495,-0.0018037109375,0.07744978934149171,0.077470789606067,0.408,0.29830253571617815,-0.002287430527862203,5.266501117061651,1.2645792055877443,-0.0015994628906249998,0.0917077579108749,0.09172170486083502,0.479,0.09993211454596151,0.07844557104284684,5.222318978117164,1.254557686856822,-0.0012136230468750002,0.09747786267095195,0.09748541732893631,0.879,2.3803457640821843,-0.04353721252214661,9.016733210815204,1.3004600276679708,-0.002373974609375,0.054792127025761354,0.05484353142762713,0.266,0.17360671949207918,-0.024505702052833346,4.850161779808438,1.260557178861121
2004.02.15.21.12.39,2004-02-15 21:12:39,496,-0.002238525390625,0.07690184928854053,0.07693442285428465,0.393,0.3992394228624758,0.04931177367938912,5.108246548418904,1.2657052519901943,-0.002332568359375,0.09182339693377838,0.09185301900106156,0.42,0.14464925198802447,0.12183164125208097,4.5725225427282465,1.256113855309173,-0.00205771484375,0.09970894748245672,0.09973017797255503,0.713,1.5627694128802112,-0.010598036655870023,7.1492903601978135,1.3011046279003233,-0.002848828125,0.05602648646958606,0.0560988681509039,0.271,0.1990257947915044,-0.003961459092809475,4.830756999785093,1.2617923325548652
2004.02.15.21.22.39,2004-02-15 21:22:39,497,-0.0023425781250000005,0.07841605485970027,0.07845103780085545,0.393,0.42221413329817725,0.033720105512480336,5.009493959756319,1.2725612165194673,-0.0013029785156250002,0.09335630068638749,0.09336539311147024,0.479,0.183566963826288,0.1350044622657311,5.130380583607839,1.2594200131617443,-0.001166015625,0.0998297812868535,0.0998365906079467,0.791,1.3172587511397262,-0.015660181627326086,7.922946839262746,1.2869005775674704,-0.002760791015625,0.056404881871905996,0.05647240623539629,0.254,0.09353129567488061,-0.0007357928665101285,4.497771866515501,1.258110845239493
2004.02.15.21.32.39,2004-02-15 21:32:39,498,-0.0023398925781250002,0.07709048084366325,0.07712598352036994,0.378,0.47643644736944246,0.031190357230299122,4.901072021988095,1.2702588001061346,-0.0019380859375000004,0.09327403172788161,0.09329416472574799,0.518,0.09321172243452747,0.0916029339230127,5.552330111135436,1.2565498680642964,-0.003301708984375,0.09861943968507489,0.09867469364541055,0.637,0.9472235555081192,0.07154377905950501,6.455555892466938,1.286063855789068,-0.002913916015625,0.05454991677010845,0.054627688274096635,0.244,0.06793219412311657,-0.00749769357007298,4.466599406068954,1.2578434899453463
2004.02.15.21.42.39,2004-02-15 21:42:39,499,-0.0021673339843750004,0.07661851316675722,0.07664916109445931,0.386,0.36493871305970593,-0.009899719407707676,5.035932481039281,1.26775193659889,-0.0008167968749999999,0.09175100599272734,0.09175464161453903,0.405,0.0825623377131195,0.12331979908891982,4.413945636684014,1.255711815315883,-0.002115283203125,0.10024478604747955,0.10026710104882047,0.774,1.1279737055499819,-0.037010201288035144,7.719381451181442,1.2834790565056757,-0.00280029296875,0.054100381055801436,0.054172805641703195,0.298,0.14743494367123766,-0.054189095189979365,5.500915015754589,1.257610621156842
2004.02.15.21.52.39,2004-02-15 21:52:39,500,-0.0018611816406249998,0.0760743867622998,0.07609715052720026,0.391,0.4046983336170258,0.055313966560265174,5.13816873944893,1.2718909823311528,-0.0008675781250000002,0.09097112481652912,0.09097526170441886,0.483,0.22141653338927503,0.12551073703954746,5.309135593028359,1.2585794707206526,-0.0012652832031249998,0.09769002858720544,0.09769822223025927,0.977,2.1162770492780796,0.08794990142882557,10.000181965413509,1.3002667594283817,-0.0026890625,0.055296439206922204,0.055361785069610515,0.261,0.14780211545865773,0.0013898435848655616,4.714443359653688,1.2616048868433025
2004.02.15.22.02.39,2004-02-15 22:02:39,501,-0.00169091796875,0.07745153396046593,0.07746998977930906,0.432,0.4164259373181851,-0.020252264884347868,5.576352872004379,1.267246800448125,-0.0009208984374999998,0.09242206806178821,0.09242665588860176,0.4,0.14491202925303215,0.13189057552016445,4.327755842233483,1.2553755337779653,-0.002423095703125,0.09774706998778977,0.09777709897508913,0.735,1.6722173955776913,-0.025215007017387568,7.517097640494094,1.292907795320826,-0.0026311035156249994,0.05486028507285066,0.05492334279688715,0.234,0.04412977604103974,-0.024244389500215156,4.260483577362707,1.255947178024469
2004.02.15.22.12.39,2004-02-15 22:12:39,502,-0.0019993652343750002,0.07797954553010326,0.07800517279271853,0.518,0.5485896012354452,0.007311364391002869,6.640585251653378,1.2694138764559106,-0.00126181640625,0.09217607877884813,0.09218471500030523,0.461,0.16840468050521995,0.12110072590689669,5.000829041978094,1.2574416172508158,-0.0010722656250000003,0.09988303683414264,0.09988879216799676,0.798,1.5518758566106472,0.008945851359172632,7.988884264992347,1.292617598413121,-0.0029587890625000003,0.05508313284767743,0.05516254124885156,0.249,0.1476125325989739,0.009965837042830378,4.513932722510024,1.2604726286565044
2004.02.15.22.22.39,2004-02-15 22:22:39,503,-0.0016881347656250005,0.07761817449257592,0.07763653012948785,0.4,0.37794366180997097,-0.04333381849214864,5.152213775304627,1.2707089190811482,-0.0009130371093749997,0.09378466601760534,0.09378911033162045,0.459,0.07664734567438325,0.1107994529985825,4.893958353769039,1.256630363617656,-0.001194482421875,0.09990656777214127,0.09991370812989389,0.881,1.7611751224031407,0.0632100787051857,8.81760887960085,1.2967542008220885,-0.0029937988281249998,0.05502290104383667,0.05510428722615986,0.256,0.11737544548996981,-0.033129200779495965,4.645736527710101,1.2613157753819915
2004.02.15.22.32.39,2004-02-15 22:32:39,504,-0.0021275390625000003,0.07915981624047037,0.0791884014846082,0.415,0.3224069468935795,-0.001681793624637338,5.2406664640233105,1.2657190394243205,-0.0019146484374999995,0.09389200152028808,0.09391152127468173,0.535,0.221932647612467,0.15040853679166344,5.696851597528475,1.2605540278217875,-0.0016794921875,0.10011828067992691,0.10013236649711471,0.857,1.87083602381965,-0.0054244477732732985,8.558671186750532,1.2975109496391697,-0.002695556640625,0.056236892047227836,0.056301456932608546,0.242,0.18007713659528068,-0.009401010668099513,4.29829018971335,1.2618823581978829
2004.02.15.22.42.39,2004-02-15 22:42:39,505,-0.0020180175781249997,0.07752226883677524,0.07754853035710525,0.391,0.26772012120441113,-0.019434228180003843,5.0420039967163,1.263207297164665,-0.0017718749999999998,0.09341371253436578,0.09343051552072669,0.371,0.08494396205026744,0.12773862984369944,3.9708653851716904,1.255835950639964,-0.0004156250000000002,0.09934499207897635,0.09934586149061521,0.723,0.9054034323123585,-0.024489932896276788,7.277605620927639,1.2826320097233004,-0.003001708984375,0.05537578430427643,0.05545708019847984,0.251,0.08871633217315633,-0.047838320013957124,4.52602263050409,1.2573839829872775
2004.02.15.22.52.39,2004-02-15 22:52:39,506,-0.002165966796875,0.07853056446143572,0.07856042875899338,0.454,0.3885134945276114,0.016657463161549042,5.778990863107112,1.267456049150654,-0.001086865234375,0.09290635418414842,0.09291271131458885,0.4,0.16694227093413616,0.09884934719348648,4.3051159990978904,1.2603949771864582,-0.0010714843750000002,0.09843140441118947,0.0984372361107574,0.737,1.377376549700779,0.03685920283137878,7.487004197992301,1.2917477827168755,-0.0027323730468749997,0.05564216384450137,0.055709211623982124,0.256,0.09911456891856929,-0.01239933154472824,4.595290303655907,1.2585000182656194
2004.02.15.23.02.39,2004-02-15 23:02:39,507,-0.0017487792968749998,0.07896260563918973,0.0789819683115037,0.442,0.4070034550620161,-0.05530929399221074,5.596214040358663,1.265985321307251,-0.001068701171875,0.0940260244729929,0.0940320977134437,0.4,0.17875891084395246,0.12262309531114496,4.253866602221002,1.2595382867195746,-0.0012680664062500002,0.10032827327202233,0.10033628660736976,0.759,1.6491722736048198,0.001055635137715524,7.564561393128645,1.2924322518984592,-0.00288017578125,0.05535243171572592,0.05542731374850309,0.254,0.11642061019908034,0.027041812184948975,4.582578205981698,1.2549515725921334
2004.02.15.23.12.39,2004-02-15 23:12:39,508,-0.0016450195312500003,0.07905916720124433,0.07907627967862739,0.391,0.3474743632273807,-0.05523747146277392,4.9445927601684945,1.2655309254131788,-0.00174697265625,0.0933359917924595,0.09335233943155227,0.479,0.20756383670963263,0.1499901948761388,5.131097976941563,1.258762232415959,-0.0015707519531250002,0.09910718813615328,0.09911963479529738,0.61,1.0279646601197951,0.04078854262413428,6.154179252776472,1.2918349867204348,-0.002749267578125,0.05531479757278558,0.05538307776509333,0.266,0.31828470769416706,-0.01992850478558889,4.802911118956513,1.2673855522818747
2004.02.15.23.22.39,2004-02-15 23:22:39,509,-0.001830859375,0.07819904743892489,0.07822047728316575,0.457,0.545918411380272,0.027530549424184834,5.842459875891776,1.2706408545093417,-0.0021032714843749996,0.09350812876722209,0.09353178014174848,0.374,0.09523401377016372,0.11135372709418645,3.998640883699623,1.25465673347997,-0.002201318359375,0.09838138752005536,0.09840601207695912,0.723,1.447449848286639,0.044533254595119996,7.347112079235288,1.2869371295670222,-0.0033343749999999997,0.0551682636526937,0.05526893676463977,0.276,0.03833948077185578,-0.02440345138620607,4.993763516300907,1.255719229533352
2004.02.15.23.32.39,2004-02-15 23:32:39,510,-0.00127177734375,0.07780511614291777,0.07781550947995522,0.403,0.43269991308322364,-0.016503285146634926,5.178916165855218,1.2717956029539077,-0.0017070800781249999,0.09281572905088606,0.09283142615321939,0.461,0.1367027062292463,0.12971660299700508,4.965990711368733,1.2541204164099633,-0.001613427734375,0.09858919871314034,0.09860239982856972,0.669,1.3241064050174147,0.012312784325346186,6.784824721945149,1.2911445233082597,-0.0027872558593749997,0.054985180919862445,0.05505578004184143,0.251,0.11637561101918203,0.0028072309904402606,4.5590126923866015,1.257366749510635
2004.02.15.23.42.39,2004-02-15 23:42:39,511,-0.0025516601562500002,0.0774870854107122,0.077529087283419,0.366,0.30299900081291,-0.0021083022448274637,4.720808832200398,1.2642752553674281,-0.0012275390625000001,0.09196139742631164,0.09196958991291633,0.427,0.053420771645599,0.1336429233375822,4.642839012376976,1.254271632123454,-0.00195234375,0.10204656744888867,0.1020652417535899,0.715,1.270942488442004,0.05073663696271782,7.005323141507687,1.2866559754631435,-0.0032288085937500002,0.05457251384828425,0.05466794739750387,0.259,0.14605779818783038,-0.018178292945666877,4.737693883341702,1.2619898809708163
2004.02.15.23.52.39,2004-02-15 23:52:39,512,-0.00167529296875,0.08151823352707728,0.08153544630347129,0.483,0.5666889213621582,0.009621055882152025,5.9238039637668205,1.2707531926206503,-0.0014719238281250002,0.09373591973853232,0.09374747574726679,0.427,0.17405964614203873,0.1440700913644862,4.554789306019786,1.2589899240743216,-0.0013024414062499999,0.10046491406895885,0.10047335623188866,0.725,1.3488460736869783,0.06000444003936432,7.2158433557920345,1.2893726474721785,-0.0032422363281250006,0.055867406881288675,0.0559614085602469,0.276,0.1751888520180298,-0.0220975051093146,4.931970211272722,1.2570452614020293
2004.02.16.00.02.39,2004-02-16 00:02:39,513,-0.0016622070312500002,0.07678379216775025,0.07680178169726923,0.474,0.3561730038030797,-0.003874625622430125,6.171731820862869,1.2642288914752575,-0.00150595703125,0.09292981466028558,0.092942016114215,0.493,0.24894003277124988,0.16129380244795247,5.304382459211558,1.261361476071056,-0.0013680175781249997,0.09914290241954574,0.0991523402258647,0.647,1.08019172758289,0.01773472321556211,6.525312448764823,1.2871842101656197,-0.003230810546875,0.05553375678366335,0.055627657503231925,0.256,0.09074411967391516,-0.019034874284573147,4.602027327595569,1.2582621147404571
2004.02.16.00.12.39,2004-02-16 00:12:39,514,-0.002186083984375,0.07828435555027986,0.07831487270697295,0.374,0.38899196237205436,0.015403101465941076,4.7755935376333705,1.2704460518295662,-0.001631591796875,0.09127656113858855,0.09129114253353457,0.396,0.14402135686401252,0.14522645356047942,4.3377702262246824,1.2576034637702544,-0.0026013671874999997,0.09892458053916402,0.09895877801435177,0.857,1.9026449767325007,-0.10648191389264104,8.660171610806584,1.2948548749366997,-0.0033023925781249996,0.0555147759235149,0.05561291345162672,0.234,0.07273194036230812,0.016011927949552356,4.20765583884646,1.2585513430699051
2004.02.16.00.22.39,2004-02-16 00:22:39,515,-0.001882373046875,0.0771200007359263,0.07714297013854778,0.361,0.35279620493135777,0.011436284171182236,4.679622775110275,1.2665052386829803,-0.0016279785156249997,0.09267635810695352,0.09269065576429819,0.471,0.2273541581982923,0.15672626932668926,5.081418359987651,1.260178979135254,-0.0021667968750000003,0.09992932859755807,0.09995281748233138,0.825,1.907774999211055,0.006801102480524355,8.253894395181355,1.2966348237556733,-0.0031540039062500002,0.05600151725748696,0.05609026364513943,0.247,0.1440839176423343,0.011791288633062325,4.403616313210254,1.2631164226913874
2004.02.16.00.32.39,2004-02-16 00:32:39,516,-0.002467822265625,0.07831569065068257,0.07835456303769503,0.422,0.44221756979937377,0.020784239769755124,5.385774403425402,1.271273190009494,-0.0019104003906250003,0.09188668946275966,0.09190654672044928,0.383,0.1542288177478568,0.14632177626418016,4.167276583298959,1.259228784290466,-0.0008291992187500003,0.09868758078162938,0.09869106429598883,0.603,1.0410534543837802,0.01605290183448971,6.109975652826233,1.2878188157670112,-0.0032222656249999994,0.0549430103566818,0.05503741802458124,0.269,0.15833503429849793,0.008596256268880687,4.8875839320779395,1.2614163393027351
2004.02.16.00.42.39,2004-02-16 00:42:39,517,-0.00238388671875,0.07738437691901005,0.07742108696622162,0.378,0.28391523619049686,-0.030332739751400772,4.882390764739835,1.2665682497345727,-0.0009399902343749999,0.09364537214940152,0.09365008973108689,0.481,0.24764310640818454,0.1306700452178317,5.136140300358232,1.265714633011569,-0.0007011230468750003,0.10123130411257436,0.10123373205537459,1.025,2.7835504465928764,0.09196922386465659,10.12508359801778,1.301568293089563,-0.003038720703125,0.05491505527293062,0.054999064711507825,0.249,0.09491692448447919,0.018487009313886332,4.527349715965261,1.2570948219755165
2004.02.16.00.52.39,2004-02-16 00:52:39,518,-0.002127880859375,0.0755417258715849,0.0755716893063095,0.4,0.37180724461967296,0.02686523503734251,5.292987409328746,1.26948214310058,-0.001750244140625,0.09177019678792829,0.09178688562668894,0.459,0.06146479126927051,0.07425631608325683,5.000714392542111,1.2542848281306582,-0.0018768554687499997,0.09979683009175153,0.0998144773207399,0.889,1.668858201748848,-0.14652463200796842,8.906523621251079,1.2942843673689686,-0.0029373046875000005,0.05397911538199557,0.05405897387344676,0.229,0.06097086548905395,0.0057369738701321,4.23611444301725,1.2561897761451222
2004.02.16.01.02.39,2004-02-16 01:02:39,519,-0.00119599609375,0.07787376769430278,0.07788295128949917,0.359,0.33128732679968653,0.017214517082513245,4.609481202960055,1.2657181645984112,-0.001129638671875,0.09256397935424383,0.09257087207875853,0.547,0.20745817529016009,0.1077663382097501,5.908986139123946,1.2592225419644048,-0.001260595703125,0.09897252129120934,0.09898054895920524,0.74,1.7788890337928418,-0.014600427338373584,7.476216365550674,1.2977025211077011,-0.00257373046875,0.05495117358055675,0.05501141305589459,0.249,0.1352599426178469,-0.018936907346423556,4.526333467329815,1.2593264486232565
2004.02.16.01.12.39,2004-02-16 01:12:39,520,-0.0018313964843749999,0.0790170110035342,0.0790382315149803,0.437,0.4731143985341144,-0.0568547050940825,5.528969862099893,1.274016534107483,-0.0010749023437499998,0.09279769744642186,0.0928039226886787,0.53,0.17316891823237235,0.08617357825036362,5.7109654920293105,1.2606251287830472,-0.0015154785156250002,0.10030529449717775,0.10031674226816217,0.688,1.184161396144856,0.054182931607639304,6.8582769380695146,1.289087381577924,-0.0029431152343750004,0.055420363019113426,0.05549845551412332,0.264,0.12320201736726188,-0.04950909476155264,4.756889134199724,1.2593091566028436
2004.02.16.01.22.39,2004-02-16 01:22:39,521,-0.0018272460937499998,0.07648061079752747,0.07650243562299178,0.398,0.4433637639149004,0.02637918504571029,5.202448742434371,1.273103172709883,-0.001838525390625,0.0917255291903372,0.0917439528299243,0.457,0.06905773995839448,0.11043839848679796,4.981254741085665,1.2555294567817652,-0.00125576171875,0.09898062870774625,0.09898859427668927,0.767,1.6679211123410305,0.005921241615797936,7.748367431667025,1.2979916374195166,-0.0033323242187500005,0.054220545810212774,0.05432284945265896,0.212,0.05019523438248408,0.0321097040974757,3.902593515179148,1.2562550748881036
2004.02.16.01.32.39,2004-02-16 01:32:39,522,-0.002473095703125,0.07818151679986492,0.07822062241816012,0.391,0.3201974871061335,0.016040020944363655,4.998681778697064,1.2704910449655435,-0.0020166015625,0.09219230240549166,0.09221435519856712,0.381,0.18693075231440437,0.15058197226953154,4.13167775428874,1.26145700904448,-0.002125439453125,0.09992432799619157,0.0999469300096775,0.745,1.891887378180031,0.008363864584479517,7.453955813628936,1.302053748794226,-0.003001318359375,0.055470180863765026,0.05555131750870654,0.254,0.09041978201163703,-0.008775108496980264,4.572348800911709,1.2582168310405115
2004.02.16.01.42.39,2004-02-16 01:42:39,523,-0.002377978515625,0.07958598161819926,0.0796214999353386,0.405,0.37007201037201254,0.01471983361289396,5.08656581864075,1.2678237777756707,-0.0012834960937499998,0.09341041832182628,0.09341923577765582,0.437,0.21623906625156764,0.11534534902396684,4.677837453520707,1.2593956067400256,-0.00201171875,0.10253359853001673,0.10255333168573194,0.776,1.8039115265374983,-0.09569019638746287,7.566794634990523,1.2958095850184472,-0.0029642578125,0.05652415043033405,0.056601823347397565,0.269,0.1778142482792111,-0.04553116541258325,4.752497076798995,1.262544619239451
2004.02.16.01.52.39,2004-02-16 01:52:39,524,-0.0022442871093750006,0.07952488089415834,0.07955654282244407,0.425,0.3755785190178629,0.00292026177753451,5.342112476512758,1.2697768676094385,-0.001659814453125,0.09286197096092039,0.0928768035343897,0.491,0.1046672839799676,0.13841013846332845,5.286572979637443,1.2566034922341136,-0.0018529296875,0.09919304761192657,0.09921035249896429,0.876,1.878038526544393,0.09708923282393185,8.829723692486075,1.2981383804728566,-0.002362548828125,0.05555586604226956,0.055606077803346955,0.239,0.10079533260991269,-0.004843659789125188,4.298091313781072,1.2582464883314555
2004.02.16.02.02.39,2004-02-16 02:02:39,525,-0.0013968261718749996,0.0800961141360331,0.080108293097824,0.498,0.5260048179163546,0.02152908415873024,6.2165848346296535,1.2716735530614751,-0.0012041992187500003,0.09402168343006209,0.09402939461030924,0.496,0.26473318765325127,0.11593234432581995,5.2749462235250775,1.2620601168256593,-0.00110849609375,0.09974924736403473,0.09975540643634936,0.759,1.8750917723132412,0.06909281242254671,7.608610170760949,1.300118572762701,-0.0022861328124999998,0.056784537974818555,0.05683053894034439,0.247,0.14806704856447173,-0.04488577204070036,4.346254753263531,1.2624789431247512
2004.02.16.02.12.39,2004-02-16 02:12:39,526,-0.0019568847656250003,0.07787621792826703,0.07790080048880675,0.391,0.33876064158508923,0.00792259653450327,5.019203879120359,1.266916062694912,-0.0016488769531250002,0.09257949658112928,0.0925941789877845,0.415,0.16677826397220796,0.12163417662954301,4.481923210904531,1.2597470882831463,-0.0020417480468750003,0.09934737708300334,0.09936835546772109,0.867,1.7398713224472235,0.05043487387575448,8.725111690930994,1.2927993149197872,-0.002809521484375,0.05513786872508277,0.055209401178745135,0.283,0.16326690193261761,-0.009155306420746015,5.125938589403703,1.2582709156311176
2004.02.16.02.22.39,2004-02-16 02:22:39,527,-0.001774755859375,0.07846345124382906,0.07848352017750684,0.396,0.2777135623768934,0.008623625909561575,5.045645239973481,1.2649337749049852,-0.0007003906249999998,0.09201297239895667,0.09201563800093303,0.405,0.11646974394962761,0.08464162797107001,4.401425766301738,1.2536807616092975,-0.0022007324218749997,0.09974953589652903,0.09977380986393987,0.881,2.018707243082355,0.030477263905853886,8.829972526872606,1.2930128651651656,-0.002953515625,0.05592804378297511,0.05600597589487661,0.239,0.1753126106419538,-0.001614653258928908,4.267401758137448,1.2642321005465538
2004.02.16.02.32.39,2004-02-16 02:32:39,528,-0.001760546875,0.0781415394123521,0.0781613696593864,0.435,0.370188493601602,0.03218013434806742,5.565409125961508,1.2667728551044866,-0.0019381347656249998,0.09293391485412981,0.09295412253625106,0.505,0.15218113607583827,0.12728695098202017,5.432787553914628,1.2555626614086688,-0.0009913574218749998,0.09970718101917343,0.09971210927629665,0.75,1.4548836534268341,0.04765513740131922,7.521654144551212,1.2936818692805196,-0.002831689453125,0.0552828340438439,0.05535530873437637,0.234,0.08925333455996753,0.0057873616698697625,4.227236833288276,1.2559775353884812
2004.02.16.02.42.39,2004-02-16 02:42:39,529,-0.0019248046874999996,0.07780462064750704,0.0778284258300751,0.398,0.458982255928821,0.00883134124852386,5.113812797254362,1.2698461781754302,-0.0016973144531250005,0.0909143802902989,0.09093022280805142,0.43,0.1875220017560708,0.10295554960358433,4.728900762815744,1.260981119053818,-0.001697216796875,0.09939486177333957,0.09940935112853758,0.947,2.148852572255282,0.06872358480604247,9.526266787271519,1.2913720152970452,-0.0022905761718750002,0.05480797612691937,0.05485581998592424,0.254,0.13241421240847773,-0.02861321829086705,4.63031999275875,1.2589124696034026
2004.02.16.02.52.39,2004-02-16 02:52:39,530,-0.002044921875,0.0794376532600419,0.07946396957701962,0.364,0.3304373931689537,0.04435393427507771,4.580692380931169,1.2672929303374951,-0.0021526367187500004,0.09378663369085884,0.09381133462384089,0.432,0.1670021931261787,0.14083657766618513,4.604987251617386,1.257336956129477,-0.002563818359375,0.0997972257091762,0.09983015287891793,0.85,1.3273999136932195,-0.10043907435510865,8.51446156784863,1.289103192717945,-0.003036083984375,0.056348268474332434,0.05643000235704076,0.266,0.1127331782603882,-0.03339731344155699,4.713804516912469,1.2597698969261282
2004.02.16.03.02.39,2004-02-16 03:02:39,531,-0.001803759765625,0.077098690150829,0.07711978716429153,0.398,0.3937705929486972,0.004784974714342335,5.160802624521303,1.2669777860600644,-0.001960693359375,0.0919651941840832,0.09198609275192432,0.537,0.1470235284974355,0.07827421274797941,5.837839002991744,1.2566380966404116,-0.0018544921875000002,0.09899495390063577,0.09901232266269941,0.818,1.8171464760694853,-0.0012566921796888344,8.261597930458029,1.294077188839108,-0.003121923828125,0.055578723972472245,0.055666336028131716,0.273,0.21885479768273042,0.03221669469451056,4.904220745946632,1.2617848234028697
2004.02.16.03.12.39,2004-02-16 03:12:39,532,-0.002038427734375,0.08223985284736413,0.08226511158434281,0.457,0.5003740741636844,-0.0072230627825329505,5.555210358299435,1.2727351248889265,-0.00193154296875,0.09307534121215925,0.09309538119584665,0.405,0.13053531876469915,0.12262183682953245,4.350376944566061,1.2579261676010907,-0.0007476562499999998,0.10044254466939338,0.10044532726578798,0.706,1.617052687039056,-0.02111953679339127,7.028699285650752,1.2932446550082406,-0.0027974121093750004,0.056287548432465924,0.05635701928816742,0.229,0.10824673896849779,-0.01752954800723647,4.0633802655365105,1.258157046222143
2004.02.16.03.22.39,2004-02-16 03:22:39,533,-0.002299267578125,0.08429453767294064,0.08432588993239636,0.43,0.4508448020711784,-0.029106629190465683,5.099264298837864,1.2735898656830007,-0.00194326171875,0.0941232004284408,0.09414325852125578,0.508,0.2608110799337595,0.07972907643732322,5.396031622225006,1.2581989037500314,-0.001248095703125,0.10004997882546111,0.10005776334627602,0.864,1.6765346531826602,-0.04012889371198477,8.635012128043503,1.2905824821005034,-0.0034185546875,0.05634706995436694,0.05645067589138105,0.242,0.146723231462774,-0.05076889409878628,4.286928299417382,1.2621176258891664
2004.02.16.03.32.39,2004-02-16 03:32:39,534,-0.0016643066406250005,0.08426361545795787,0.0842800498732685,0.4,0.37837651204512657,-0.009241176562636063,4.746081671777343,1.2678169359071825,-0.0013586425781249999,0.09283887377022101,0.09284881470744862,0.41,0.11255362363539678,0.12154957301048822,4.415780656886604,1.2567113220434905,-0.001780712890625,0.09861383417207135,0.0986299104152266,0.92,2.263792354384579,0.11697149628703683,9.327799205401785,1.2965083523293488,-0.0032107421875,0.05548403505806114,0.055576856799559565,0.239,0.09754992204311197,-0.008775431497233498,4.300351149075671,1.259515440277196
2004.02.16.03.42.39,2004-02-16 03:42:39,535,-0.0017368652343749999,0.08308035483617349,0.08309850817281184,0.42,0.29113086781704567,-0.026798606640015668,5.054242359279989,1.267153949301545,-0.001190771484375,0.09226070336572134,0.09226838744806168,0.547,0.3780360303755401,0.09933692567625126,5.928357643704448,1.2664061740387156,-0.00089736328125,0.09789710803991589,0.09790122074538958,0.618,1.1078934866460726,-0.05678031897714425,6.312485128323624,1.2858772756728054,-0.00259658203125,0.056662471631958394,0.05672193517227264,0.327,0.2932817766567024,-0.029450563495062372,5.764965511258637,1.2659518105801122
2004.02.16.03.52.39,2004-02-16 03:52:39,536,-0.0017226074218750001,0.08265013893192785,0.08266808841262072,0.393,0.20897921343268377,-0.01809235745420855,4.7539504970578434,1.2635823869319691,-0.0012217285156250002,0.09345912692094194,0.09346711199877006,0.408,0.09547209435684234,0.15620037202587403,4.365171783689742,1.257315620977179,-0.0019137695312500002,0.09787513462758946,0.09789384297384336,0.754,1.4981022004255022,0.0782226262667056,7.702220865938057,1.2917068190602392,-0.0029669433593750003,0.0558269519628435,0.055905736005882035,0.225,0.07522589028772142,-0.02765172832850004,4.024631747560339,1.2564258576175842
2004.02.16.04.02.39,2004-02-16 04:02:39,537,-0.0020143554687500004,0.08424717046536646,0.08427124871137842,0.42,0.39805576986482194,0.013995405888354632,4.983906212645108,1.2716833070350173,-0.0017482421875,0.09169538616836916,0.0917120504367474,0.513,0.15781165545129516,0.1343828549211889,5.593594272039631,1.2564975468575812,-0.0017033203125,0.10067744736009289,0.10069185521695015,1.284,3.300239014685104,0.03864819369290001,12.751776171305021,1.305020051388472,-0.003025146484375,0.05585860709680245,0.055940463870501424,0.261,0.11999025674962605,0.016154184072143536,4.6656745751018125,1.2582750596296646
2004.02.16.04.12.39,2004-02-16 04:12:39,538,-0.0023246582031249997,0.08595580269518177,0.08598723191692109,0.476,0.4703129065721363,0.014674508507171748,5.535705585451342,1.2715844018153961,-0.0017722167968749996,0.09520052243677159,0.09521701646559493,0.51,0.2367480294414519,0.18152063001084817,5.356185469057204,1.2599441225693382,-0.0006433105468749998,0.10268931435353755,0.10269132938500394,0.881,1.5958101677892387,-0.02434398538322145,8.57910794685508,1.2901751765409184,-0.003163134765625,0.05763582207844024,0.05772255545454589,0.273,0.10712835193337211,0.027716170410560344,4.7295203382839865,1.2570544998655917
2004.02.16.04.22.39,2004-02-16 04:22:39,539,-0.001966943359375,0.0844199690988402,0.08444288039158852,0.515,0.4865130026451254,0.012273896728958499,6.098797170487092,1.2704474142566056,-0.0012630859375,0.09373189629707564,0.0937404062799562,0.425,0.22510676402935426,0.11624326585859034,4.533797290474029,1.2588033591284404,-0.001781884765625,0.10089565131878286,0.10091138473115595,0.923,1.711095870437381,0.03989981777658137,9.146638929383633,1.299110439320125,-0.0028833984375000003,0.05727302499743551,0.057345561109001714,0.242,0.11806718801610572,0.02597051497346387,4.220030204953606,1.2586023477083048
2004.02.16.04.32.39,2004-02-16 04:32:39,540,-0.0015724609375,0.08266760510022222,0.08268255902187746,0.393,0.26595855893303977,-0.03174959405436106,4.7531184889429205,1.2692723710541252,-0.0019228515625,0.09304190034599245,0.09306176754244999,0.408,0.1861819855521598,0.13003078244771143,4.384184942692942,1.2597027054352172,-0.0011663085937499997,0.10162647589664021,0.10163316820264066,0.83,1.740752154104249,-0.07536862619668636,8.16662527281556,1.2967549371947773,-0.00279267578125,0.055666507381118044,0.05573651479982625,0.239,0.0930287768278033,-0.0007827308799040358,4.288032735063389,1.256307847771017
2004.02.16.04.42.39,2004-02-16 04:42:39,541,-0.0018037109375,0.08361850069275305,0.0836379520986137,0.4,0.3818054415969727,-0.005056333966050051,4.782517863760918,1.2723001004077887,-0.0015340332031249999,0.09341867762938166,0.09343127200188717,0.393,0.15846898666997733,0.08687848900689617,4.206300434313492,1.2632641013257693,-0.0013419921874999999,0.09905594287415288,0.09906503299206411,0.879,1.5455891976813954,0.06599205506930135,8.87295924153596,1.2902718708320495,-0.00326826171875,0.05586747282654955,0.05596298825730717,0.259,0.10727179610252424,0.001243230515499022,4.628058795023013,1.2587692606447494
2004.02.16.04.52.39,2004-02-16 04:52:39,542,-0.0022471679687500004,0.08378558270330716,0.08381571232658289,0.444,0.38767370740609586,-0.011899977446575777,5.2973361160492285,1.2677890381814172,-0.0010956542968750002,0.0934443082838442,0.09345073145237749,0.476,0.22433417482361717,0.15553757290311485,5.093593090200366,1.2600831422197074,-0.00187392578125,0.09919165931249646,0.0992093588075238,0.779,1.4229636836643182,0.05777117741758633,7.852081793123357,1.2872153656735124,-0.0030980468749999997,0.05589247189160677,0.05597826639503719,0.256,0.09902074440089725,-0.006142458525347061,4.573203432085848,1.2590188822597972
2004.02.16.05.02.39,2004-02-16 05:02:39,543,-0.002347216796875,0.08548433357170829,0.08551655227434408,0.42,0.39460150781500847,0.014266712876400554,4.911329898481006,1.2734088128876326,-0.001340087890625,0.0923791107973606,0.09238883020834081,0.408,0.06194936659809436,0.1098447453955566,4.416118258884135,1.2539860457852836,-0.001376416015625,0.09990878779838416,0.09991826860184591,0.715,1.3930930387347908,-0.025343112102932285,7.155848575090211,1.2863543957365997,-0.003388623046875,0.05603084214033877,0.05613321687832771,0.254,0.08294381378913362,0.02969793100523696,4.524950005102345,1.2575748557596877
2004.02.16.05.12.39,2004-02-16 05:12:39,544,-0.001894873046875,0.08427990203943554,0.08430120065361243,0.41,0.365869739574193,-0.00810076695784104,4.863513174440545,1.2709600021392484,-0.0014416503906249998,0.09254791259976146,0.09255914045852995,0.417,0.21004918295581998,0.15023984885161043,4.505227662381243,1.2584661466179377,-0.00184697265625,0.09753787085332964,0.09755535638084538,0.674,1.1268771129447828,0.04686312523934784,6.908897932459784,1.2895002915217468,-0.002808349609375,0.05533488017053212,0.055406098861186984,0.242,0.08247504297642738,-0.021148701363470593,4.367750211150953,1.2580079764046466
2004.02.16.05.22.39,2004-02-16 05:22:39,545,-0.002053271484375,0.08695461810286201,0.08697885681706287,0.398,0.4364173780138687,0.03295377871455477,4.575824683889422,1.2766577827883132,-0.0016318359375,0.09303867487034267,0.09305298442369407,0.415,0.1499757516203024,0.09892966079277885,4.459824717823113,1.2572985432743657,-0.00104482421875,0.0982440024935144,0.09824955818523436,0.964,2.0000726971706966,0.05006368981055755,9.811748956494307,1.301338850221185,-0.00322744140625,0.05589504087685662,0.055988141357400406,0.237,0.026399296410609452,-0.0251814114809438,4.233039251778516,1.256368346371661
2004.02.16.05.32.39,2004-02-16 05:32:39,546,-0.0028209472656249997,0.08473888904789488,0.08478583054111621,0.518,0.42876379753725313,0.011074611469630088,6.1095114206471095,1.2733396516911804,-0.0023083007812500006,0.09180164997923256,0.09183066585518287,0.466,0.15063800199821697,0.10893244412761086,5.07455756375417,1.2578028896845581,-0.0020190917968749998,0.09904750121447495,0.09906807875655824,0.698,1.349586501880787,-0.014375699077359238,7.0456600023021325,1.2906029151011456,-0.00283720703125,0.05601960770719548,0.05609140924781842,0.276,0.11128757403008871,-0.012897567647929126,4.920539592446317,1.2585643150084374
2004.02.16.05.42.39,2004-02-16 05:42:39,547,-0.0019638671875,0.08514582655865971,0.08516847160004398,0.413,0.32894899911736086,-0.016348059810084577,4.849212299352648,1.2672995704361245,-0.0016021972656250002,0.09334367313070233,0.0933574225737267,0.432,0.132839966538711,0.1255170147522873,4.627377107147948,1.2603734226445606,-0.0021544921875,0.10043747792536287,0.10046058335782124,0.803,1.4382577967897454,-0.007376417978238461,7.993184721413261,1.2897162513748097,-0.0029189453125,0.05596918596686827,0.05604524974992305,0.232,0.07866525144335945,-0.007130321770592663,4.1395122875747115,1.2587366591785076
2004.02.16.05.52.39,2004-02-16 05:52:39,548,-0.0017693847656250002,0.08697370286725638,0.08699169910336632,0.403,0.43400851559162934,-0.02781576133484286,4.632625918952825,1.2742781881895022,-0.0009812988281250002,0.09298592326614172,0.09299110104223347,0.435,0.17469761333272693,0.10318831573446648,4.67786696925373,1.2594179034706618,-0.0007990722656250002,0.09863096716896873,0.0986342040124615,0.73,1.273267731128672,-0.00231616124704366,7.401083704267248,1.2866710392748955,-0.002928564453125,0.05572868868604184,0.05580558424048507,0.244,0.10883530587253043,-0.030294709560002714,4.372322292129795,1.2559943791123012
2004.02.16.06.02.39,2004-02-16 06:02:39,549,-0.00245185546875,0.08692071260499629,0.0869552866420438,0.396,0.3166941879681926,-0.03745090140011167,4.5540646841882735,1.269232058451827,-0.0011709472656250002,0.09460921333430217,0.09461645927234001,0.447,0.14553749861080112,0.11863335219615719,4.724336584117718,1.2595838704586928,-0.0013904785156249998,0.09923683849468129,0.09924657951245411,0.815,1.4177046068194654,0.0601454495088448,8.21186991031493,1.2889517637358594,-0.0029390625,0.05587875666814128,0.055955996418223575,0.259,0.08727154397023185,-0.04934434852850985,4.628637082327957,1.2567238234119242
2004.02.16.06.12.39,2004-02-16 06:12:39,550,-0.002354736328125,0.08786925596907819,0.08790080163305893,0.469,0.43014719424034853,-0.022819722791090874,5.3355599867887,1.2768458872555364,-0.002113623046875,0.09377321863497377,0.09379703585693352,0.464,0.16919941312571174,0.1072746415713442,4.94685141977971,1.2585628093480037,-0.0016910644531249997,0.10186530253998292,0.10187933824160263,0.837,1.6963702299077017,0.030227685222458993,8.215601067363524,1.2968184719077236,-0.00309755859375,0.05746332265950852,0.05754674899864023,0.315,0.1690546666138366,-0.01651182892524631,5.473810518947702,1.2597535765127015
2004.02.16.06.22.39,2004-02-16 06:22:39,551,-0.0024300781250000004,0.08561584231134678,0.08565032244174565,0.396,0.43635864596918195,-0.030115242554844667,4.623450195057188,1.2706511057009922,-0.00094765625,0.09396195776071072,0.09396673644749907,0.461,0.16214656924371829,0.15320529269138083,4.90599139044878,1.256405464277504,-0.0016743652343750002,0.10029684100466496,0.10031081603921446,0.957,2.11145230132178,0.04163378586647956,9.540347071106273,1.3012583428079707,-0.0031794921875,0.056565517092667654,0.056654804690610745,0.266,0.19496440754275834,0.011448312750901767,4.695100467694022,1.2643240393146769
2004.02.16.06.32.39,2004-02-16 06:32:39,552,-0.0023742187499999996,0.08541338928822663,0.08544638075644281,0.532,0.4780069177953772,-0.005672867758276356,6.226126786065029,1.2746038602783452,-0.00212177734375,0.09202267582281581,0.09204713360386352,0.442,0.09438012103255611,0.08717181082455962,4.801887714420341,1.2516883697043322,-0.001721435546875,0.0986523324842339,0.09866735045050047,0.759,1.1720999699233419,0.018361102269373344,7.692514256585575,1.2857406787646766,-0.0033010742187499996,0.05727619129000988,0.057371240004792476,0.283,0.21184117118313894,-0.022638508075844273,4.9327851372283344,1.2627656139686156
2004.02.16.06.42.39,2004-02-16 06:42:39,553,-0.00160380859375,0.08659816145580611,0.08661301154867697,0.442,0.4862233238389182,0.021692794278675223,5.103159353275618,1.2725200950080877,-0.00042744140624999987,0.09297111923922516,0.09297210183033403,0.496,0.17342844138516078,0.09029710556174435,5.334933708448979,1.2577690501446255,-0.00195498046875,0.09962292248362978,0.09964210271171771,0.852,1.6394091864249383,-0.06945938380099402,8.550602374028449,1.2929906577487926,-0.003057666015625,0.0555285834406706,0.05561270448728982,0.237,0.09634818897434672,-0.027243416263940442,4.261616157404571,1.2594985750095882
2004.02.16.06.52.39,2004-02-16 06:52:39,554,-0.0019158203124999998,0.08758340524732817,0.08760435629686174,0.435,0.4443845022745201,0.027450195012626282,4.965506492918355,1.2732179271267843,-0.0020280761718749997,0.09302371454413089,0.09304581968335211,0.464,0.099937392101078,0.09186800267622747,4.986790396162414,1.2530113362219801,-0.0020239257812500002,0.1029061812642989,0.10292608230166321,0.972,2.0938357017424973,-0.11427169387179913,9.443670430894203,1.2929635084076625,-0.0029156738281250006,0.05584243727852601,0.05591850279717908,0.278,0.19727089091624928,0.010727239872514263,4.97152080427347,1.2619390361952523
2004.02.16.07.02.39,2004-02-16 07:02:39,555,-0.0020942871093749997,0.08817470975296222,0.08819957754159384,0.439,0.4654821554251858,-0.0038688788324679705,4.977348103430234,1.2728063733437258,-0.001860400390625,0.09192000807765378,0.09193883278903085,0.474,0.1294007655130862,0.1280610285899474,5.155601671468604,1.254942735349573,-0.0017965332031250002,0.09906652129896454,0.09908280967871332,0.73,1.485866546615985,-0.014332898150720213,7.367574681895918,1.2946968646787294,-0.0030436523437500002,0.05618343499564961,0.05626581722058252,0.247,0.16194321763518582,-0.0010155685227659886,4.389876699589556,1.2593043607302896
2004.02.16.07.12.39,2004-02-16 07:12:39,556,-0.0015017578125,0.08604078734387456,0.08605389220297505,0.403,0.49273496341796763,-0.019651156954613162,4.683111823105516,1.275682698007653,-0.0017398437499999999,0.0912652341434395,0.09128181647804369,0.415,0.10517672935976696,0.11196725451900258,4.546360009168105,1.2557476385491488,-0.0019802734375,0.09840009607585622,0.09842002027344336,0.813,1.7503415936621574,-0.10906018890194775,8.260514453677382,1.2978453069666749,-0.00321142578125,0.05460570066607307,0.05470005302356891,0.232,0.008671498687291113,0.04469905306687033,4.241312159241178,1.254995962442436
2004.02.16.07.22.39,2004-02-16 07:22:39,557,-0.0020556640625,0.08915456824095384,0.08917826412847892,0.498,0.4000941939036653,0.02767674603250265,5.584320404381639,1.271472345418859,-0.0009240722656249998,0.09305356869614688,0.093058156851727,0.581,0.19112026379576363,0.11299674330277805,6.243407559916846,1.2598828273347207,-0.0016976074218750005,0.10018333591499545,0.10019771786830091,0.852,2.134331309858082,-0.01606646180044902,8.503187678584277,1.3010388799305637,-0.0031609863281249996,0.05652329797757321,0.056611615847175084,0.242,0.11811451528329187,0.030278421306043274,4.274741082347604,1.26131099148521
2004.02.16.07.32.39,2004-02-16 07:32:39,558,-0.0020389648437500003,0.08559283408887657,0.08561711642539709,0.398,0.40487944030252443,0.006372640925290427,4.648603183766407,1.273124367875142,-0.0014633300781249996,0.09238557017842035,0.09239715857162153,0.43,0.3062823433338515,0.12985964794537844,4.653822765195599,1.2631721709682453,-0.001481787109375,0.09602519027989799,0.09603662250062799,0.652,1.4482003748924193,0.07483761732682642,6.7890767399252985,1.2963047369057366,-0.00297548828125,0.055800730008559424,0.05588000536864684,0.234,0.1346965855250315,-0.018413585055176745,4.18754433640933,1.2565797962433871
2004.02.16.07.42.39,2004-02-16 07:42:39,559,-0.0022212890625000004,0.08824570498964562,0.08827365730623576,0.396,0.3659394532713707,-0.042267391909743976,4.486049542800874,1.2739768561858789,-0.0019783203125,0.09351004144103268,0.0935309660035782,0.525,0.15572621599854664,0.12753736395115078,5.613114270410883,1.255194180970258,-0.001945703125,0.0989211214189713,0.09894025481793292,0.986,2.069027350409196,0.09273277927049764,9.965610072608055,1.296436420996937,-0.00293681640625,0.05583034702075996,0.055907535619650596,0.227,0.1290269717933885,-0.005452158133011926,4.0602755511229,1.2611898388636644
2004.02.16.07.52.39,2004-02-16 07:52:39,560,-0.002211376953125,0.08880598419897903,0.08883351291927008,0.476,0.37709450519345245,0.010986231035584647,5.358338135660335,1.2731504465669998,-0.0017708984375000001,0.09270647012111835,0.09272338261514056,0.508,0.21411987326960968,0.15713788387195507,5.478661214383372,1.2567503249183192,-0.00226748046875,0.09968409348166506,0.09970987895357962,0.898,1.7728420634002866,0.027626834326674884,9.00612867475316,1.2963243847836117,-0.0028546386718750006,0.05647317457214674,0.0565452775057575,0.271,0.20667327581842843,0.0007768541561281998,4.792619506950098,1.262037948212691
2004.02.16.08.02.39,2004-02-16 08:02:39,561,-0.0017884765625,0.08728705664550379,0.08730537730432188,0.452,0.37620336380365016,0.003188741976451955,5.177229787627579,1.270450414593091,-0.001202978515625,0.0930603097506884,0.0930680847992647,0.447,0.11551734677915038,0.15323804420281806,4.8029354097499555,1.2561575168658454,-0.00214599609375,0.09934237020109728,0.09936554642533925,0.994,1.8246169771681249,0.07806652519920118,10.003467356231633,1.2981188440278093,-0.0028095214843750003,0.055833852098889886,0.05590449401588279,0.266,0.12763104309770146,-0.01226856105309846,4.758114793498138,1.2588845624621672
2004.02.16.08.12.39,2004-02-16 08:12:39,562,-0.0018255859374999995,0.08745980466075431,0.0874788557041786,0.464,0.439604945247293,-0.02233087013884833,5.304138883218567,1.2740357903004649,-0.001438037109375,0.09275518468312263,0.09276633137258433,0.435,0.11328030509552756,0.09787584970281091,4.689201282013375,1.258379273111427,-0.0014974609374999999,0.09941946132638299,0.09943073810290005,0.845,1.4891968500856514,-0.042380796056990175,8.498378027984831,1.297368310752585,-0.00288291015625,0.05644686782829266,0.05652043929936983,0.271,0.18845157979004545,-0.010584968308656847,4.794725648974591,1.2621864777187561
2004.02.16.08.22.39,2004-02-16 08:22:39,563,-0.002275048828125,0.0888879659499545,0.08891707562606087,0.479,0.4402469914533125,-0.012189203326741784,5.387041764783468,1.2736332447338072,-0.002072216796875,0.09363523240546197,0.09365815944208025,0.535,0.10799424347494702,0.1374841245378501,5.71226258541684,1.2528889481375396,-0.001834765625,0.09815701429553479,0.09817416065499363,0.806,1.5754641873228827,0.0868285355164937,8.209899576656099,1.295514112469696,-0.00294228515625,0.05573935129043091,0.05581695373467411,0.237,0.03683301683734275,-0.029815356170878812,4.246021757593213,1.2545255545794536
2004.02.16.08.32.39,2004-02-16 08:32:39,564,-0.002172314453125,0.08603791602122937,0.08606533531776527,0.4,0.3213036143632104,-0.015844278477415263,4.647631924318241,1.2693627450302523,-0.001437646484375,0.09262642974356233,0.0926375858626137,0.586,0.25564545898443747,0.11656559887638018,6.325726156865401,1.2608284615912317,-0.001641015625,0.09960953278097186,0.09962304930649835,0.745,1.3681233431968094,-0.1015043128282765,7.478189085619608,1.2909831194204826,-0.0028909667968749996,0.055451803541972294,0.0555271123423335,0.254,0.11986421294731198,-0.00412528477906499,4.574341961707814,1.2579941489211426
2004.02.16.08.42.39,2004-02-16 08:42:39,565,-0.0015442382812500004,0.08848404967495963,0.08849752380010416,0.459,0.5412085936380691,-0.019660452883292417,5.186585796872429,1.2780218815938864,-0.0013617675781250002,0.0931981913153565,0.09320813953400542,0.605,0.2255377055408685,0.15009687757792134,6.490849436805633,1.2581838503023886,-0.001555029296875,0.09907715043036656,0.0990893528766619,0.737,1.544070072550559,0.008395879639132605,7.4377314878355865,1.2939155312038964,-0.00279931640625,0.05559788541674898,0.05566831266668903,0.21,0.03741396753332493,-0.027868892904164253,3.772343545912079,1.2584019993971072
2004.02.16.08.52.39,2004-02-16 08:52:39,566,-0.0017691894531249995,0.08783154763349316,0.08784936420382122,0.554,0.5760381353265771,0.007928480646487178,6.306249396576765,1.2792144343922327,-0.0022650390624999995,0.0938769305747642,0.09390425174662619,0.498,0.2004517010711968,0.10916178373546126,5.303274247301505,1.2596193263008142,-0.00105751953125,0.10004796023784555,0.10005354913901106,0.857,1.6539106795948317,0.13525573490664655,8.565413294927827,1.2875270257122198,-0.002815966796875,0.05656646109181679,0.056636509333230674,0.242,0.04711901329999346,-0.013899151203541628,4.272862202296953,1.2539778431360418
2004.02.16.09.02.39,2004-02-16 09:02:39,567,-0.0020366210937499997,0.08690246040095322,0.08692632195841919,0.396,0.46676619489856686,-0.002624868086113196,4.555582142189621,1.275066984367896,-0.0019909179687499995,0.09167752382426109,0.09169913919392184,0.388,0.06322262158070968,0.09591516798845887,4.2312283780491375,1.2537976955549024,-0.0028110839843749997,0.09873136495548623,0.09877137550495399,0.662,1.3055347216634354,-0.007914755799658831,6.702346672966974,1.2920981321785432,-0.003106982421875,0.05544626859623454,0.055533251669748505,0.217,0.08521907287011166,-0.0023447365751751523,3.907568771417896,1.2574877843574295
2004.02.16.09.12.39,2004-02-16 09:12:39,568,-0.00204111328125,0.08671931682883927,0.08674333435306426,0.481,0.44798583289768423,-0.03923706279865414,5.545094658711472,1.2744055446401588,-0.001080859375,0.09119775154872364,0.0912041563994276,0.471,0.1315313854105833,0.12223515591912643,5.164238326346232,1.2559819059666786,-0.002422900390625,0.09855948004343106,0.09858925678152958,0.977,1.8058590135114274,-0.09424327123800959,9.90980185767095,1.2909823273943601,-0.0030020507812500005,0.0562683207637792,0.05634834718488867,0.291,0.1580522363904091,-0.009970528454964232,5.164304092987478,1.259854529357875
2004.02.16.09.22.39,2004-02-16 09:22:39,569,-0.001968701171875,0.08851431429343214,0.08853620513180258,0.505,0.44239483736892193,-0.006525636494893892,5.703881245510961,1.275372616599565,-0.0012366699218750003,0.09360286262526886,0.09361103163698509,0.432,0.10795031618334328,0.14189554081356587,4.614840713167824,1.2543740429707726,-0.0012606933593749994,0.09933345710827622,0.0993414568487302,0.71,1.7251850786935359,-0.008736498556163787,7.147066517064827,1.3016110164157366,-0.0027578125000000003,0.05623045700004219,0.056298044586102186,0.251,0.10932163919855586,-0.0042319060983861765,4.4584141748674915,1.2568308597402724
2004.02.16.09.32.39,2004-02-16 09:32:39,570,-0.0019487792968750002,0.08811929537982273,0.08814084160583206,0.461,0.42207357939809365,-0.00637339900791862,5.230265466054919,1.27639277101497,-0.00151279296875,0.09274194515443081,0.09275428256201301,0.388,0.10129492253769445,0.08851550130811259,4.183095262912455,1.2571807834449544,-0.00125625,0.10141755021783705,0.1014253304468366,0.735,1.504549459644732,0.029191148015667533,7.246710429849275,1.2937371728436147,-0.0025008300781250003,0.0553222916765224,0.0553787875221359,0.266,0.11285379806146034,0.012712177446633543,4.803283204668846,1.260380938279189
2004.02.16.09.42.39,2004-02-16 09:42:39,571,-0.0016519531250000004,0.08997184051706987,0.0899870048126742,0.369,0.41862170112895525,0.03417205040412078,4.100592088470404,1.2781996771882536,-0.0015126464843749996,0.09352262706778602,0.09353485913308938,0.396,0.08793878708273217,0.15485278211448109,4.233715682797334,1.257718067670956,-0.0022926269531250002,0.0996165855935932,0.09964296394463522,0.74,1.314747553267721,-0.031459265803289935,7.426515337411756,1.2893183142071813,-0.00342421875,0.05567949243928054,0.05578468564349673,0.264,0.07408792667363251,-0.021379960678077178,4.732481629226078,1.2584351621730603
2004.02.16.09.52.39,2004-02-16 09:52:39,572,-0.00221708984375,0.08837720526845279,0.08840501059576603,0.447,0.5602555996498162,0.034532795829399915,5.056274491543448,1.2758941426277124,-0.002103076171875,0.09262846795923306,0.09265233945162624,0.435,0.06634486792066907,0.12385174457651592,4.694970494804542,1.252542130170143,-0.0025122070312500002,0.09734075962206629,0.09737317221888558,0.759,1.5694750204566636,0.02021238627643351,7.794754784139522,1.2939419089756814,-0.0031017578125000006,0.055565110814960544,0.0556516167007415,0.264,0.2150777845716889,-0.021418880845417678,4.7437974968386225,1.2614553699449549
2004.02.16.10.02.39,2004-02-16 10:02:39,573,-0.002065576171875,0.0876224469501469,0.08764679009783032,0.42,0.4137279539953309,0.02197440524102873,4.791961000867241,1.2766749534342898,-0.0013860351562499998,0.09268136253440137,0.09269172592355533,0.383,0.11676953260960632,0.10145998300546848,4.131976141170006,1.2576946321408358,-0.0007858398437499998,0.10234774770187288,0.10235076454969083,0.933,1.8590439329202875,0.12072254997288857,9.1157110951236,1.290684347077729,-0.0032603515625000004,0.05564655384967836,0.05574198460457117,0.227,0.11432376573957281,-0.04334022665419129,4.072334374355675,1.259833763029458
2004.02.16.10.12.39,2004-02-16 10:12:39,574,-0.0018838378906250001,0.08949987578834939,0.08951969957125708,0.442,0.49796496157412706,0.01297273554004363,4.937460716656796,1.278220695275108,-0.0016375,0.09220935990824088,0.09222389853469382,0.442,0.09007745829141811,0.10424519652284908,4.79268396828533,1.2582845065517756,-0.0017312011718750003,0.09939249778695887,0.09940757352349028,0.73,1.5877040835069405,-0.009257249219005902,7.343504867136698,1.2951838446193755,-0.0025252929687499997,0.05545345779443769,0.05551092762634669,0.261,0.07080997400514955,-0.001551210054254737,4.701776950240041,1.258469727561885
2004.02.16.10.22.39,2004-02-16 10:22:39,575,-0.0017783203125000002,0.08911881924741626,0.08913656021626312,0.422,0.44915542368613437,-0.004073790691489718,4.734308783916988,1.2742682906806289,-0.0008754882812499999,0.09488548363498177,0.09488952252158822,0.435,0.11517423695139772,0.12758113150145173,4.584278521382944,1.2598948570738473,-0.0009830566406250003,0.10196716668645452,0.10197190535839701,0.815,1.2173114891054446,0.060030965709630714,7.992397485714801,1.283022449212279,-0.0027693847656249998,0.05563513329585945,0.05570401734909363,0.254,0.08770216266433417,-0.013260019884804991,4.559814751029494,1.254924824859431
2004.02.16.10.32.39,2004-02-16 10:32:39,576,-0.002096923828125,0.08817040070709481,0.08819533236169942,0.474,0.5134914074370207,0.02402691679674615,5.374434080661665,1.2820845131655993,-0.0008629394531249997,0.09315647021502112,0.09316046697726389,0.427,0.09733338501993094,0.0606490295357983,4.583489261643683,1.2558302350127954,-0.0010621093750000003,0.09889772005992119,0.0989034231428569,0.92,1.466492187332432,0.08039402264341004,9.302003618935865,1.289776311377373,-0.003030126953125,0.0556531558006356,0.05573558486211367,0.352,0.12655431802226902,-0.038700870612532065,6.315534337189173,1.2593791923793765
2004.02.16.10.42.39,2004-02-16 10:42:39,577,-0.0019158203125000002,0.08843589024435419,0.08845663938213598,0.425,0.48489349535248216,-0.07557730884923268,4.804613909917877,1.2765511084581012,-0.001635107421875,0.0928713281990373,0.09288572106483524,0.515,0.1485994122137857,0.1179512347668745,5.54444745754328,1.2553342097343858,-0.0022884765625,0.09783683545125853,0.09786359637829457,0.728,1.3646989962390217,0.006636756119857524,7.438925473225967,1.289815222470576,-0.0026900390625,0.056051497129579186,0.05611601055514371,0.217,0.029881454150052722,-0.03753600044958927,3.866989079467078,1.2564842631899755
2004.02.16.10.52.39,2004-02-16 10:52:39,578,-0.001820947265625,0.09013235071380551,0.090150743170207,0.483,0.6217770021628479,0.004514336506654283,5.3576929375732725,1.2847410425699728,-0.0011834960937500002,0.092737323937337,0.09274487540593551,0.479,0.14148695124189414,0.12595213083823165,5.164705843891239,1.2570249949131456,-0.0020320312500000004,0.09782893057573906,0.09785003223603839,0.879,1.753627274239574,0.09607524881998937,8.98313449585418,1.2929997936549533,-0.0031571777343749998,0.05511454648831778,0.05520490019789344,0.222,0.03579720771200012,-0.04682686378431766,4.021382145501484,1.255042616807654
2004.02.16.11.02.39,2004-02-16 11:02:39,579,-0.002277587890625,0.09068182025654924,0.09071041798845723,0.452,0.4888141347703794,-0.022285238655476627,4.982889617568693,1.2762957973449767,-0.0013604003906250001,0.09505643186292846,0.0950661660515158,0.64,0.33858184557778115,0.12469892744703995,6.732153263161868,1.2628288932674447,-0.00102255859375,0.09794305723153555,0.09794839501460706,0.662,1.1704135021263173,0.025268877173660966,6.758661026566855,1.2870515684062447,-0.0028071289062500003,0.057406095263460015,0.057474687872956294,0.298,0.12144045606344012,-0.023229468064068087,5.184891141274361,1.2567119005015235
2004.02.16.11.12.39,2004-02-16 11:12:39,580,-0.00244462890625,0.08988117568565582,0.08991441460146976,0.454,0.4496169147110769,-0.038974656682182474,5.049246019253723,1.2779645331517604,-0.0010071289062499999,0.09262602978909976,0.09263150491665889,0.454,0.20208397937117617,0.13667831287741788,4.901140280603953,1.2583848761730358,-0.002303076171875,0.09880900081916077,0.0988358376437129,0.742,1.3356225085933815,0.01617857274120146,7.5073983050033855,1.2887004654260115,-0.00315693359375,0.055453388548714067,0.055543177180010145,0.249,0.17082585209566226,-0.03879065800888828,4.4829988603823425,1.260828225818781
2004.02.16.11.22.39,2004-02-16 11:22:39,581,-0.0018393066406249999,0.09101847827023163,0.09103706078046937,0.439,0.36341261581366435,-0.009687210938571502,4.822211923763919,1.2725981473750396,-0.00199248046875,0.0933729456250934,0.09339420192455739,0.469,0.08968086671017472,0.10842071549141874,5.02172501435209,1.2565056780596426,-0.0017963378906249998,0.09918752351265421,0.09920378848809468,0.84,1.319930905020068,0.08382711634511078,8.46741856134665,1.2889714703762618,-0.002784375,0.055880999660411185,0.05595032499626343,0.254,0.06877670021570959,-0.025843337678537692,4.5397412797327465,1.2579207523876736
2004.02.16.11.32.39,2004-02-16 11:32:39,582,-0.002083984375,0.09008923786255496,0.09011333846624066,0.491,0.5452279361146344,0.0194804393965684,5.448693926526142,1.2808700875941355,-0.0016337890625,0.0923076551226211,0.09232211252423496,0.457,0.20163174740988898,0.11256200106060557,4.950060039841869,1.260252525825723,-0.001903515625,0.09807700043835013,0.0980954707757639,0.684,1.4338741260344854,-0.017123240497478272,6.972798994599387,1.293918787234965,-0.002663671875,0.055772253026133735,0.05583582501825105,0.266,0.123661021852711,-0.016326131778645305,4.763966502027195,1.2584548992302815
2004.02.16.11.42.39,2004-02-16 11:42:39,583,-0.0021591308593749995,0.09206942183556502,0.0920947353718068,0.464,0.6274695337680596,-0.009970193289901579,5.038290170732664,1.284706995705794,-0.0016329101562499997,0.09343787526538216,0.09345214245637978,0.41,0.14421780383838056,0.11448136222872855,4.387272343075214,1.2564367045149125,-0.001963427734375,0.10105736632934044,0.10107643809459564,0.737,1.4055184625216857,-0.048157037821056216,7.291511393686576,1.290931097708441,-0.002929345703125,0.056828599188302256,0.05690404864289645,0.242,0.07347552236255206,0.00578046510426139,4.252772970842203,1.2564593182126147
2004.02.16.11.52.39,2004-02-16 11:52:39,584,-0.001678955078125,0.08919257007795696,0.0892083709483904,0.405,0.587115769874706,0.0024768064190975507,4.539932695714219,1.283690024334093,-0.001939697265625,0.09211003220877789,0.09213045348300622,0.459,0.13514505943611566,0.11077126360542233,4.98206600149498,1.2574527129159758,-0.0009999023437500002,0.09901097289642555,0.09901602172675769,0.83,1.3017141187484453,-0.0411991304734268,8.382481799667216,1.2895728351385296,-0.0028678710937499997,0.05566230510786347,0.05573613634376938,0.251,0.10319216363893391,-0.009993558026844845,4.503362028036569,1.259443066596196
2004.02.16.12.02.39,2004-02-16 12:02:39,585,-0.00205166015625,0.08970540254238178,0.08972886132503577,0.505,0.5146706993834695,0.017609433947676133,5.628066516643703,1.2747256732001848,-0.001661865234375,0.09257512031430691,0.09259003562622506,0.422,0.12385775604467186,0.11190762482369665,4.5577258626788275,1.2575070540818225,-0.001739697265625,0.0973786427547237,0.09739418160921177,0.64,1.3548264747662566,0.03689777907882735,6.571234435419983,1.2913780532512509,-0.00297626953125,0.05565610632482165,0.05573562910349626,0.254,0.09334066079455816,0.007220099119405853,4.557228546363833,1.2544461193310334
2004.02.16.12.12.39,2004-02-16 12:12:39,586,-0.001878271484375,0.09107452721996616,0.09109389338539316,0.403,0.45951746098325197,-0.028710427863563714,4.424006758554254,1.2786606273986683,-0.0018146484375000005,0.09354233051364114,0.09355993024193103,0.435,0.14323677511588917,0.13253837885262548,4.649426296868323,1.2575969242811211,-0.00193583984375,0.09908351208878978,0.09910242097824856,0.789,1.992174396109509,0.0724735584367509,7.961460398360734,1.295717823520963,-0.0028665527343750006,0.056739392889765504,0.05681175785062565,0.237,0.08225973045792179,-0.03723319676615441,4.171671656827461,1.257099640300075
2004.02.16.12.22.39,2004-02-16 12:22:39,587,-0.00206962890625,0.0918006439942167,0.0918239707351109,0.466,0.5832556522576771,-0.030483543192631038,5.0749275626981225,1.2796825422885616,-0.0020767578125000003,0.09273312823949148,0.0927563798134325,0.42,0.1620044491202548,0.08306040275135244,4.527990428742215,1.2565788433770733,-0.00196650390625,0.1002848026943724,0.10030408161716302,0.969,2.101047510695243,0.05131387918336144,9.660623818863563,1.2936903318505395,-0.002896142578125,0.05719164435771232,0.057264926666956234,0.251,0.06037593877231551,-0.010651596126642005,4.383136670370266,1.257370252387632
2004.02.16.12.32.39,2004-02-16 12:32:39,588,-0.0017212890625000002,0.08979934367745021,0.08981583914286778,0.544,0.5313526949232923,-0.004265579670543818,6.056838138924172,1.2794795251975337,-0.0009051757812499998,0.09300031078035459,0.09300471573225468,0.552,0.21617367822971145,0.13414577514438036,5.935182916843889,1.2605133931999468,-0.001619677734375,0.0985792671290908,0.09859257205120411,0.796,1.6505647319274903,0.006256111746971087,8.073630532598306,1.2943343832887462,-0.002721630859375,0.05563597680384899,0.05570250613260704,0.232,0.07783646967085378,-0.0016052624102800524,4.164983159782684,1.2558135694935544
2004.02.16.12.42.39,2004-02-16 12:42:39,589,-0.002902783203125,0.09119080363740102,0.09123699259817464,0.422,0.43072999210877816,-0.050528894131804385,4.625316858684389,1.2772080115836046,-0.0012733398437499998,0.09342073685425693,0.09342941436587301,0.571,0.2651093306102914,0.10468211484040887,6.111565654943988,1.2583847443244665,-0.001878369140625,0.1002632331357047,0.10028082662928704,0.84,1.4878960516408748,-0.06584439785950615,8.37647662304648,1.2939110957602573,-0.00322412109375,0.0570215476696449,0.05711262430906804,0.273,0.13326504014213736,-0.03055805359525758,4.780028991885328,1.258932407108122
2004.02.16.12.52.39,2004-02-16 12:52:39,590,-0.002134375,0.09084378391597234,0.090868854030479,0.454,0.5431208422206963,-0.03088837823271354,4.996211351446344,1.281722300346989,-0.001200830078125,0.0926383459161302,0.09264612850493605,0.515,0.20015077422480587,0.12055528081348739,5.558785977468681,1.2582805589011987,-0.0010445312499999999,0.09726327416524067,0.09726888272656882,0.83,1.9500528276692366,0.08301676854588676,8.53304753518349,1.2940674440166517,-0.00229189453125,0.05658421589974431,0.05663061247709802,0.242,0.10805513003164435,-0.05543467188589065,4.27330712868181,1.2585700371896884
2004.02.16.13.02.39,2004-02-16 13:02:39,591,-0.0019475097656249999,0.08960327125381455,0.08962443312887326,0.493,0.5000568354441413,-0.032418573653684384,5.500732141771014,1.2770521905149474,-0.00108212890625,0.09247460849217075,0.09248093975922822,0.4,0.14125959938492905,0.12853397040323197,4.325215563784169,1.25750057846657,-0.002367626953125,0.09727989607571269,0.09730870381363953,0.667,0.9664338477277736,0.050704323699364055,6.854474202815434,1.2830328065720769,-0.0028894042968749998,0.05516497208866851,0.05524059017366103,0.244,0.06479427760246015,0.0014265851113746185,4.417041875058394,1.255854002036512
2004.02.16.13.12.39,2004-02-16 13:12:39,592,-0.002020751953125,0.08980131230891515,0.08982404539353243,0.498,0.44308004759376196,0.008680003884526413,5.544172474287795,1.2780469171536546,-0.001415869140625,0.09324655579747838,0.09325730455849357,0.498,0.1947354716025318,0.11014115178298589,5.340064270114525,1.258679929799207,-0.00149296875,0.10090647621807543,0.10091752027491312,0.85,2.347826808191094,-0.0049324879241920555,8.422719837789154,1.3070217095261114,-0.0025849121093750003,0.05544417692397851,0.055504400955155124,0.278,0.0647122934435802,-0.03539367107026673,5.008611843673632,1.2558236563657057
2004.02.16.13.22.39,2004-02-16 13:22:39,593,-0.0015564941406249998,0.09139292334375963,0.0914061765491158,0.5,0.5828125625920308,0.005042525841349817,5.470089865659485,1.2784002063237778,-0.001461572265625,0.09341369778284916,0.09342513113158112,0.476,0.17089116413447059,0.12270184644237234,5.094988834745071,1.2559243126486543,-0.002320849609375,0.09808746562609331,0.09811491862025558,0.718,1.3662923675943484,-0.015598324403983092,7.317949299626394,1.2896509467950423,-0.002710791015625,0.05695487952338001,0.05701935363938392,0.259,0.12392859951421409,0.0016427345076109419,4.542317361891414,1.259187204651535
2004.02.16.13.32.39,2004-02-16 13:32:39,594,-0.00220263671875,0.09193215140416172,0.09195853451590287,0.425,0.43596656161940617,-0.05502747657579067,4.621648248716953,1.2761477585962728,-0.0012684082031249996,0.09433317718790468,0.09434170433977952,0.496,0.27226533641121753,0.13310313155629055,5.25748398834957,1.2615681436158461,-0.0016632324218750002,0.09912414493493853,0.09913809787953305,0.762,1.3767443118034892,0.050320673183187614,7.686247933926863,1.290151128035918,-0.0031273925781250002,0.05681573605021688,0.0569017437981089,0.273,0.1806758537376667,-0.028399028086671593,4.797744001811646,1.2592241311895849
2004.02.16.13.42.39,2004-02-16 13:42:39,595,-0.0018162597656250002,0.09038048900211067,0.09039873667146503,0.386,0.47912682547507224,-0.008994214156270684,4.269971176730432,1.2801883371917655,-0.001344189453125,0.09208513829999786,0.09209494850976152,0.417,0.10093451702889134,0.08911982004531523,4.527935644111907,1.2586188561349703,-0.0018254394531250003,0.09875684137348967,0.09877371081044604,0.613,1.2572929483755075,-0.021758897954803843,6.206104792158631,1.2890557864532104,-0.002694921875,0.05660414897552914,0.05666826523863467,0.273,0.159503724875663,-0.0417136562633192,4.817511156383116,1.2618551880304414
2004.02.16.13.52.39,2004-02-16 13:52:39,596,-0.0019430664062500002,0.09159794525518655,0.09161855206251215,0.454,0.4773219216195348,-0.035956676770557666,4.955328258082837,1.278723657616569,-0.0011279785156249997,0.09384666307508042,0.09385344163033861,0.461,0.174484836859913,0.14187620611656065,4.911913638881192,1.2593196585169735,-0.001528564453125,0.09827668791324329,0.09828857459788688,0.901,1.6724239958040465,-0.037801189996796825,9.166884387998548,1.292144176678769,-0.0029165039062500004,0.05511148201851705,0.05518859887071332,0.261,0.062464042138128395,0.01899790675110233,4.72923765670202,1.2523462241912704
2004.02.16.14.02.39,2004-02-16 14:02:39,597,-0.001699560546875,0.09142726104563606,0.09144305642507458,0.449,0.5755229887249782,0.018024298933638713,4.910159585139149,1.28362507982451,-0.001574462890625,0.09442551225931566,0.09443863774339464,0.452,0.21302665778101426,0.11689082080846182,4.786176620083811,1.261023291815276,-0.00217978515625,0.10145942510640692,0.10148283798874566,0.703,1.335881210326396,0.051837606980860824,6.927279665532826,1.2905818647709475,-0.002478955078125,0.055923464950870694,0.05597838109833675,0.273,0.12874211977202998,0.0015753902206887195,4.876882729431264,1.2596813374492903
2004.02.16.14.12.39,2004-02-16 14:12:39,598,-0.0022939453125,0.09035473613622591,0.09038385103182842,0.476,0.385410349683454,0.011194814783252944,5.2664275151584095,1.2735392411387347,-0.0017679687499999996,0.09461776655278079,0.09463428269362799,0.461,0.15029028575722192,0.09509612289955169,4.871384733717019,1.2572362286389025,-0.0020990234375,0.1001586766429091,0.10018066882512812,0.754,1.748396879866723,0.0381459306862966,7.52640213768343,1.2940952986559018,-0.00262890625,0.056039741447119124,0.05610137047819108,0.227,0.10153141096687479,-0.04135970161983658,4.046246964470222,1.2596627914858811
2004.02.16.14.22.39,2004-02-16 14:22:39,599,-0.001754150390625,0.09099477554843573,0.09101168178153356,0.391,0.5069703567366908,0.015227645482240263,4.296151794431895,1.2787389077188043,-0.0016803222656249998,0.09360672595511911,0.09362180636450637,0.459,0.16945158726480303,0.11556878351852899,4.902703951394969,1.258958292002279,-0.00219609375,0.09999923058480857,0.10002334200231713,0.955,1.8029287574110073,0.048703538273117235,9.54777135898815,1.2919505567130147,-0.0031159667968750004,0.05611164998993211,0.05619810062334736,0.217,0.06054470079983432,-0.007643143639362907,3.8613404651232623,1.2567051787230192
2004.02.16.14.32.39,2004-02-16 14:32:39,600,-0.0016595703125,0.09109987611374874,0.09111499109127158,0.496,0.5420037471466381,0.019900164956500283,5.443670619504836,1.2793995968179075,-0.0014013183593749997,0.09325903854182876,0.09326956611291072,0.505,0.209008128943049,0.1271614860601266,5.41441352250588,1.260024574343712,-0.000963037109375,0.10057592772259347,0.10058053826528458,0.891,1.148656826135256,0.07115644728587792,8.858572596320347,1.2816482530837603,-0.00293828125,0.056608608618320136,0.056684813366599786,0.249,0.16546862940749696,-0.0027170859092455675,4.392710943399127,1.2608445610337422
2004.02.16.14.42.39,2004-02-16 14:42:39,601,-0.001758154296875,0.09314847364028707,0.09316506452553379,0.547,0.5609820953544635,-0.0023755298430099933,5.871299534710069,1.2762790054247508,-0.0016327148437500002,0.09280001422778177,0.09281437603322829,0.396,0.034866571565400406,0.1332610245013213,4.266580425625324,1.251117888334006,-0.00161982421875,0.09739318466658922,0.09740665403348993,0.979,2.485914505600973,-0.016638327316841197,10.050648076500035,1.3035230907092958,-0.002947265625,0.05565424487846316,0.05573222898517742,0.269,0.05105641543346007,-0.002905613796596587,4.826650663327021,1.252423382472632
2004.02.16.14.52.39,2004-02-16 14:52:39,602,-0.0018046386718750002,0.09194259719876635,0.09196030611296717,0.447,0.39486897540859855,-0.006081434983158839,4.860792866988612,1.2757254269597658,-0.001576318359375,0.09313907892589593,0.09315241705256162,0.452,0.2230047943180451,0.13852220620350797,4.852262714181181,1.2598464229799236,-0.00154921875,0.09805464943965381,0.09806688715090711,0.989,1.3899012679431166,0.10289294313885892,10.084953532563024,1.288962525575408,-0.00294033203125,0.05511945350397857,0.05519782339034077,0.229,0.09922804373772331,-0.008635016993499426,4.148714313979152,1.2596766074901649
2004.02.16.15.02.39,2004-02-16 15:02:39,603,-0.0020703125,0.09218131619884988,0.09220456198041396,0.503,0.7432975552995384,0.04268211567310929,5.455261531493929,1.2886361882527047,-0.0014609863281249999,0.09394327858455152,0.09395463837547151,0.42,0.12010721699277616,0.1449225162298801,4.470242313333711,1.2587691283690523,-0.00018291015625000005,0.09865520341605019,0.09865537297677962,0.798,1.1541623693432594,0.039333106675977225,8.088763702589459,1.2857801300532947,-0.002683642578125,0.056099654685855684,0.05616380679191337,0.232,0.08017831082856519,-0.001965734011026594,4.130774127536598,1.2584611648109636
2004.02.16.15.12.39,2004-02-16 15:12:39,604,-0.0021659667968750005,0.09180432572924035,0.09182987332434704,0.442,0.5517784022496657,-0.0801539092186402,4.813248499634069,1.2847576647417898,-0.0019452636718749999,0.09319093032140391,0.09321123078750691,0.405,0.1661822793299752,0.14853464698451813,4.34496998460707,1.2597350790850173,-0.0016223144531250001,0.09838759191229124,0.09840096618674217,0.723,1.6645926482878126,-0.022277158605663,7.347488830830319,1.2966798125450674,-0.0032150390625,0.05597990404278217,0.05607215113416374,0.293,0.09528870780003729,-0.018587100030776692,5.225410369916776,1.2588383436168638
2004.02.16.15.22.39,2004-02-16 15:22:39,605,-0.002322900390625,0.09338211769530401,0.09341100455237795,0.5,0.46252264920486086,-0.0029152523179089896,5.352688394648803,1.2763475625913283,-0.0018276855468750003,0.09386372552716316,0.09388151790579909,0.447,0.10737785885137496,0.13048752472301392,4.7613205449929,1.2572433710942017,-0.0015112792968749995,0.10136096094664584,0.10137222681356381,0.911,1.6101570165196692,0.07905901534397283,8.9866823353446,1.2965005624395647,-0.0027694335937499997,0.05559317438634944,0.055662112794801905,0.266,0.11966762162604105,-0.023132759753307447,4.77883405145988,1.2596271704882693
2004.02.16.15.32.39,2004-02-16 15:32:39,606,-0.00146376953125,0.09313785647333143,0.09314935818183344,0.447,0.6215580358289503,0.020015575893097205,4.798744819340867,1.2851753420021914,-0.00186083984375,0.09359669063450995,0.09361518692314966,0.481,0.23236730633218583,0.14982025324998027,5.138055221690272,1.2612053884884165,-0.002103759765625,0.09818104801329615,0.09820358442613296,1.038,2.1309458102879564,0.024539307110036022,10.569878951625903,1.2965130646978416,-0.0029160156249999998,0.05436672150831109,0.05444486711056883,0.242,0.09781882601039316,-0.043607074413663,4.444863452573713,1.2590540739427623
2004.02.16.15.42.39,2004-02-16 15:42:39,607,-0.0020039062500000005,0.09359113145530917,0.09361258209954337,0.503,0.5944372850986581,-0.0628826872404541,5.373209334885482,1.2853043545934275,-0.0017837890624999998,0.09466337528325305,0.09468018020387108,0.4,0.04486293186626744,0.10877586164370588,4.224749035528829,1.2532429590604601,-0.00129345703125,0.09914473280576765,0.09915316976384946,0.779,1.2951554585112905,0.026832795623391584,7.856531484120217,1.287950155812888,-0.0031341308593749997,0.05618574652372422,0.0562730920482594,0.254,0.06090305627587966,0.008014434651947542,4.513702566444571,1.2525695126095169
2004.02.16.15.52.39,2004-02-16 15:52:39,608,-0.00230234375,0.09450843626765197,0.09453647609520888,0.449,0.4948223120819719,-0.03499771217809009,4.749489493852155,1.2809905362990406,-0.0006587890625000001,0.09493397572508554,0.09493626151265912,0.52,0.19845791835239357,0.10549431257224202,5.477359143014722,1.2606216800420524,-0.0011783203125,0.10177948858004814,0.10178630916962753,0.789,1.443353543753732,0.05789976509120751,7.751533643735196,1.2900305657799291,-0.00325927734375,0.056500894125471754,0.05659482242909903,0.251,0.08677080626448186,0.013991853618094177,4.435034676793062,1.257160729383176
2004.02.16.16.02.39,2004-02-16 16:02:39,609,-0.0018067382812499999,0.09486459281639575,0.09488179632277996,0.425,0.4545847496597357,-0.05345132863514017,4.479257523268061,1.2779987377000075,-0.0013231933593749997,0.09355606497763429,0.0935654216832566,0.486,0.16265232441951527,0.11605179895458452,5.194226577049339,1.2578185103079365,-0.0007688476562499999,0.10021916016754345,0.1002221092943381,0.886,1.9462027142174456,-0.02733833575746415,8.840364728285092,1.2942910028880728,-0.003138818359375,0.055498059307375565,0.05558674992818095,0.271,0.08276254986893727,0.004332406021526793,4.875262546382668,1.2541647582310471
2004.02.16.16.12.39,2004-02-16 16:12:39,610,-0.002327099609375,0.09588292160878376,0.09591115706125186,0.498,0.5121334435393035,0.011267629088632918,5.1923052047215075,1.280176448408,-0.002183642578125,0.09420183210473071,0.09422713763453114,0.496,0.13603508231323636,0.12872133000635638,5.263876335963668,1.2554668245978275,-0.0019738281249999995,0.09817571489284128,0.09819555484943043,0.652,1.1746826654010318,0.02879294172443359,6.639811761334346,1.2845629538770675,-0.003283154296875,0.05735140062563674,0.05744529794386461,0.264,0.13935865981268192,-0.024297626312007728,4.595676399101978,1.2609034954266376
2004.02.16.16.22.39,2004-02-16 16:22:39,611,-0.001824365234375,0.09451864152530165,0.09453624651051509,0.479,0.45030249249973053,-0.02170437489309522,5.066839626922587,1.2807645605081965,-0.0013554687500000003,0.09368144321115053,0.09369124877840113,0.466,0.14971650919959067,0.11211941441762006,4.973783635888821,1.2539762085138613,-0.001749951171875,0.0980765093412685,0.09809212003862428,0.779,1.6083886465209387,-0.018733854926702563,7.941514565015669,1.2968740374867906,-0.00266806640625,0.056043257007661856,0.056106730740393344,0.239,0.19520174692097214,-0.014100416714178325,4.259738481392838,1.2629539840268618
2004.02.16.16.32.39,2004-02-16 16:32:39,612,-0.002173193359375,0.09481914031088155,0.09484404113423191,0.452,0.5362435114092148,-0.03152018402464271,4.765718484731039,1.2843177132213235,-0.0016604492187500004,0.09375902684767586,0.0937737287678764,0.422,0.14633116697154236,0.12366639984538601,4.500194303295769,1.2591220404456878,-0.0023227539062500003,0.09857028757001143,0.09859765097274757,0.791,1.4562806705242748,0.07736295177691385,8.022503499790606,1.2919009180385985,-0.0030996582031250003,0.057001848413357835,0.05708606312853975,0.254,0.1217424020131892,-0.031539552684599154,4.449422259651579,1.2606331972975178
2004.02.16.16.42.39,2004-02-16 16:42:39,613,-0.0017346679687499998,0.09558295342597416,0.09559869276613436,0.452,0.4700351608607556,-0.029625122049336972,4.7280981247906775,1.2827331279485505,-0.001348583984375,0.0920847193090225,0.09209459380975832,0.405,0.07795500559146973,0.10862842216848644,4.397652275188018,1.2553903997698685,-0.001273974609375,0.10062055253381534,0.10062861721953464,0.964,1.602093994721396,0.08290882820329402,9.57977985424272,1.290091902382759,-0.0027497558593750004,0.0563236161071509,0.05639069860067238,0.347,0.19210061686016422,-0.020541164378171436,6.153497094569821,1.260125968068918
2004.02.16.16.52.39,2004-02-16 16:52:39,614,-0.0019507812499999998,0.09625091780901182,0.0962706846686077,0.437,0.4821477383767929,-0.016392114499991454,4.539284222443039,1.2802468140398757,-0.001141455078125,0.09490765999648156,0.09491452389230598,0.432,0.23356990313979642,0.14884377550313743,4.551463593603076,1.2602145573279477,-0.00169912109375,0.09928614393828462,0.0993006817228613,0.806,1.9461005857884262,0.007915856348729928,8.1167620001791,1.2988406692734022,-0.0027669433593750003,0.05718606155151914,0.05725296159438501,0.259,0.17022683957228146,-0.00882885796118714,4.5237834478313,1.2615329740407624
2004.02.16.17.02.39,2004-02-16 17:02:39,615,-0.0018772460937500003,0.09627513860956523,0.09629343885845754,0.425,0.4809149930704568,0.00040881731305411975,4.413592504726212,1.2821428938062118,-0.0010651855468750003,0.09325202797552236,0.09325811139947492,0.439,0.14680830994944216,0.08633175548224573,4.7073653263202555,1.2596554487885712,-0.001366943359375,0.09840371429644633,0.09841320806418404,0.854,1.3974828694628139,-0.005018329639753858,8.677696996149443,1.2882586134599296,-0.0032862304687499995,0.05712523425356792,0.05721967930020886,0.234,0.15704481742895693,-0.02115032279445691,4.089502123426719,1.2594269907340134
2004.02.16.17.12.39,2004-02-16 17:12:39,616,-0.0015850585937500002,0.09497518174685494,0.09498840749582946,0.508,0.7511586473517373,0.02138280067933913,5.34802102058932,1.2914618651703464,-0.001333349609375,0.09409859233383784,0.0941080384472582,0.415,0.15399316284822762,0.12899426684626933,4.409825205660642,1.258941631246573,-0.0009539062500000001,0.09843301142730247,0.09843763343244924,0.935,1.857723136871014,0.04112936224885659,9.498399823291406,1.293828863573479,-0.0028130859375,0.05683386497207884,0.05690344154931448,0.327,0.1578094028720649,-0.04308201194965629,5.746576851887079,1.2616925197311155
2004.02.16.17.22.39,2004-02-16 17:22:39,617,-0.0023247558593749995,0.09549244976104748,0.09552074356479788,0.503,0.6564783060272306,-0.03897476596467317,5.265871906229275,1.2890168545835679,-0.0015213378906250002,0.09439951582324548,0.09441177393016523,0.481,0.2627089344475584,0.1411527844108322,5.094703552078022,1.262543058221508,-0.00122373046875,0.09937192380925484,0.09937945842986115,0.713,1.2535287566931341,0.018487481507333807,7.174520884546907,1.2878998458813709,-0.0031461425781249995,0.057295729891774956,0.057382043157708534,0.229,0.06714626401574941,0.0036012934891511343,3.9907955067165783,1.2547491416938175
2004.02.16.17.32.39,2004-02-16 17:32:39,618,-0.0019416503906250003,0.09490302288929583,0.09492288322509818,0.461,0.5195036890723932,-0.04191146010988255,4.85657392966872,1.2802825077003899,-0.0006604980468749999,0.09497069357867431,0.0949729903524385,0.422,0.1481157096562833,0.13699100358020494,4.4433685665154465,1.260665552134194,-0.0008984863281249998,0.10088452507720175,0.10088852599644013,0.703,1.3640862804838765,0.07450941677786709,6.968086737879443,1.2911383069748523,-0.003306591796875,0.05728643334009775,0.05738178277241502,0.315,0.17977559835353674,-0.01643221722987406,5.489547113747554,1.2604063265757877
2004.02.16.17.42.39,2004-02-16 17:42:39,619,-0.0017620117187500002,0.09426557865206811,0.09428204497096067,0.479,0.47955622735407255,0.02479425010982998,5.080500748021898,1.278688450131302,-0.0016286621093750003,0.09447707305362693,0.0944911100212442,0.461,0.16814585376214186,0.1473348153537637,4.878765842589367,1.2557976717867878,-0.001995166015625,0.09960181234071232,0.09962179334354695,0.767,1.6526749274388504,-0.022907807942451716,7.699118578953817,1.291621477795326,-0.0026224121093750006,0.05689709010952782,0.05695749211651725,0.286,0.20131179130871768,0.005113062383303186,5.0212884973048535,1.2603543270535893
2004.02.16.17.52.39,2004-02-16 17:52:39,620,-0.0024348144531249998,0.09328469083302592,0.09331646084820391,0.493,0.6900665599350058,-0.04144753497726456,5.2830979177613,1.2914839217882144,-0.0012416503906250002,0.09300336988607905,0.09301165790297136,0.432,0.13774562432716175,0.06863165766880687,4.644579074707573,1.2559720186257364,-0.0006927734374999999,0.09660151187333609,0.0966039959383151,0.825,2.051874929754125,0.059745505115589306,8.540019405892798,1.296415836539798,-0.002974462890625,0.05560096111716883,0.05568046611371554,0.256,0.04931147418752113,-0.029664316272505792,4.59766266103402,1.2569605133158819
2004.02.16.18.02.39,2004-02-16 18:02:39,621,-0.001748681640625,0.09845005065436922,0.09846557957645974,0.552,0.6142024183200463,0.007110728644009213,5.606019914516069,1.2852474318161597,-0.00172509765625,0.09347371797536942,0.09348963532960486,0.576,0.2723032297273429,0.05843054221749862,6.16111077949195,1.257082728133015,-0.001661669921875,0.10057268892382072,0.1005864151080894,0.649,1.2719679643096757,-0.025462516942714057,6.4521635382132825,1.2919026194854808,-0.002925537109375,0.05781684250755609,0.057890811403208675,0.232,0.07205116007266055,0.0006028630225560986,4.007544450951349,1.256683068579647
2004.02.16.18.12.39,2004-02-16 18:12:39,622,-0.0016535156250000003,0.09503868695899781,0.09505307008620237,0.447,0.5214360964550426,-0.030028712415334266,4.702636112590804,1.2856682557044934,-0.000301220703125,0.09377244647155093,0.09377293026866482,0.469,0.15240151857142825,0.051944066530457585,5.001443365972334,1.25605036832012,-0.0004775390624999999,0.09887629425609955,0.09887744742546199,0.806,1.197818829122058,0.13099819269824847,8.151504928437772,1.286956191132987,-0.002970556640625,0.05668313156992091,0.05676091623052014,0.234,0.11567350034690893,4.0937925049607496e-05,4.122555017429036,1.2634251299613977
2004.02.16.18.22.39,2004-02-16 18:22:39,623,-0.0014483886718749998,0.09557886945078164,0.09558984315937742,0.432,0.5461967132436887,-0.04973483089447393,4.519308597250487,1.2879702388819076,-0.0010159179687499998,0.09330852846819267,0.09331405882405261,0.479,0.2003147752942085,0.0857542853076604,5.133202928222999,1.261595164474261,-0.0014242675781250002,0.10029132675177613,0.10030143947005758,0.845,1.4231675876047882,0.07433600075487691,8.424604915588006,1.2883507432144827,-0.0029790527343750003,0.05663401901719661,0.056712316697824776,0.283,0.1224627531250948,-0.018765577649975333,4.99009768033078,1.2571077461941567
2004.02.16.18.32.39,2004-02-16 18:32:39,624,-0.00179560546875,0.09692809996445481,0.09694473044843,0.537,0.7066014705423598,0.03707694695852093,5.5392386725512495,1.2871144381053135,-0.001657373046875,0.09403837906743377,0.0940529830629889,0.452,0.08077170485021723,0.1051809108918023,4.805801849977346,1.2523951901246946,-0.0019878417968749998,0.10062334576779994,0.10064297903239762,0.723,1.213508569555672,0.005976660347480132,7.183809610477266,1.2868973885067172,-0.0035222656250000007,0.056483489294091006,0.05659320558131294,0.254,0.07913044383898304,0.02287767407553965,4.4881712811806285,1.2591187152151735
2004.02.16.18.42.39,2004-02-16 18:42:39,625,-0.0018451171875000002,0.09649377021860993,0.0965114094210498,0.513,0.5868126529442286,0.005347423829440977,5.315433719985766,1.2865373622326757,-0.0016024902343749997,0.09465229256568146,0.09466585690147544,0.518,0.14347059057067124,0.12760311499943347,5.471877791579221,1.256714119254522,-0.00198369140625,0.09782926038335756,0.09784937004779336,0.74,1.2810392077658843,0.06317091994264526,7.562644497747464,1.2875860167716386,-0.0026546875,0.05621343948566565,0.05627608856815877,0.261,0.10422613436731876,0.0062272212273404995,4.637848980635709,1.2555578366002917
2004.02.16.18.52.39,2004-02-16 18:52:39,626,-0.00206416015625,0.09610307518105546,0.09612524026709245,0.427,0.5574171385605213,-0.028977505173992762,4.442121536586467,1.2843539693435195,-0.002187060546875,0.09285738455165361,0.09288313678816718,0.51,0.07577097474207095,0.12707755108280797,5.4907706353966645,1.252784410995455,-0.0017131347656249997,0.09676659349455488,0.0967817567895191,0.657,0.919337192120683,0.04914814711271977,6.788469457408623,1.2848498855870343,-0.0032308593750000002,0.05669111262644238,0.05678310226753202,0.327,0.1590994539989654,-0.020510698982607326,5.758755456145185,1.2586863435764104
2004.02.16.19.02.39,2004-02-16 19:02:39,627,-0.002319677734375,0.0961254013091715,0.09615338622035433,0.54,0.5643935427422346,0.006107861796828127,5.616026863187993,1.2848817603138547,-0.001640966796875,0.0929882203952115,0.09300269837105198,0.437,0.14316968529319984,0.11035089447440322,4.69878839704742,1.2557036610040937,-0.001483251953125,0.09838654491089178,0.09839772485103188,0.801,1.4441579265993507,0.008626538629761269,8.140432120891667,1.2907239782596316,-0.003028515625,0.056146072980021326,0.05622769262533143,0.298,0.10280419379739181,-0.03574462581702821,5.299879580435539,1.260586388767997
2004.02.16.19.12.39,2004-02-16 19:12:39,628,-0.002294091796875,0.09565264910863361,0.09568015540681293,0.447,0.5436207732186156,-0.020913074033234183,4.671815154348832,1.282830224929888,-0.0008269042968750001,0.09499430168347302,0.0949979006244184,0.413,0.06316359366915103,0.10304267565360367,4.347464494324224,1.2537041375780529,-0.00174560546875,0.09941703037183178,0.09943235422339275,0.796,1.1577485379099448,0.07087373526106702,8.005442556571095,1.285263850017283,-0.003209326171875,0.05734207917299384,0.05743181886689098,0.242,0.10352277621411865,-0.0020811641510291743,4.213692074786634,1.2580081461110932
2004.02.16.19.22.39,2004-02-16 19:22:39,629,-0.0016488281250000001,0.09587125623493316,0.09588543375429867,0.461,0.5675984206307492,-0.027514076223508332,4.807820979162362,1.2869532710269347,-0.001918408203125,0.09200103139816182,0.09202103057649036,0.435,0.11826295012034516,0.10189559556409922,4.727180268193327,1.2543575636926207,-0.0012871093750000003,0.10062471996197324,0.10063295145213991,1.057,2.0626292447505916,0.06381413839056745,10.503517831360629,1.2912200750686817,-0.0027643066406250003,0.0567507405083821,0.056818024776061384,0.242,0.12235933925708897,-0.004765174035128957,4.2592117722114065,1.2594072938923702
2004.02.16.19.32.39,2004-02-16 19:32:39,630,-0.0021183105468749997,0.09356724330764812,0.09359121892445693,0.432,0.5771797568819839,0.04561476510535343,4.615817647900205,1.2892609778636877,-0.001649267578125,0.09386059094044806,0.09387507984142743,0.449,0.06641802513557771,0.08026556040954572,4.782951990650181,1.2548841889350724,-0.0021556640625000002,0.09923455773261222,0.09925796862689414,0.72,1.766519061067748,0.0016270362299413465,7.253825662163658,1.2976372146286483,-0.0035399414062500002,0.05624762379005727,0.05635890672455863,0.242,0.08406543365255015,0.004601952509129082,4.293908701648882,1.2573014695932783
2004.02.16.19.42.39,2004-02-16 19:42:39,631,-0.0019236328124999998,0.09778247306724465,0.0978013926401038,0.542,0.6771886124561841,-0.02843193631710452,5.541843376346269,1.2878765121467943,-0.0006886718750000002,0.09383920676957118,0.09384173376538688,0.547,0.293605936474997,0.09789973859831826,5.828963064211401,1.2631789078630444,-0.001412939453125,0.09831469342829015,0.09832484600444018,0.818,1.3466827764639682,0.08084630924795883,8.319362127076817,1.2887048628004325,-0.0035005859375000004,0.05668320080555549,0.056791190826295856,0.242,-0.012066516649287262,0.015572592521690921,4.2612242581810325,1.2515614750389419
2004.02.16.19.52.39,2004-02-16 19:52:39,632,-0.002181201171875,0.09708231057954604,0.09710681060572232,0.491,0.6499851458312187,0.05948135770925023,5.056287987807379,1.2849887161243547,-0.0012459472656250001,0.09286708784108155,0.09287544556378653,0.43,0.21196199170264496,0.09440803858769223,4.629856657911563,1.2597375902430863,-0.0017109863281249999,0.10270062975443162,0.10271488123038391,0.767,1.3740827707931489,-0.003791131690858609,7.4672724225778015,1.283278867571027,-0.002791357421875,0.05700875475455694,0.05707705138601569,0.264,0.08464229926218891,-0.01365552662914745,4.625326529475943,1.2577976424303803
2004.02.16.20.02.39,2004-02-16 20:02:39,633,-0.002069189453125,0.0940687640559963,0.09409151883148462,0.454,0.597391354376704,0.006015732668920251,4.825089504752302,1.2880194491303034,-0.00167724609375,0.09202243819143921,0.09203772207718013,0.43,0.10004948049197582,0.10383351439770871,4.671997419051882,1.2551239175521538,-0.0016130859375000002,0.0991687349562388,0.0991818533758192,0.789,1.630539527534232,0.02786308730139797,7.955084253268859,1.2956777391815166,-0.002684765625,0.05635609735707458,0.056420011306107076,0.283,0.23528827437445043,-0.023925479676134346,5.015950784989778,1.260350560266617
2004.02.16.20.12.39,2004-02-16 20:12:39,634,-0.00210263671875,0.0963140650874664,0.09633701373222939,0.557,0.5472246871079163,0.027608748256810187,5.781786028246551,1.2862755440063172,-0.0015394042968750001,0.09375594778026825,0.09376858487662926,0.41,0.11798682170216468,0.10701657197304072,4.372466541320149,1.2556768020284101,-0.002477734375,0.09830704000028148,0.09833825949878308,0.627,0.9653432288637518,-0.04461057328541823,6.375951772949154,1.2828848395062773,-0.0029713378906249996,0.05698062058141225,0.05705804036858544,0.254,0.09959192548383156,0.03108421367914627,4.451607492286842,1.2570675956301154
2004.02.16.20.22.39,2004-02-16 20:22:39,635,-0.001822119140625,0.09587481384944375,0.09589212714726962,0.51,0.6811948931940979,-0.007184546000463869,5.318476241712211,1.294652984441441,-0.0015083007812500002,0.09240311611951747,0.09241542533497181,0.447,0.2394520618148115,0.08936806283538336,4.83685486897658,1.2612068601302227,-0.0021958984375000006,0.09958043772211078,0.09960464621128373,0.767,1.5750494584585732,-0.020555774563655805,7.7004439970904714,1.2936423051308612,-0.00305419921875,0.057276877662704666,0.05735825004004437,0.437,0.31270397716239184,0.029401527861785272,7.618781948453983,1.2596259831049788
2004.02.16.20.32.39,2004-02-16 20:32:39,636,-0.002164306640625,0.09739518356995239,0.09741922811159702,0.552,0.5790203454839511,-0.04887423782855838,5.6662325364317745,1.2823567620418683,-0.0018983886718750003,0.09296942477350348,0.09298880482222377,0.447,0.10732639771080432,0.09957829998242942,4.807030274822606,1.2559201309193362,-0.001962646484375,0.09762647156595385,0.09764619773263383,0.723,1.820550909610823,-0.007132357396510595,7.404282161397155,1.295786723664046,-0.0029095703125,0.056157504039724006,0.05623282723974494,0.264,0.12760317825573075,-0.033365343410759654,4.694766615138405,1.2575929634858807
2004.02.16.20.42.39,2004-02-16 20:42:39,637,-0.0017246582031250003,0.09764422684677404,0.09765945669735152,0.454,0.6133940913684954,-0.026868208717565012,4.64880734906149,1.2884090623471331,-0.001742333984375,0.09230405007884955,0.0923204927882855,0.403,0.10687831217703536,0.04956524121106548,4.365227998990236,1.2577046112846006,-0.0008751953125,0.09982930182023202,0.09983313812933058,0.815,2.01452723241444,0.06223644675322409,8.163621972337422,1.3009627618928388,-0.003511328125,0.05677114460669992,0.05687962979095635,0.278,0.18395197648519135,0.0018710055053621397,4.887514229992422,1.264672412798974
2004.02.16.20.52.39,2004-02-16 20:52:39,638,-0.0017319335937499999,0.0948210754185315,0.09483689122646313,0.493,0.6512805700988582,0.0332188784218825,5.19839899457221,1.2911040937008686,-0.0017803222656249998,0.09423951022058048,0.09425632516698482,0.432,0.21028643204368258,0.12096407265790099,4.583246792559199,1.259344300418015,-0.0018214355468749999,0.09714299422823401,0.09716006872722006,0.75,1.407011104853452,0.06849199355063668,7.7192205586602505,1.2893807990621533,-0.0029719726562500003,0.056791326634216356,0.056869037290460174,0.244,0.030714527310490958,-0.0010434338728018357,4.290559707451408,1.255078691715509
2004.02.16.21.02.39,2004-02-16 21:02:39,639,-0.0020203125000000004,0.09748992524821394,0.09751085676733642,0.479,0.5207344685544992,-0.022260994597276346,4.912273523992381,1.2854507823943813,-0.0012239746093749997,0.09337309643633293,0.09338111828390751,0.422,0.114985876422534,0.07689954894403964,4.519114867707938,1.253075644986752,-0.002089794921875,0.10001877994241322,0.10004060967419368,0.654,1.0214688125169946,-0.008514565407888891,6.5373452054111665,1.2870297612407549,-0.002824609375,0.05662856897420385,0.056698970380312026,0.256,0.1491227624635454,0.041206211099961684,4.515073171220983,1.2584995842433149
2004.02.16.21.12.39,2004-02-16 21:12:39,640,-0.0015130859374999999,0.09843639396525677,0.09844802225508394,0.457,0.5386898269168512,-0.015103373647776527,4.642043481746025,1.2857467603308654,-0.0015115234375,0.09380356211598731,0.09381573945106439,0.408,0.18380730188996575,0.133752700981804,4.3489504254541265,1.2630348813235999,-0.000394677734375,0.0978272185461202,0.09782801469407613,0.889,1.9263947632068792,0.003927854553489443,9.087376481880424,1.2916379454755547,-0.00323125,0.056272794339827306,0.05636548908130755,0.239,0.1323062341500818,-0.004945980595599586,4.240183202442209,1.2582844091696843
2004.02.16.21.22.39,2004-02-16 21:22:39,641,-0.0017645507812500002,0.09940383393201764,0.09941949426467503,0.439,0.6725187096744207,-0.02123072572011468,4.415633002832344,1.2936857116156875,-0.001379833984375,0.09296161849523539,0.09297185840391771,0.408,0.25829344490407236,0.07386891183268088,4.388424701886,1.2671717393628246,-0.0006386718750000001,0.09805455178409533,0.09805663173566463,0.789,1.265132194654421,0.02814900977192184,8.04637061292234,1.2922462757966098,-0.0032789550781250005,0.056899311995390264,0.05699371238964106,0.308,0.16185308361238349,-0.010959159717322139,5.40410489308608,1.261125831254219
2004.02.16.21.32.39,2004-02-16 21:32:39,642,-0.0016810546874999998,0.0983651064774757,0.09837946999850884,0.493,0.5520838440108813,0.03304964237251619,5.011208131203314,1.2873750973253708,-0.0014736328125000001,0.09422738345647019,0.09423890590790382,0.469,0.14969123228630687,0.14226029740502052,4.976713125875381,1.2561556379496228,-0.002224951171875,0.09776952646491338,0.09779483990932561,0.896,2.002529282017104,0.04735189708897962,9.162037596572194,1.292593237405872,-0.0028293945312500004,0.05706941270444512,0.057139507696896984,0.308,0.18063149296689973,0.03756618612888145,5.390315955009991,1.259926396947937
2004.02.16.21.42.39,2004-02-16 21:42:39,643,-0.0018572265625000002,0.09803372410072998,0.09805131488951334,0.413,0.6552368688722128,-0.031633991969569765,4.212080179295695,1.2938480112737722,-0.00099228515625,0.09317303154705596,0.09317831527506816,0.461,0.1934762580094147,0.13522064746532736,4.947503060546861,1.2614020420174294,-0.0012503417968749999,0.09787379107491118,0.09788177733359961,0.791,1.70917260705676,0.019465412493653238,8.081177329914254,1.2964029454910033,-0.002774658203125,0.05653987507085337,0.05660791641786398,0.261,0.1934832261475612,-0.009743126590162975,4.610662545382702,1.2584930913725547
2004.02.16.21.52.39,2004-02-16 21:52:39,644,-0.00156904296875,0.09791493996037309,0.09792751075811766,0.476,0.6111333437801076,4.218274879528225e-06,4.860738277885228,1.2937164212788375,-0.0009364257812500001,0.09406814279855169,0.09407280363002105,0.408,0.13426387742937784,0.1154531982479319,4.337066444884786,1.258434926590299,-0.0015818359375000001,0.09842424237185209,0.09843695287546364,0.664,1.1618136584261194,-0.07802996755547256,6.745434317131411,1.2884977891463243,-0.002600341796875,0.05616463478965256,0.05622479860804861,0.356,0.1260479632753051,-0.025999881320531885,6.3317256586676045,1.2557856655133803
2004.02.16.22.02.39,2004-02-16 22:02:39,645,-0.0016272949218750002,0.09725953373048636,0.09727314629554436,0.491,0.572484489262322,-0.03624724081240663,5.047641807618702,1.291830669224675,-0.0011866699218750002,0.09371298731889244,0.09372050030667985,0.415,0.0997687247807777,0.08652951477466449,4.428060015066109,1.2547211297357281,-0.001903076171875,0.09822581370911833,0.09824424755543897,0.828,1.1460013561048248,0.06408071766488495,8.427974365957272,1.2863576638236052,-0.0020902343750000005,0.05681027276939064,0.05684871301863394,0.271,0.14962388403758098,0.016516970267632727,4.767038436053448,1.259268406844406
2004.02.16.22.12.39,2004-02-16 22:12:39,646,-0.0014086914062499997,0.09837636823344928,0.09838645353035777,0.464,0.5403197851984634,-0.027033723995058125,4.716096407081386,1.289333273804078,-0.0015958984375000003,0.09344216221005208,0.09345578938895385,0.454,0.13085562612766877,0.1433853728877051,4.857911992059651,1.255534571404246,-0.0011451171874999997,0.0996249129331584,0.09963149386771485,0.74,1.070810562330733,0.050028908767674754,7.4273703150785915,1.2841841227072646,-0.0029162109374999997,0.05646068020384191,0.056535941624001454,0.259,0.1323372166418575,0.005552201983342237,4.581156562713826,1.2545165875286308
2004.02.16.22.22.39,2004-02-16 22:22:39,647,-0.002264013671875,0.10376910203435047,0.10379379699636138,0.496,1.0579778032148006,0.022242096700611745,4.778705610099108,1.3148605761379286,-0.002093212890625,0.09349087915505526,0.09351430920126944,0.576,0.2110732037246148,0.10228363103256803,6.15948516242882,1.2550191659444119,-0.0010840332031249998,0.1014292545119141,0.10143504719192535,0.791,1.474125626425728,0.00408389871629474,7.798093675683397,1.2917122493716016,-0.002824072265625,0.056760727033897763,0.05683093803183373,0.254,0.10415565823468231,-0.01659053658366052,4.469396578633322,1.2574099299742065
2004.02.16.22.32.39,2004-02-16 22:32:39,648,-0.0016309082031250003,0.10637398947336635,0.10638649114453806,0.5,0.8593839482326833,-0.05815066367273988,4.699844826357639,1.3058024299197324,-0.0005608886718749997,0.09268898928122955,0.0926906863178719,0.447,0.16052565149392306,0.13043501479985353,4.822490994047294,1.2583433079495658,-0.0011677246093749999,0.0982737047148284,0.09828064213842229,0.806,1.5137345911950089,-0.0046903013079624386,8.201004617621425,1.288600508321018,-0.003165185546875,0.057854770938754296,0.05794128855938462,0.356,0.13410103877825463,-0.07624883629370778,6.144150550520324,1.26049101898983
2004.02.16.22.42.39,2004-02-16 22:42:39,649,-0.002164794921875,0.10500558225887016,0.10502789459271344,0.498,0.8594033690020813,-0.036005389568740095,4.741597476853068,1.3064575342539828,-0.0013324707031250002,0.09363228683023654,0.09364176747175576,0.444,0.2848389263936877,0.13003901758927955,4.741473938260716,1.2642272265546428,-0.00149521484375,0.10133585902709134,0.10134688940558315,0.769,1.7665340061652328,-0.010406767568964866,7.58780071603891,1.297577554555649,-0.002600390625,0.05734096280559311,0.05739989587860765,0.261,0.11929096069269463,-0.014816529416604387,4.547046575693738,1.2608515160615101
2004.02.16.22.52.39,2004-02-16 22:52:39,650,-0.0016755859374999998,0.10534146824160609,0.10535479352896691,0.51,0.8345135768103153,-0.04559297185090278,4.8407859093737144,1.3013024515513965,-0.00127265625,0.09497576209292473,0.09498428838003947,0.42,0.15184054150520998,0.12620004625181094,4.42178393040697,1.2602380349727311,-0.00166630859375,0.09875496663561609,0.0987690235829597,0.789,1.1642445531556742,0.07314707708407295,7.9883345139814015,1.288801616667483,-0.002807373046875,0.05798492155102742,0.05805284205534751,0.225,0.041171559606674624,-0.010670573839237718,3.8757792389472554,1.2547024928881647
2004.02.16.23.02.39,2004-02-16 23:02:39,651,-0.002089160156250001,0.10625564856160724,0.1062761847330165,0.527,0.8989962838910843,-0.04214172701670748,4.9587779362226065,1.3055870054910987,-0.0014757324218750002,0.09355966040776283,0.09357129817308764,0.415,0.09717587734604383,0.10713554894640803,4.435120684468173,1.2558679361513923,-0.0013135742187500002,0.09735612587520152,0.09736498714967434,0.801,1.0982601098828155,0.03964986998683371,8.226776621134482,1.2902383190348428,-0.003091162109375,0.057232277039909386,0.05731569434595881,0.295,0.19275541326287504,0.004249843221331509,5.146932325714723,1.2629750393046326
2004.02.16.23.12.39,2004-02-16 23:12:39,652,-0.002149853515625,0.1042700012427267,0.10429216187852698,0.457,0.7805928630818695,-0.0405011399857617,4.381920863164052,1.3041319988205087,-0.001507861328125,0.09299495605817565,0.09300717981987668,0.466,0.1219608394082976,0.13804483277418944,5.010365876080575,1.2578871358974257,-0.001730810546875,0.09807286656450372,0.098088138229493,0.906,1.4129885564833797,0.1032035052831877,9.23659084934681,1.2875008386000708,-0.0030905273437500003,0.057246037391137684,0.05732940045256012,0.249,0.03127493129032244,-0.04132137454798646,4.3433211935653615,1.2535244140446435
2004.02.16.23.22.39,2004-02-16 23:22:39,653,-0.0022241210937500003,0.10583460325573028,0.1058579707010176,0.508,0.9324437463329018,-0.02195952345707107,4.798882848744395,1.3106461425847398,-0.00165595703125,0.09350243246366992,0.09351709506989886,0.51,0.16156443606992754,0.11604649247627917,5.453548355183651,1.2545558862267814,-0.0010217285156250001,0.09836714433443838,0.09837245048117829,0.789,1.6683315984528777,0.05548003216053511,8.020538231391932,1.293183756637586,-0.0031902832031249994,0.058781861152108254,0.05886837102741909,0.261,0.126361842094445,0.0005712772206675903,4.433620218205701,1.2582873386250157
2004.02.16.23.32.39,2004-02-16 23:32:39,654,-0.0016638671875,0.10619686540460416,0.10620989914212917,0.481,0.7618131670541999,-0.018680843374084943,4.528768070444451,1.3004853158459668,-0.0016882324218750002,0.09306956675549402,0.09308487731509145,0.53,0.102650017643374,0.13824319877781405,5.693728297089064,1.2547154627889259,-0.0005892578125000004,0.0988942969763634,0.09889605249563174,0.713,1.3815299938346675,0.044790455965361284,7.209590089872327,1.289831313164398,-0.00259482421875,0.05634329062978607,0.05640300977535464,0.251,0.10241999327134321,-0.01935569237159963,4.45011713026837,1.2571624285777783
2004.02.16.23.42.39,2004-02-16 23:42:39,655,-0.0022435546875000005,0.10299146827083759,0.10301590204535778,0.571,1.0352955897710991,-0.0055498461913283835,5.542833569021115,1.3124285697598597,-0.0011640624999999997,0.09356707277099992,0.09357431350770092,0.537,0.1720924482384314,0.09324641009499218,5.738754363993345,1.256986711686813,-0.0023267089843749997,0.09949982946705942,0.09952702968878291,0.928,1.6824921420275665,-0.05201639947844901,9.324100225856427,1.2876603677203728,-0.0032386718750000002,0.05796686122759999,0.05805726480031375,0.261,0.14982655868146688,-0.003697317198008687,4.4955614236685415,1.262776616379625
2004.02.16.23.52.39,2004-02-16 23:52:39,656,-0.0014833007812500001,0.10595899954424515,0.10596938126470777,0.493,0.7446224362206091,-0.05052026083159421,4.652287237277562,1.2974704834763464,-0.0008562499999999999,0.09293937056792724,0.09294331479791862,0.476,0.12506855373768833,0.13744046664539983,5.121401157629678,1.2596161930528598,-0.0005918457031250001,0.09826105447269314,0.09826283685820329,0.84,1.7787757672035216,0.06008510461867326,8.548501415770739,1.2916433084896168,-0.003138671875,0.05783452628203446,0.05791963131276174,0.264,0.09802119598753434,-0.01630389844430045,4.558040063729333,1.2591090546395358
2004.02.17.00.02.39,2004-02-17 00:02:39,657,-0.00146591796875,0.10594924027191698,0.10595938103673265,0.53,0.8544294796051415,-0.022823616584939633,5.001916723317461,1.3005919801596904,-0.001431005859375,0.09322992843617767,0.09324091019495881,0.647,0.274546626197254,0.10368231645942606,6.939014201461333,1.2587141512974283,-0.00236494140625,0.10031086798417585,0.10033874218662377,0.769,1.3671030342176609,-0.02283271754138459,7.664038667832892,1.2897560999990303,-0.0030105957031249997,0.05772238868332807,0.05780084637612908,0.242,0.04807811511334492,0.00108338931451425,4.186789903130943,1.2543551894925762
2004.02.17.00.12.39,2004-02-17 00:12:39,658,-0.0018698242187499999,0.1046235968561095,0.10464030419355035,0.549,0.950329834842297,-0.06483677415511666,5.2465443810687855,1.3062275115894102,-0.00142080078125,0.09304983951481996,0.09306068616012751,0.427,0.12348670648828275,0.11010220302868791,4.588403735442809,1.2576349286082755,-0.001201513671875,0.1004980525292004,0.10050523467593928,0.92,1.4362026064528886,0.10380773487716093,9.153752070390876,1.2897389102499635,-0.002870068359375,0.056958400926712636,0.05703066480864154,0.249,0.04586380465608331,-0.004689002819816325,4.366072197044955,1.2555217351326948
2004.02.17.00.22.39,2004-02-17 00:22:39,659,-0.00223251953125,0.10561847953754985,0.10564207193765773,0.488,0.895181246440885,-0.022863855306557948,4.619371724249995,1.307580975259111,-0.002174560546875,0.09400975861133966,0.09403490536888086,0.405,0.15659247868165815,0.1510703463348054,4.306911336926037,1.2578416838201172,-0.002155126953125,0.10196391733148319,0.1019866903559755,0.73,1.0750359811678916,0.02965755788944331,7.157796742418052,1.28591665501455,-0.0022893066406249997,0.05734436344109651,0.057390042196877454,0.264,-0.020819380861058612,-0.016417623293156134,4.600101165535718,1.2519698723497257
2004.02.17.00.32.39,2004-02-17 00:32:39,660,-0.0016324218750000002,0.10434677548583268,0.10435954367219488,0.496,0.7816348788004697,-0.03708233531378327,4.752799624708901,1.3024068201275003,-0.002053173828125,0.09432597471814631,0.09434831757533821,0.532,0.25189518136465594,0.09090619326703363,5.6386803037075035,1.260274121881558,-0.0021015136718750002,0.0985745385287007,0.09859693710181557,0.688,1.533987421251462,-0.04326396273515306,6.977904387532249,1.2939255464788784,-0.00259443359375,0.05874004876053578,0.05879731638486998,0.283,0.1563361114726498,-0.00839883027084731,4.81314484061764,1.2632884106014646
2004.02.17.00.42.39,2004-02-17 00:42:39,661,-0.00187197265625,0.10661143815612845,0.10662787171909487,0.505,0.7678642560795579,-0.03740551442805827,4.736097531144522,1.3034600814205253,-0.00153017578125,0.09398861024106712,0.09400106538209421,0.471,0.23509281624115186,0.16606057589945183,5.010581508682756,1.2594891881801817,-0.001803369140625,0.09752774273960854,0.09754441421291445,0.684,1.3484219806451962,-0.02745685202964208,7.012190349587865,1.293331513955501,-0.0031937988281250003,0.058177008743240596,0.05826460930329512,0.244,0.1030880093454476,-0.03525944643900632,4.187790889146162,1.26043403016936
2004.02.17.00.52.39,2004-02-17 00:52:39,662,-0.00165927734375,0.10660886235708322,0.10662177420384168,0.486,0.7654697765915444,-0.014485438513994801,4.558168381918456,1.3012744110720116,-0.001724755859375,0.0937139220811664,0.09372979235338877,0.398,0.14212725928490633,0.12589588348110603,4.246248604706425,1.2566017876378726,-0.0020248046875000003,0.09997834418814144,0.09999884569646292,0.696,1.2153298985240033,-0.018665481264093654,6.960080340453553,1.286376910187218,-0.0032549804687500004,0.05961612162508398,0.05970491483511847,0.349,0.18291372673330342,-0.0004381034424509802,5.845414920426584,1.2608988459120665
2004.02.17.01.02.39,2004-02-17 01:02:39,663,-0.00235234375,0.10467625720588139,0.10470268546579882,0.635,0.7869819151709754,-0.038785664155529954,6.064791912213399,1.2987685282917005,-0.00148671875,0.09224659980276183,0.09225857958917695,0.427,0.1648527531864885,0.12319023109169872,4.628295838732946,1.257270119446019,-0.0018065429687499994,0.09666356097149308,0.09668044071676286,0.791,1.2880893119545327,-0.0014660734804126684,8.181592824109387,1.2899022456367137,-0.002756640625,0.057793617311912994,0.057859323099490635,0.271,0.0758730975785551,0.008687752666313572,4.683774117682095,1.2567868172574668
2004.02.17.01.12.39,2004-02-17 01:12:39,664,-0.0018250976562500004,0.10419411991093308,0.10421010318327466,0.491,0.8916386740504207,0.03003721306603902,4.711635292563492,1.3059085966763784,-0.0017135742187499997,0.09307185297253186,0.09308762620425848,0.408,0.1638042172253229,0.08976627976083157,4.382967067016423,1.2605192900538298,-0.0013058105468749998,0.0973006158718949,0.09730937770962454,0.781,1.2690715925292002,0.01734911175814504,8.025947944406122,1.2907800951024295,-0.0027970703125000003,0.05773169801989789,0.05779941659388743,0.269,0.17107711900333955,0.0055325380623225465,4.654026214313867,1.2593885602087977
2004.02.17.01.22.39,2004-02-17 01:22:39,665,-0.0018949707031249998,0.10610636041632907,0.10612328036187736,0.527,0.8149963220300815,-0.05855082417662549,4.965922634533582,1.30291688831187,-0.001694384765625,0.09328447234652262,0.09329985916764894,0.496,0.234925084682839,0.1261952119768191,5.316192376118661,1.2624641258257667,-0.0007733398437499998,0.09931171625014125,0.09931472720126909,0.796,1.5723532509562936,-0.006429827702325768,8.014924094659632,1.2933233204520165,-0.003006298828125,0.05790779485065365,0.057985778748839575,0.234,0.03600703003860817,-0.034762850639000996,4.035472232140762,1.2547573148305005
2004.02.17.01.32.39,2004-02-17 01:32:39,666,-0.0016462402343749999,0.10684368830670977,0.10685637013248496,0.532,0.9259511693175662,-0.024365463044258077,4.9786456281493034,1.3073794028624772,-0.00155263671875,0.0928510944738986,0.0928640750009456,0.435,0.21957347494824875,0.11924012431666989,4.684265686117808,1.260876883515451,-0.0007994628906250002,0.09958820470964239,0.09959141357668905,0.632,1.1583167230556386,-0.005817731023853767,6.345928602703654,1.2889917003353824,-0.0029443847656250004,0.059820190227872314,0.05989260856355211,0.271,0.19098165076458562,0.023601599179601338,4.524765350843613,1.2618530109484127
2004.02.17.01.42.39,2004-02-17 01:42:39,667,-0.00140625,0.10483115097547938,0.10484058257137954,0.603,0.7773012336510248,-0.04778357028931343,5.751589558265323,1.298753185320992,-0.0013703125000000002,0.09288622533472653,0.09289633261480913,0.444,0.08855821516816098,0.10456064541125544,4.779521295431844,1.2527008662168777,-0.0015300781250000002,0.09726487561756374,0.09727690973693988,0.769,1.306379366774272,0.04932326738037785,7.9052675715086,1.2876913773548566,-0.0023548828125,0.057310207625109355,0.057358568419145106,0.269,0.177303850062132,0.01940459764939651,4.689796266083471,1.2624080157073436
2004.02.17.01.52.39,2004-02-17 01:52:39,668,-0.0018466796874999996,0.10358289973678944,0.10359935976515491,0.474,0.8176352010912522,0.007699191076852347,4.575317850172925,1.3042115885061343,-0.0009566894531249998,0.09239406058203717,0.09239901344466225,0.476,0.2220265038852398,0.11917458631855128,5.151570154859676,1.2558571250737043,-0.0020883300781249997,0.0958179918341301,0.09584074645807295,0.686,1.3396175207131868,0.021558868439562957,7.157707189813068,1.2919390734573353,-0.003121044921875,0.05801998869666611,0.05810387258837078,0.247,0.15635130151115728,-0.02101116104299872,4.251007531801519,1.2606133429628124
2004.02.17.02.02.39,2004-02-17 02:02:39,669,-0.0017053710937500002,0.106147151556937,0.1061608500070471,0.559,0.6430516614183488,-0.04607355865295514,5.2655946138608805,1.292468028629573,-0.0012795898437500002,0.09284027916259205,0.0928490968462066,0.466,0.1286881879827,0.13442536576641484,5.018896422566966,1.2556438141327806,-0.00043496093749999996,0.09901822240161959,0.0990191777313554,0.94,1.7290405876401111,0.06921757554016818,9.493110542184795,1.2937704695913594,-0.00293505859375,0.05774919068524904,0.05782372863928787,0.254,0.12793629672603757,-0.006295720003737881,4.3926603485653075,1.257072272430896
2004.02.17.02.12.39,2004-02-17 02:12:39,670,-0.0021922851562500003,0.1062959236188349,0.10631852845194717,0.491,0.7746946322817014,-0.06889835567028421,4.618197854590487,1.3051990060841323,-0.0016369140625000003,0.0923020337491379,0.09231654738926819,0.496,0.20152820917914793,0.10328372365438551,5.372817918639579,1.2598658536068639,-0.0007956054687499999,0.09781377155835135,0.09781700718449347,0.652,1.0981121868621662,0.042093325129897184,6.66550755095438,1.2849673110055062,-0.0029340820312499997,0.05893717814182654,0.059010166960342524,0.261,0.18407062988504252,-0.014256735302563219,4.422966641924665,1.2611878571346136
2004.02.17.02.22.39,2004-02-17 02:22:39,671,-0.001649755859375,0.10489966343887301,0.10491263548297876,0.486,0.7594868721250325,-0.05970775277350098,4.6324258061256085,1.29913105987026,-0.0015895019531249998,0.09453680250813905,0.09455016417183988,0.547,0.16068130575116024,0.1474909207068666,5.785288738429441,1.258416650304423,-0.0014788085937499995,0.09968138862608356,0.09969235734639466,0.964,1.6351820967046367,0.10626516941494654,9.669748270175324,1.2895085241696307,-0.003075439453125,0.05709511853777026,0.05717788810958197,0.239,0.046184540528332096,-0.00705664274314814,4.179937523085046,1.2529256950554386
2004.02.17.02.32.39,2004-02-17 02:32:39,672,-0.0022290039062499998,0.10293961366314318,0.1029637437136551,0.483,0.7345061687411092,-0.0024288136598552045,4.690971623402076,1.2998421172624912,-0.002407470703125,0.09463844301001824,0.09466905941513772,0.415,0.19321790555963148,0.12951186145494964,4.383692016841152,1.2592412923649603,-0.0020517578125000004,0.10090494277972138,0.10092580040554547,0.828,1.5576539661030964,-0.010025611212621745,8.20404690052381,1.290139198079529,-0.003502978515625,0.05729141592581471,0.057398407619598864,0.352,0.17513048375053364,-0.002026438104443288,6.132574309950169,1.2608661573760094
2004.02.17.02.42.39,2004-02-17 02:42:39,673,-0.0017624511718750003,0.10198831440725148,0.10200354165305059,0.552,0.9054039207769442,-0.017908272732924835,5.411576804632367,1.3019843160104658,-0.001567578125,0.09308394608703759,0.09309714453361338,0.481,0.14327116160487385,0.1024810822748808,5.1666461136875315,1.2549956294024889,-0.00248662109375,0.10150980900834716,0.10154026102672278,0.786,1.3835984825528094,0.019639438111170356,7.740771907146714,1.285294338662261,-0.0024143554687499997,0.057967280043480285,0.058017537589669814,0.251,0.09415168879150126,0.025038386282813022,4.326278060527189,1.2563591673854322
2004.02.17.02.52.39,2004-02-17 02:52:39,674,-0.002257421875,0.1048669769520988,0.10489127136513195,0.461,0.7653851180387239,-0.032580534143837284,4.395027288736307,1.3045956186356915,-0.0014263671875000001,0.09375639742800314,0.09376724685107936,0.457,0.15193152206191973,0.11324314456576362,4.8737700566788,1.2554823862788627,-0.0020474609374999996,0.09755819523954362,0.09757967798003589,0.779,1.410190777908979,-0.020587759797944864,7.983219622423615,1.2910483431451198,-0.0031562988281249997,0.058422810941056676,0.05850800851632941,0.256,0.07794237312197971,-0.013490313109568684,4.375469384307469,1.2561012962195972
2004.02.17.03.02.39,2004-02-17 03:02:39,675,-0.00238818359375,0.1028109009042696,0.10283863459626931,0.496,0.8056773825533732,-0.021341679489168146,4.823090095927756,1.3032869909441576,-0.001550341796875,0.0928995152120881,0.09291245065290295,0.483,0.12186846538659646,0.11389695538091582,5.198442152864571,1.2537825631612964,-0.0018798828125,0.09873515723887955,0.09875305177246423,0.637,1.2571750681576859,0.04974500989024388,6.450433567032484,1.2910082244972905,-0.003309619140625,0.05745347799772119,0.05754872468517982,0.291,0.09144880766227015,-0.007583908322359518,5.056584687009398,1.257765409737596
2004.02.17.03.12.39,2004-02-17 03:12:39,676,-0.0020735351562500004,0.10411814607733272,0.104138791478608,0.537,0.767350526474162,-0.04532367045880202,5.156579910093441,1.2987163924922371,-0.001978515625,0.09331836901410612,0.09333934068511117,0.493,0.1639904465927402,0.10617273167565221,5.281802896628344,1.2615072553761355,-0.0019827636718749994,0.09863994681266747,0.0986598725875134,0.869,1.9111243695235487,0.026966434273368603,8.808038944396351,1.2974451774875857,-0.00327958984375,0.057356788822688826,0.05745047374559891,0.281,0.16740880367169142,0.0038669003294429438,4.891169413925442,1.2588004792078915
2004.02.17.03.22.39,2004-02-17 03:22:39,677,-0.0024020019531250003,0.10524364665863592,0.10527105383433104,0.53,0.8042036898939053,-0.02149548155331198,5.034622345797741,1.2990654967544317,-0.0014488769531250001,0.09470183175216479,0.09471291454516974,0.439,0.1285890586290548,0.11059512679648835,4.635059559809402,1.2581625260571718,-0.0010369628906250002,0.10001786339939027,0.10002323875487949,0.654,1.0988183518384487,0.016583844608610218,6.538480538534807,1.287098969680362,-0.0025067382812500004,0.05770502132263332,0.05775944271421124,0.276,0.055319705121973595,0.015214469279029816,4.778439455616362,1.254630580001067
2004.02.17.03.32.39,2004-02-17 03:32:39,678,-0.00197587890625,0.10529723231413343,0.10531576914436293,0.508,0.8374606137177665,-0.00541197871346703,4.8235891370042845,1.300892618216366,-0.0016085937500000002,0.09471342376343075,0.09472708279496286,0.488,0.16452330315673835,0.13091349618323914,5.151641807193386,1.256532414239439,-0.0025031738281250005,0.0983009975673661,0.09833286328564386,0.74,1.3097996294809118,0.03758517883943411,7.525459701609609,1.2949475072355578,-0.00324033203125,0.05814757419743325,0.05823778959334523,0.251,0.07341598061522969,0.006586144080466663,4.309916323278202,1.2565290408568284
2004.02.17.03.42.39,2004-02-17 03:42:39,679,-0.001993505859375,0.10319522564778864,0.10321447893638458,0.452,0.7876753191941388,0.004344139839311855,4.379230556195382,1.3043944597825032,-0.00109658203125,0.09362832963057303,0.09363475103594017,0.444,0.035177571885460335,0.09644053855062673,4.741829236343864,1.2533805811184076,-0.0019068847656249998,0.09796678761722007,0.09798534423854863,1.045,1.8906217716180853,0.15026095842733334,10.664860220890914,1.2915569687826676,-0.00269453125,0.05790187811827889,0.05796454078383827,0.283,0.18297062991732904,-0.015847256465402828,4.882295213126338,1.2591924918727897
2004.02.17.03.52.39,2004-02-17 03:52:39,680,-0.0016300292968749997,0.10399037377794015,0.10400314819265989,0.488,0.7657113842738932,-0.029368027861976304,4.69216565537043,1.2992217879164627,0.0001821777343749999,0.09382601899563879,0.0938261958586027,0.447,0.09678011343574422,0.0855120941721657,4.764127927275607,1.256484433347076,-0.00151171875,0.10032834551337996,0.10033973393940833,0.82,1.5834312297968918,0.01595906542704778,8.172236140223069,1.2930101461408878,-0.00264326171875,0.057465685952726955,0.05752644517551254,0.266,0.086324741232219,0.014938738236392973,4.6239603227426445,1.2574515834669224
2004.02.17.04.02.39,2004-02-17 04:02:39,681,-0.00172705078125,0.10478630929616467,0.10480054064895132,0.5,0.8513716239181846,-0.04638696069503721,4.770967753638237,1.304795222506373,-0.001507861328125,0.09303912114373997,0.09305133910366027,0.557,0.1842019842295004,0.08663543318625733,5.985942871595815,1.2583730186778885,-0.000814306640625,0.0969157844612626,0.09691920538802862,0.759,1.5142759316713805,-0.012041040568205184,7.831265196214156,1.2901520153310038,-0.0028108886718749997,0.056686382195009585,0.05675603070585869,0.227,0.06930727829786854,0.02579881973616468,3.9995749733881185,1.2565589364057717
2004.02.17.04.12.39,2004-02-17 04:12:39,682,-0.0028621582031250004,0.10485010316830719,0.10488916094613579,0.525,0.8011197732616533,-0.005933738228531214,5.0052836276343715,1.3054025787899877,-0.001599267578125,0.09404349272998204,0.09405709001261216,0.376,0.1337474970278767,0.08856505997675071,3.99757211231585,1.2591220043692015,-0.00189208984375,0.09778054577850304,0.09779885038546593,0.776,1.4728456639479672,-0.0040478364478419675,7.934653597066442,1.2939748998272103,-0.0031346191406250003,0.057365716950131485,0.0574512951843505,0.242,0.07189803831273389,0.005591908724005746,4.2122636090877865,1.2561615149231562
2004.02.17.04.22.39,2004-02-17 04:22:39,683,-0.0014580078124999999,0.1044703204074305,0.10448049403028538,0.532,0.8875430047913375,-0.011294745799652244,5.091859537396436,1.3040164042539124,-0.00119658203125,0.09318201604020751,0.09318969858238088,0.457,0.2563775975191547,0.10673172015378138,4.903975513945956,1.2609077008950513,-0.0013639160156250002,0.09850138074409387,0.0985108231383264,0.793,1.9074729911472401,0.025842547343307737,8.049876904251319,1.296450753144364,-0.00270908203125,0.05842127896139777,0.05848405732280807,0.33,0.22194057343653695,0.015622817997388645,5.642563377204406,1.2612232950723292
2004.02.17.04.32.39,2004-02-17 04:32:39,684,-0.00209873046875,0.10530391525817447,0.10532482726442635,0.537,0.8239941692202506,-0.053580327548383315,5.098512990216626,1.3026654546448233,0.0024021972656250003,0.09404026058240374,0.09407093686207964,0.41,0.15891128436538438,0.07862530133851454,4.358413062273568,1.2603058158547158,-0.00131884765625,0.09851017107345872,0.09851899900051005,0.776,1.669063712295337,0.027099403280466495,7.8766533143113096,1.2973044687383515,-0.002841064453125,0.05800073311800735,0.05807027371601692,0.251,0.10974515854348033,-0.015278857794062801,4.322349180365053,1.2601967794686235
2004.02.17.04.42.39,2004-02-17 04:42:39,685,-0.00174560546875,0.10709339131389001,0.10710761691664371,0.562,0.9259360914985315,-0.03482180885041304,5.247059137142183,1.308913716522003,-0.0020310058593749998,0.09234628891160737,0.09236862054045666,0.437,0.12942768003873528,0.13588959690568075,4.731043913431594,1.2589665894456519,-0.0018362792968749995,0.09736686073083718,0.09738417474227717,0.652,1.2648076245669255,-0.014638011950838085,6.695132979516319,1.2927937987225455,-0.002583544921875,0.05769097830057381,0.05774879809693553,0.349,0.2517246940611768,-0.040737891677958965,6.043415819913312,1.2644320671414655
2004.02.17.04.52.39,2004-02-17 04:52:39,686,-0.0014053222656250004,0.10711509271296862,0.10712431104832426,0.518,1.0499797079690092,0.0012977414078426642,4.835503677277587,1.3147576734560857,0.00043007812499999974,0.09467181642799058,0.09467279330921186,0.52,0.21805827652234155,0.12174027606191835,5.492602275942385,1.2609264143550594,-0.000841748046875,0.0991158211449676,0.09911939538261735,0.896,1.2870909979418679,-0.005055006122464533,9.039603162845081,1.2894374319530628,-0.003244921875,0.058205610883102554,0.05829599176830256,0.291,0.06585169408518698,-0.005575252695498176,4.991766863776494,1.2583256690171778
2004.02.17.05.02.39,2004-02-17 05:02:39,687,-0.002170458984375,0.10518518220292615,0.10520757314597474,0.547,0.8787991225503626,-0.030382896102156793,5.199245488165015,1.30471286402664,0.000721142578125,0.09213859254723365,0.09214141459302178,0.383,0.06330583286909341,0.13405088965133058,4.1566542221179015,1.2542354415415975,-0.00197099609375,0.097876307255917,0.09789615083166575,0.691,1.087755948577227,0.007537975455894403,7.058500197706315,1.2880873862402633,-0.0029316406250000002,0.057321100898760226,0.05739602011463861,0.249,0.1107345934305286,0.0033719144708589913,4.338279892972817,1.2580434305557562
2004.02.17.05.12.39,2004-02-17 05:12:39,688,-0.0021233886718749996,0.10514338916451799,0.1051648280769437,0.51,0.8321046946773336,-0.030513435585693575,4.84953010741252,1.305984249557385,-0.019135302734375,0.09461789058397305,0.09653343995371177,0.449,0.253346512590646,0.12208224863852592,4.65123795666349,1.2605450682025368,-0.002114111328125,0.0996920777558411,0.09971449159467433,0.608,1.0574691011906276,0.0008178330767353056,6.097408614100308,1.2914971758416587,-0.002688720703125,0.0583926635291409,0.05845453252782777,0.247,0.06455738647077336,0.028231168937248682,4.225506377669064,1.256307069778723
2004.02.17.05.22.39,2004-02-17 05:22:39,689,-0.0025304199218750003,0.10571934420289815,0.10574962299541249,0.491,0.8605328986184082,-0.033524473077430374,4.6430425574311505,1.3065629897206785,-0.002363427734375,0.09406618348460839,0.09409586954811368,0.576,0.2824228917075726,0.13976355740222074,6.12141641037151,1.26394553551741,-0.00223193359375,0.0993429946287512,0.09936806383026188,0.72,1.4907314936539535,-0.023282177071893905,7.245788759956987,1.2940656204494465,-0.003478564453125,0.05825380662093963,0.058357573600042484,0.247,0.09689483923301045,-0.0003443847801472639,4.232526898613553,1.2570250827250162
2004.02.17.05.32.39,2004-02-17 05:32:39,690,-0.0016843261718750002,0.10542583760539853,0.10543929148781836,0.583,0.9539876786626973,-0.08485689422111357,5.529248079852237,1.3086467476621222,-0.005479150390625,0.09423895075143446,0.0943980981150276,0.439,0.1782747220930374,0.12112868076346013,4.650517423190689,1.2591569395252127,-0.0026082031250000003,0.09933659493290975,0.09937082980636848,0.693,1.2099292716341141,-0.0001495352109209687,6.973877558941215,1.285617557220611,-0.0032491699218750005,0.05798217141035172,0.05807313756497598,0.269,0.08432071896037119,0.00575731533750117,4.632090003730648,1.2588529776071526
2004.02.17.05.42.39,2004-02-17 05:42:39,691,-0.002120556640625,0.10667180733337313,0.10669288280028043,0.483,0.948502823909875,-0.02196034307258443,4.527012367864621,1.3083555665295343,-0.00215107421875,0.09393383397297099,0.09395846042350976,0.486,0.2325604569294515,0.1419026097037555,5.172498546798195,1.2570317751152205,-0.0017428222656249999,0.09787455810007428,0.0978900738212735,0.769,1.5934724329496355,-0.035228841041570536,7.8557505371181025,1.2933578345809247,-0.00264287109375,0.05878598547145885,0.05884536392502599,0.308,0.11714541864841044,-0.04012562092904619,5.234057187451814,1.2572483977955902
2004.02.17.05.52.39,2004-02-17 05:52:39,692,-0.0018029296875,0.10713080010557506,0.10714596999756337,0.557,0.9324927361688928,-0.02371001055416823,5.198515632577379,1.3083409644348305,-0.0012326660156250003,0.09308091667020581,0.0930890783801831,0.427,0.15967203485619486,0.180255679526463,4.58700426978231,1.2557192281948655,-0.00238017578125,0.10148394364596723,0.10151185179419939,0.798,1.4769727731669375,-0.022633281637356905,7.861151046853423,1.2936354513152533,-0.003202734375,0.057498591290010684,0.05758772011299371,0.332,0.1652199660388427,0.014933907845646096,5.765117968701973,1.2588205304631532
2004.02.17.06.02.39,2004-02-17 06:02:39,693,-0.0015596191406249999,0.10823434391804927,0.1082455801187022,0.505,1.0423942932084937,-0.05917398920834293,4.665317507155642,1.3147420983801812,-0.0006531250000000001,0.09471524392430516,0.09471749576454316,0.508,0.23789366858935068,0.11987518801052856,5.363317472653941,1.2603169501944218,-0.0020576171875,0.09913555863032802,0.09915690986228595,0.618,1.007160265584612,0.05594179337948569,6.232545980490005,1.28629853008257,-0.0032918945312500002,0.058550014116577086,0.05864248223477797,0.273,0.02072932576136388,-0.03052135956251038,4.655328178419043,1.2549666207259516
2004.02.17.06.12.39,2004-02-17 06:12:39,694,-0.002083837890625,0.10663266500748596,0.1066530244622867,0.544,1.1178083967298198,-0.0232007848134643,5.100652351329826,1.3154645723988307,-0.0021286132812500004,0.09422122230188583,0.09424526368238619,0.498,0.1279009545706522,0.10822599229977148,5.284085168229764,1.2532826431365256,-0.0017577148437499998,0.09813212697571606,0.09814786755834282,0.708,1.032960033600883,0.09673238955759723,7.213605528200986,1.284254127743074,-0.0032073242187499996,0.05792218298970888,0.05801091458456331,0.261,0.059802447686596594,0.04041253230330442,4.499153338110826,1.2553927549239372
2004.02.17.06.22.39,2004-02-17 06:22:39,695,-0.002018603515625,0.10573303274973286,0.10575230009134258,0.491,0.9838773110024168,-0.017609419268415204,4.642925019842625,1.3103303923117386,-0.0146501953125,0.09284017001239604,0.09398896419593633,0.454,0.1507932743554874,0.09506739036944051,4.830354328126844,1.254973873416544,-0.0016595214843750001,0.0976455121204811,0.09765961319208738,0.913,2.0329902820496004,0.13978640272737064,9.348798035931331,1.2958052200842567,-0.003238525390625,0.05763848634021501,0.05772939592873699,0.232,0.09391826093703948,-0.02001381268864156,4.018749828707513,1.2573344938808488
2004.02.17.06.32.39,2004-02-17 06:32:39,696,-0.0013639648437499996,0.10727136319458126,0.10728003431076423,0.554,1.068532133388807,-0.053502390095079705,5.164055022532865,1.3153816373514207,-0.0075931640625,0.09530454122585114,0.09560654642204162,0.54,0.2923440464426479,0.1332446280620912,5.648148795337153,1.2615520076513185,-0.0016721191406249998,0.09905665185814218,0.0990707639001821,0.671,1.1015400905327297,-0.0342384191986189,6.772936571641462,1.288245074197901,-0.0032485839843749997,0.05844245695008114,0.05853267525293565,0.239,0.07509792280224081,-0.012493484560722565,4.083189414582809,1.2586020076541136
2004.02.17.06.42.39,2004-02-17 06:42:39,697,-0.0016236328125,0.10925792237474784,0.1092699857470305,0.53,1.1376804821538267,-0.053414763432014706,4.850371274203293,1.319855495049433,-0.00219697265625,0.09342591833853006,0.09345174640556483,0.547,0.12263595284943918,0.10849356127640712,5.853288151792394,1.2554291963394808,-0.0010166992187500001,0.09825010294624933,0.09825536324420159,0.696,1.460441523101533,0.05342204524895753,7.08358278896367,1.2904989426261904,-0.00272021484375,0.05695425488893558,0.057019178516969186,0.264,0.10796954453942043,-0.02306079577053341,4.630021106344636,1.2573760242866314
2004.02.17.06.52.39,2004-02-17 06:52:39,698,-0.0024064453125000004,0.10647368979524564,0.10650088073652841,0.505,0.9490147794299428,-0.0430458749481006,4.741744824151408,1.3078672364817912,-0.0020803710937499996,0.09321393082507727,0.09323714304798277,0.417,0.053816332994019334,0.1213796010757107,4.472466512464873,1.2540301687691024,-0.00219052734375,0.09795730459516551,0.09798179388842475,0.771,1.447269479973209,0.05621727292057205,7.868808779700077,1.2951620794929883,-0.002967626953125,0.056638879514772894,0.0567165714974193,0.234,0.08960656483006613,0.01700923220162155,4.125778301155728,1.2557694902750314
2004.02.17.07.02.39,2004-02-17 07:02:39,699,-0.002151513671875,0.10976950924023306,0.10979059235618448,0.576,1.0141714282015117,-0.021491288111960372,5.2463511457459955,1.3104121622971863,-0.008323681640625,0.09495891260809144,0.09532302324079753,0.435,0.10793542966298997,0.1375379118155509,4.56343058802423,1.2538757091429262,-0.0019274902343750003,0.09935280395863652,0.09937149929958225,0.754,1.1473558767572856,-0.025813396973898332,7.587688676477177,1.2861291379657465,-0.002944482421875,0.05864556620390534,0.058719438111322006,0.276,0.11852699479235174,-0.0205170922406509,4.700317456661477,1.2588589343328298
2004.02.17.07.12.39,2004-02-17 07:12:39,700,-0.0017068359374999998,0.11275490562424527,0.11276782356350593,0.552,1.0775865528894446,0.010692169773799942,4.895013334092927,1.3157404636430559,-0.001077978515625,0.09416462180367544,0.09417079184709756,0.53,0.21563655465569198,0.1518466601288822,5.628072033848308,1.2585118538431097,-0.0011691894531250001,0.09965311141737285,0.09965996999367713,0.879,1.7593115844865608,0.14184770424102047,8.819990614644652,1.294474944946473,-0.0025802734375,0.05883962579748219,0.05889617453621245,0.239,0.12127321837838467,-0.031032331991699216,4.057988517625203,1.259595463784227
2004.02.17.07.22.39,2004-02-17 07:22:39,701,-0.0020744140625,0.12027081919912475,0.12028870746886945,0.588,1.345963647530156,-0.008205888018520823,4.888239406447804,1.336506389244663,-0.001137255859375,0.09476227482067134,0.094769098761559,0.483,0.2199885291462662,0.08288179373704578,5.0965980083364295,1.2595036166161222,-0.0016244140625,0.09899250805009085,0.09900583503558641,0.781,1.436536953086068,0.06374040568436617,7.888423947126746,1.2965358826572264,-0.002968017578125,0.059948210905718995,0.06002163875753998,0.239,0.10504491083489942,-0.06977962313482515,3.981897278170809,1.2586335129144846
2004.02.17.07.32.39,2004-02-17 07:32:39,702,-0.001913916015625,0.16688531206930557,0.16689628653443545,0.808,2.3890722982950097,-0.1349700516951401,4.841330006664268,1.432784921554064,-0.0013569824218750003,0.09742542498080825,0.09743487483434447,0.403,0.08282028526338658,0.0919607246162986,4.136096040408193,1.2573834240647757,-0.0019180175781250003,0.10433890547105681,0.10435653303137339,0.769,1.308116674732286,-0.011949513956549706,7.368968455178656,1.2884648822642115,-0.0030293457031249998,0.06417826102083035,0.06424971691024697,0.286,0.16506474016485528,-0.0202353572794912,4.451381480785743,1.2635813238372176
2004.02.17.07.42.39,2004-02-17 07:42:39,703,-0.001823388671875,0.17175226188535522,0.1717619405135619,0.881,2.385087713657378,-0.09728691498686172,5.129192167751729,1.4338015990554107,-0.0007022460937500001,0.09827418503439148,0.0982766940517944,0.427,0.12651190512192967,0.1197385496196041,4.344875497897394,1.2574764175884605,-0.001108642578125,0.10413060770235663,0.10413650920223956,0.662,0.8057911150388679,-0.010102161286011192,6.357040437320162,1.2786916326337463,-0.0032078124999999997,0.06450723582762707,0.06458694554750402,0.291,0.12756494537915497,-0.026236352660475585,4.5055544511850005,1.2595418718508917
2004.02.17.07.52.39,2004-02-17 07:52:39,704,-0.00241044921875,0.17373771535987825,0.1737544359258383,0.903,2.626807408932346,-0.04025486919192272,5.196989620371002,1.4442923609831722,-0.001007763671875,0.09768754142812826,0.09769273943282901,0.427,0.19401519724242489,0.14301149039585034,4.370846825250449,1.2630908685394702,-0.0026466796874999995,0.10056209975405385,0.1005969225190935,0.61,0.9460279332056922,0.06558753029897907,6.063803789665839,1.2859929298030865,-0.00290234375,0.06472680217875812,0.06479183991469335,0.273,0.23401885373743747,-0.04159409078908011,4.213493556587358,1.2657553317380303
2004.02.17.08.02.39,2004-02-17 08:02:39,705,-0.0020238281250000005,0.17176726202426995,0.17177918437224501,0.974,2.6189030455499056,-0.1417596614112363,5.67007000038692,1.4503197413460283,-0.0008425292968749999,0.09799808451297419,0.09800170622916789,0.417,0.11839935394487533,0.09636279947220679,4.255027958644763,1.257056158044551,-0.0019880371093749997,0.10263617004648568,0.10265542213326764,0.786,1.3983812845764865,-0.03509782008220473,7.6566827515414815,1.2938323046446525,-0.00309931640625,0.06478178967094224,0.06485588666540802,0.295,0.1913506183365823,-0.010522814403034868,4.548546248730005,1.2632325081767168
2004.02.17.08.12.39,2004-02-17 08:12:39,706,-0.001405224609375,0.16911142314905972,0.16911726137713776,0.847,2.507133901376002,-0.11684147793998612,5.008359247913544,1.4409191509399848,-0.0008480468749999997,0.09690872828222984,0.09691243883414166,0.464,0.16798266293191633,0.13171030457349095,4.787827089916714,1.2610500967807494,-0.0014480468750000001,0.10071075604375161,0.10072116571335069,0.588,0.908697025329047,-0.03246981826746418,5.8378990735018865,1.2877355382371112,-0.002912890625,0.06460421366811563,0.06466984889010295,0.364,0.16938117526406682,-0.002366401964127223,5.628588998538798,1.2597551189325953
2004.02.17.08.22.39,2004-02-17 08:22:39,707,-0.002005810546875,0.1736802226553967,0.1736918046931925,0.867,2.5064066518245687,-0.015041003205504586,4.991599929147263,1.434894478749348,-0.0012829589843749995,0.09787232576683788,0.09788073423695608,0.454,0.30366020389832293,0.1462198901751592,4.638297858503259,1.2648140332153617,-0.00247607421875,0.10141123453571105,0.10144145815983596,0.779,0.8832941250629776,0.042654233344893884,7.679306016802033,1.2823491677088559,-0.003274267578125,0.06299948088475582,0.06308451014252132,0.269,0.18891084132376745,-0.01980237879573056,4.264121246123206,1.2625397046634272
2004.02.17.08.32.39,2004-02-17 08:32:39,708,-0.001855419921875,0.16858932554701642,0.16859953520542212,0.869,2.467265336797422,-0.12751043045232785,5.154225359762754,1.4367602438709661,-0.001124951171875,0.09798977178018517,0.09799622895128096,0.481,0.22377883575436286,0.13720795754325768,4.9083521391331315,1.2582878121387429,-0.0015805175781250004,0.10268932620354641,0.10270148855763059,0.762,1.4922883584596836,-0.028729483717691438,7.41956139781174,1.29222596722831,-0.002697216796875,0.06498826796216783,0.06504421535518647,0.295,0.1709746744101719,0.0006576894962852614,4.535376411093526,1.2613453194011344
2004.02.17.08.42.39,2004-02-17 08:42:39,709,-0.0024760253906250004,0.16684723438082694,0.16686560557006835,0.842,2.686524509219736,-0.07891080344932823,5.045976953269958,1.4489940728816024,-0.0012660644531249997,0.09839296542565255,0.09840111058546608,0.586,0.20711845672343232,0.13356617957907846,5.955217339656252,1.2591226397810873,-0.0007747070312500001,0.10379064398217444,0.1037935351995429,0.684,1.0112836032134114,0.015105275299667742,6.590005809947712,1.282460800168107,-0.003072265625,0.06400633172066411,0.06408002275597481,0.33,0.32459349403565385,0.006257296875403082,5.1498109052907735,1.2700927204899009
2004.02.17.08.52.39,2004-02-17 08:52:39,710,-0.0023744628906250003,0.17250703099972597,0.17252337180324112,0.776,2.221581229484708,-0.09168321062484434,4.4979413043527225,1.4257295663349285,-0.003162158203125,0.09757337195004351,0.09762459812057167,0.532,0.26420534115793304,0.15639476989253667,5.4494462486078685,1.2596174747376203,-0.0016398925781249997,0.10142576401411939,0.10143902036945954,0.781,1.344650235981491,-0.04623943007253677,7.699206845210597,1.2892360710405513,-0.00273330078125,0.06441252444300308,0.06447049122103267,0.3,0.20629129180811434,-0.0077462333980762785,4.6532916737282255,1.2640982324689507
2004.02.17.09.02.39,2004-02-17 09:02:39,711,-0.00190517578125,0.1698140825991547,0.16982476952361808,0.999,2.547557372864662,-0.01810916432448964,5.8825341132647075,1.4436769726564394,-0.028682080078124998,0.09812869743814828,0.10223454884976813,0.449,0.07494934763339733,0.1348929854497279,4.39186170479216,1.2489857915958051,-0.00164794921875,0.10306841338446601,0.10308158697953165,0.842,1.4909241259206212,0.003325921442812372,8.168287127430347,1.284613620777645,-0.0030244628906250003,0.06412528963449293,0.06419657425816719,0.283,0.17207377585677008,-0.021415179676892947,4.408334919273302,1.2601401861220376
2004.02.17.09.12.39,2004-02-17 09:12:39,712,-0.0023712402343749996,0.16882029445348168,0.1688369467847881,0.857,2.248777066522476,-0.03884108424155056,5.075903209102654,1.430967839317719,-0.000944921875,0.0968231488938087,0.0968277596511584,0.576,0.18667441735331058,0.09482868699017545,5.948707292982472,1.2561523965041934,-0.001398486328125,0.10040378803613773,0.10041352705694401,0.791,1.2362986124417352,-0.007114122977604735,7.8774247174031435,1.2889044956125273,-0.0030608398437499997,0.06415074341381137,0.06422372319551203,0.278,0.2628098304006219,-0.03764597803512764,4.328618556630593,1.268098164951916
2004.02.17.09.22.39,2004-02-17 09:22:39,713,-0.001768310546875,0.16848419830881156,0.16849347762436717,0.793,2.295431090130667,-0.05479712710379405,4.706413632033184,1.424721969599723,-0.00092978515625,0.09766643322682934,0.09767085890728873,0.444,0.17471776560651664,0.14219340726981805,4.545879958130135,1.257948536483398,-0.00153349609375,0.10256147094949548,0.10257293470303826,1.169,2.0112086962200433,0.137042555979744,11.396768586025196,1.2858881222673024,-0.0026775390625,0.06522279667757115,0.06527773297132032,0.332,0.21924284409324546,0.0006189505853743746,5.085960937795798,1.2630381316925752
2004.02.17.09.32.39,2004-02-17 09:32:39,714,-0.0016747070312500005,0.16950124228928082,0.16950951531182548,0.767,2.236064581689713,-0.10021382374817149,4.524819734096024,1.425927638688909,-0.0017140624999999999,0.09784337710275078,0.09785838979425832,0.588,0.19455922888383714,0.12753382082037823,6.008682558912286,1.2587363162714926,-0.0012795410156250001,0.10131487712830582,0.1013229566916322,0.781,0.8915626127387712,0.09338345499440716,7.708026152226362,1.277442468783879,-0.0024851562500000004,0.06465604967929789,0.06470379248327528,0.281,0.25290657935585514,0.005905324688322644,4.342867538601131,1.2680316679847865
2004.02.17.09.42.39,2004-02-17 09:42:39,715,-0.002147900390625,0.1699224554601748,0.16993603015753642,0.896,2.384176895930011,-0.10499995365973233,5.27257226833755,1.434427555541868,-0.0009833984375,0.09774003065057645,0.09774497769227071,0.439,0.11885216102677809,0.07061605550049485,4.49127935127366,1.2574180895911853,-0.0009451660156250003,0.1002914345632257,0.10029588817866301,0.664,1.2886323661846353,0.04564068983214113,6.620410986512004,1.2945899123870612,-0.002815478515625,0.06355337926715565,0.06361571296108277,0.251,0.09242262529920486,-0.004020486636501228,3.9455660923512794,1.2590317204752741
2004.02.17.09.52.39,2004-02-17 09:52:39,716,-0.002344287109375,0.16507878585285252,0.16509543064755947,0.854,2.7590090372117437,-0.08651695112745453,5.172765815809235,1.4515123929551066,-0.0020035156249999997,0.09731154808132554,0.09733217075994838,0.493,0.15941665484016676,0.11999955453255769,5.065128992302991,1.2576866167913459,-0.0018885742187499995,0.10269778072736782,0.10271514435031598,0.857,1.5468127545572683,0.030185983333384105,8.343462937433564,1.2896697706449993,-0.0031025390625,0.06482062263318027,0.06489482927928465,0.278,0.15212147057543568,0.02354222853291645,4.283854400842712,1.2621808128957828
2004.02.17.10.02.39,2004-02-17 10:02:39,717,-0.00193876953125,0.16551565040253277,0.1655270049130013,0.869,2.5098751429398405,-0.10884377951468964,5.249898652227378,1.4351193736509287,-0.00158125,0.09763961328288458,0.09765241642475495,0.471,0.12735086644125415,0.12655320632488695,4.823229339777005,1.2571560055939233,-0.0022256347656250002,0.1001387665955631,0.1001634964714722,0.627,1.0085530001418537,-0.026228191782956635,6.2597655042780715,1.2848720937827078,-0.0032218750000000003,0.06408707066915388,0.06416800686844457,0.298,0.18180564767443164,-0.02309739654688026,4.644058847128464,1.2606850425316376
2004.02.17.10.12.39,2004-02-17 10:12:39,718,-0.001725341796875,0.16502786371733058,0.16503688256696403,0.854,2.373606332702642,-0.12873370487884989,5.174600893551705,1.4300654305765665,-0.0012713378906249995,0.09721289338056442,0.09722120622298987,0.413,0.01809185666048041,0.07011218566927264,4.248044393244094,1.2540697494725603,-0.0011759277343750003,0.1013304139420473,0.10133723696501264,0.779,1.2357384491314063,0.019913201572124586,7.6872038682972486,1.2877538577600849,-0.002740576171875,0.06465386908119286,0.0647119273775853,0.276,0.16944067174166566,0.010850062381637368,4.26505609065818,1.2631350797433765
2004.02.17.10.22.39,2004-02-17 10:22:39,719,-0.002041162109375,0.16808903226734154,0.16810142507227036,0.759,2.370612072790797,-0.09561982633912819,4.5151312647926085,1.427826694747255,-0.0016240234374999998,0.09722583573213424,0.09723939832155226,0.469,0.1680646426752439,0.12241995884706129,4.82314790193483,1.255314069250876,-0.00249091796875,0.10198467167844616,0.1020150867748859,0.645,1.1118913948636209,-0.02112299677588359,6.322594239647173,1.2880772186722262,-0.0029173828125,0.06384079403480254,0.06390741823504335,0.295,0.26469859518395245,0.024714924917643103,4.616052535795258,1.2616337757071379
2004.02.17.10.32.39,2004-02-17 10:32:39,720,-0.00277158203125,0.16407562826353983,0.16409903551523772,0.845,2.5158891668515384,-0.11029405038528896,5.149329472576552,1.43476649138182,-0.0007089355468749999,0.09705814843674127,0.09706073751820622,0.569,0.2903953508603321,0.11160990510653031,5.862308638374703,1.2621610254564284,-0.001194921875,0.10096198374493563,0.1009690546652785,0.759,1.3062558730376868,-0.011096325849116486,7.517154662051192,1.287732649529397,-0.0029179687500000004,0.06509341101519242,0.06515878067627379,0.298,0.23998885403520154,0.007848027353751853,4.57344347004502,1.2641930360770677
2004.02.17.10.42.39,2004-02-17 10:42:39,721,-0.0021638671875,0.16515006168363172,0.16516423703487537,0.818,2.34215083104434,-0.09967779281608889,4.952646012751989,1.4263958067383853,-0.000984228515625,0.09647371573352068,0.09647873617125757,0.52,0.1425166360984207,0.13317786098263926,5.389788679206554,1.258814617110912,-0.0011509277343750002,0.09979271496984823,0.09979935167977358,0.825,1.1775600011491933,0.028644259106666983,8.266586767489025,1.283601814975462,-0.0030445800781250002,0.06329143139483621,0.06336461753896551,0.276,0.15827653478292936,0.02762926554363468,4.355743168974014,1.2588846242701466
2004.02.17.10.52.39,2004-02-17 10:52:39,722,-0.00212587890625,0.16411413167975805,0.16412790006005987,0.825,2.578314431277737,-0.09651947641963424,5.026567693232564,1.4408984336602182,-0.0012236328125000001,0.09744517483046646,0.09745285719259339,0.435,0.13224657462234735,0.0950441286752149,4.463696730207936,1.2606491462147784,-0.0020065429687499995,0.09924149717672068,0.09926178003926033,0.686,1.1257452308590912,-0.02315747771578877,6.911018518191707,1.2857922443186238,-0.0031830078124999994,0.06434280903525129,0.0644214918585502,0.305,0.2500726684863155,0.0010100537890009751,4.734444844426861,1.2655097744014248
2004.02.17.11.02.39,2004-02-17 11:02:39,723,-0.002123583984375,0.1638229823359712,0.1638367454217479,0.801,2.531885326050883,-0.12135667396202172,4.889013132786965,1.4260763527132139,-0.0015458984375000002,0.09782735731198067,0.09783957093438728,0.649,0.1879986299455556,0.0758239894689022,6.633307912145582,1.258838969947662,-0.0011910644531249997,0.101186247136699,0.10119325691043167,0.779,1.3290717047203273,0.027917133134543103,7.698141395819582,1.2895938336126078,-0.0032487792968749997,0.06382522961206893,0.06390785946934167,0.3,0.16353303814105047,0.010483361022869541,4.694258303924545,1.2647085454885667
2004.02.17.11.12.39,2004-02-17 11:12:39,724,-0.0022813476562499996,0.16319995447417052,0.16321589900343655,0.784,2.6241708680097338,-0.12754527339732652,4.8034536144269415,1.4367300322836565,-0.0018475585937500004,0.0975075733431712,0.09752507540131025,0.415,0.14029670467740152,0.13349754493938837,4.255315858944975,1.2570685911957549,-0.0024282226562500004,0.10214946264717535,0.10217831954174525,0.798,1.480991827460194,0.0040441620509092035,7.809875946080468,1.2887478070688838,-0.002967724609375,0.06552743777134343,0.06559460717341307,0.3,0.23258403212018353,-0.007536372943569934,4.573546712565672,1.2649279861391367
2004.02.17.11.22.39,2004-02-17 11:22:39,725,-0.002597265625,0.1684588753608301,0.16847889623499585,0.833,2.398438400002175,-0.1001154263128816,4.944239418794175,1.428455189542877,-0.001725390625,0.098611151296411,0.09862624464518813,0.461,0.173065168544404,0.10284386719364247,4.674212240955397,1.2601429486148439,-0.001448193359375,0.10299990353671205,0.10301008393637064,0.801,1.503680048397083,-0.06261524512813123,7.775937746976092,1.2900109632718635,-0.002416845703125,0.06481613658592597,0.06486118026275907,0.276,0.17693842398268522,0.00922677189361607,4.255241715952387,1.2618415197506878
2004.02.17.11.32.39,2004-02-17 11:32:39,726,-0.00213154296875,0.16695990080764117,0.16697350674021613,0.847,2.304491357206314,-0.10277178109530756,5.072661025906316,1.423383994562076,-0.0013357421875000001,0.09753219306174517,0.09754133939322855,0.515,0.1774179652384298,0.1356114803044009,5.279812674335206,1.25920404653785,-0.000758935546875,0.10109808116320786,0.10110092975856787,0.837,1.2185404486229112,0.02363066253950341,8.278855614867062,1.283417874871596,-0.0030568847656249998,0.06538361660816924,0.06545503697374538,0.269,0.17365406626446456,-0.016427960630799855,4.109691361230128,1.2635714468250032
2004.02.17.11.42.39,2004-02-17 11:42:39,727,-0.001575,0.1656306076291268,0.16563809588555933,0.852,2.6610620225085304,-0.06898382663531083,5.143744230123567,1.4381866899122295,-0.0015015136718750004,0.09825904259066337,0.09827051436794572,0.449,0.13568750850826472,0.13838208340425656,4.569020554007161,1.2535886301737067,-0.00279423828125,0.10222459115650742,0.10226277330821563,0.923,1.4365700998228341,-0.040942503930338825,9.025767345641189,1.2889509240604662,-0.002944384765625,0.06530811425699781,0.06537445364554204,0.293,0.1589669675545431,0.012178128361882408,4.481873020134678,1.2607015334803204
2004.02.17.11.52.39,2004-02-17 11:52:39,728,-0.0023106445312499994,0.16414240460117688,0.16415866735084764,0.842,2.4481806492189104,-0.059910718152897474,5.129183938856167,1.4263002942334688,-0.0015577636718750003,0.09758028036690206,0.09759271358119223,0.461,0.1419752824759426,0.0882256353928189,4.723713308949763,1.2587778341997158,-0.0018685546875,0.09930342994424878,0.09932100832811003,0.742,1.01503452593324,0.025166729668312935,7.470725604685566,1.2828513617269464,-0.003073388671875,0.06460535269251856,0.06467841459446208,0.269,0.1354039344264515,-0.014456941449657472,4.159038246169882,1.263637121592154
2004.02.17.12.02.39,2004-02-17 12:02:39,729,-0.0019210449218750002,0.16523855821088268,0.16524972475984076,0.869,2.348742119130721,-0.0783421170070073,5.25870769989437,1.4196705793813427,-0.001979638671875,0.09766226294221551,0.0976823247689449,0.522,0.16401650756815211,0.14059707630169413,5.343853161098741,1.2575434106084393,-0.0018363281250000003,0.0998197436348633,0.09983663315793707,0.552,1.0150318046088227,-0.046663039543375855,5.529032605964995,1.2894559827470946,-0.0029156738281249997,0.06352949893395872,0.06359637087658285,0.273,0.1798803107621998,-0.018419181708547578,4.292697778774084,1.262286458167082
2004.02.17.12.12.39,2004-02-17 12:12:39,730,-0.002077880859375,0.16629286759066028,0.16630584896626646,0.864,2.555336429076207,-0.05067124987241959,5.195247222935942,1.4307760499549618,-0.00081875,0.09775777652490747,0.09776120510026588,0.457,0.15161423862541046,0.12903949589694638,4.674655959194565,1.2586831212340999,-0.002309033203125,0.10094793510515701,0.100974339494389,0.828,1.4196611367918255,-0.012358314345315733,8.200103156366879,1.2903690504565917,-0.003032373046875,0.06517789266476948,0.06524839445163096,0.288,0.15413817006721242,0.010411735507253474,4.413901712378474,1.2601382255383453
2004.02.17.12.22.39,2004-02-17 12:22:39,731,-0.0022439453124999996,0.15753519405416846,0.1575511747218979,0.876,2.7568716983889994,-0.10127559217528959,5.56009818109116,1.4367502917916268,-0.0012150878906250003,0.09785547566722406,0.0978630193517481,0.437,0.1249902717311091,0.11812633999639634,4.4654252739668205,1.2570865201557506,-0.0021174316406249996,0.10259357070901375,0.10261541924865934,0.752,1.0566778436338646,0.06899433289817807,7.328333358729855,1.2831744009210875,-0.0031077636718750004,0.06426545031187363,0.06434054941347739,0.312,0.26463737206581506,0.026331837799926903,4.849197012524197,1.2638530482783124
2004.02.17.12.32.39,2004-02-17 12:32:39,732,-0.00187392578125,0.16211342999090594,0.16212426031057164,0.789,2.539827058969368,-0.07638029661373541,4.866637469855285,1.4234473635032914,-0.001515283203125,0.09828619354030581,0.09829787344509608,0.61,0.26685495645041657,0.11739664428344702,6.205627635888922,1.2609071811299069,-0.002017822265625,0.10081896302488795,0.10083915366616965,0.784,1.3839193332218107,0.03563170024547077,7.774757834595183,1.2885610826452711,-0.002898583984375,0.06406916061370634,0.06413469521919765,0.3,0.28961788220764806,-0.013878254696652974,4.677655346683553,1.267094046334983
2004.02.17.12.42.39,2004-02-17 12:42:39,733,-0.0017123535156250002,0.155816765083172,0.1558261737820283,0.803,2.464085946432145,-0.08740517331296606,5.153177932246781,1.4109890651823687,-0.0018220703125000001,0.0972133671425003,0.0972304411766513,0.471,0.15649450105962082,0.10380750036491175,4.844161913698123,1.2584826227987982,-0.0025673828124999996,0.10089204351152563,0.10092470410378968,0.713,1.3152275394254351,0.03963523036583006,7.0646726817921595,1.2871141126278047,-0.003060546875,0.06377727010253871,0.06385066271313282,0.286,0.18186657225382952,-0.004334579117516852,4.479201747442089,1.261461795564216
2004.02.17.12.52.39,2004-02-17 12:52:39,734,-0.002833154296875,0.15676437161368403,0.15678997088686228,0.879,2.3978248382054588,-0.08235462543050776,5.606225927768528,1.4102585560476146,-0.0015299804687499998,0.09836241719679571,0.09837431553526181,0.518,0.13501295586392992,0.08996567391739473,5.26560207490669,1.2551168158877755,-0.0018453613281249996,0.10145728667041015,0.10147406750965059,0.894,1.5313607430829146,-0.044551459214934114,8.81013269636577,1.2912055660922488,-0.0036243652343750004,0.06448598111102116,0.06458775257897681,0.342,0.2536524440806276,-0.01687169848313106,5.295121541530776,1.2626994011982524
2004.02.17.13.02.39,2004-02-17 13:02:39,735,-0.0020725097656249998,0.15416258433338975,0.15417651476498656,0.784,2.3809937953008697,-0.05083976910492171,5.0850805727127915,1.4044706026933176,-0.00269404296875,0.09792889611847225,0.09796594593275768,0.417,0.10246395877728087,0.13086022404334677,4.256581162256346,1.2556765368163814,-0.0011277343749999994,0.10155141474284439,0.10155767632775844,0.786,0.9140264338763315,0.052370849072857203,7.739444505044914,1.2782511287816167,-0.00296455078125,0.06276812264131683,0.06283809180147024,0.298,0.1583159612282694,0.04259579335329592,4.742346424864347,1.2616581539040284
2004.02.17.13.12.39,2004-02-17 13:12:39,736,-0.00195458984375,0.1550153438361392,0.15502766606671775,0.854,2.3857241830328224,-0.07974910128105614,5.508694168384579,1.408137301282629,0.000356103515625,0.09723312884291564,0.09723378093181852,0.437,0.1398630807443495,0.12537697679392942,4.49432281468546,1.2580336997379142,-0.0019242675781249996,0.10155868491368503,0.10157691315997634,0.781,1.0749392990849564,0.02627353628077396,7.6887550104026205,1.2832496038321248,-0.0029306640625000003,0.06307905178868038,0.06314709467906066,0.305,0.15666246323758592,-0.03485711018605656,4.8299925998200655,1.26069873625947
2004.02.17.13.22.39,2004-02-17 13:22:39,737,-0.0016204589843750003,0.15479107309514198,0.15479955490008887,0.842,2.32624429101845,-0.045146862710062595,5.439292125506729,1.4009003302873522,-0.0011016601562500003,0.09834002474066132,0.09834619525479239,0.444,0.1441750659875014,0.11665828046903925,4.514663722879142,1.26112812886604,-0.0014259277343750003,0.10027722209510974,0.10028735982672804,0.769,1.172650937539614,5.9122539936808176e-05,7.667965348062243,1.281428497875536,-0.003534521484375,0.06469930809849025,0.06479578157987506,0.31,0.22154029029610278,-0.0040024362617474985,4.784262068323951,1.2618565940934494
2004.02.17.13.32.39,2004-02-17 13:32:39,738,-0.002097900390625,0.14505347658643136,0.1450686467016887,0.771,2.260390342657569,-0.18092588457274505,5.314725252696695,1.3979039877828725,-0.00146318359375,0.09661427723906664,0.09662535626147128,0.476,0.12625495871999926,0.12748802311776883,4.92624315621594,1.2573768165872203,-0.003064599609375,0.1011782393110969,0.10122464068031743,0.872,1.3292604972913757,-0.13075851828344914,8.614503288323903,1.2875949377269902,-0.0031189453125000004,0.06342125956264692,0.06349790535423196,0.276,0.12528543550826354,0.013004779219667808,4.346600072243255,1.2583259649128955
2004.02.17.13.42.39,2004-02-17 13:42:39,739,-0.00146015625,0.14250547917911555,0.14251295959436022,0.74,2.398569851860411,-0.08434773312960188,5.19251022578079,1.4028861779886954,-0.0016679199218749999,0.09535478378760599,0.09536937007261229,0.439,0.13429362925986332,0.10475771192894297,4.603155076580189,1.2578008302763126,-0.0021640136718750003,0.1000739253310075,0.100097320075655,0.654,1.017334111713625,0.0023457885591085855,6.533641455192781,1.2840344593096973,-0.0030890625000000007,0.0636265101237475,0.06370145286927333,0.308,0.16998799974837064,0.005689179376467257,4.8350545572652885,1.2631858894477264
2004.02.17.13.52.39,2004-02-17 13:52:39,740,-0.0018147460937499998,0.14807779692684847,0.14808891668890603,0.793,2.158488613774585,-0.05476432196649754,5.354890951534707,1.389158576438276,-0.0012748046874999997,0.09703540082688239,0.09704377435273732,0.403,0.11686160045181548,0.10614869888033764,4.152765107168697,1.2558855711507513,-0.0016858398437499997,0.10221175951848678,0.10222566135684205,0.791,1.5009316436198477,0.024361362442652162,7.737783150542148,1.2893322120273816,-0.003034765625,0.0642968576271525,0.06436843716546953,0.269,0.13417201081343544,0.007930183145018747,4.179066819790759,1.2577238002976865
2004.02.17.14.02.39,2004-02-17 14:02:39,741,-0.00204130859375,0.1452566719121925,0.1452710145754522,0.837,2.204459419576205,-0.1653935686616854,5.76164489830331,1.3928371893101337,-0.001390966796875,0.09773312187667299,0.09774301970161668,0.481,0.1380026473118825,0.11761254461337578,4.921067524498061,1.2569657557918916,-0.002798974609375,0.09937317150894122,0.09941258207394764,0.701,1.2067589979935516,-0.02605818502473018,7.051421312833058,1.2850220627400837,-0.0027513183593750002,0.06377130636001971,0.06383062954082566,0.3,0.21308982829550827,0.00036338624025410686,4.699937978962309,1.2651924987598364
2004.02.17.14.12.39,2004-02-17 14:12:39,742,-0.0016679199218749999,0.14390677431422344,0.1439164398197462,0.715,2.0271482740199875,-0.09428018059840625,4.968160697245776,1.3817016657853827,-0.00197197265625,0.09721257662623572,0.0972325754594043,0.417,0.14684677400240176,0.11067035317365125,4.288686153069166,1.2595052518782621,-0.0016282226562499996,0.10069312166358074,0.10070628510363691,0.811,1.6714973016842585,-0.033122686645667684,8.053121998943753,1.2905988474348302,-0.002840771484375,0.06380700719955597,0.06387021332664097,0.256,0.11978939126934574,-0.031049101591250336,4.008128150297246,1.262414329200062
2004.02.17.14.22.39,2004-02-17 14:22:39,743,-0.0016946777343749997,0.1397168442716768,0.13972712158296033,0.706,2.342641300811165,-0.10366597950892527,5.052705530621168,1.3964768332559983,-0.00155400390625,0.09833775111581315,0.09835002909331675,0.43,0.14074850423215324,0.11131231664980189,4.372139021860443,1.2579840587525932,-0.0018580078124999996,0.10167176744431042,0.10168874317386979,0.793,1.1692628139651138,0.05089589414927018,7.798306629123246,1.2829742961031545,-0.0027031738281249997,0.06331528814262054,0.06337296632893338,0.281,0.12640920664874944,-0.01325084415188146,4.434067336243774,1.2624723143603205
2004.02.17.14.32.39,2004-02-17 14:32:39,744,-0.0021219726562500003,0.13940496793015889,0.13942111694991724,0.706,1.9866054341726365,-0.1211387100892232,5.063795323441633,1.3739044855260891,-0.0009450683593749999,0.09841693912301369,0.0984214766224673,0.493,0.02332480645875412,0.10842972884377397,5.0090693303768195,1.248521531662625,-0.00104111328125,0.09911101123477327,0.09911647927990455,0.569,0.9100974594468085,-0.08588559425934138,5.740720454700032,1.2837558092037848,-0.00340458984375,0.06368291950551447,0.06377386195574171,0.264,0.09260982776955595,-0.004644144237002495,4.139626986730282,1.2590869760380885
2004.02.17.14.42.39,2004-02-17 14:42:39,745,-0.001689892578125,0.13975335792095936,0.1397635746076544,0.706,2.0716523614208278,-0.1608252571450786,5.05138768797156,1.3811569520707585,-0.001119091796875,0.09804955861245394,0.09805594479962383,0.413,0.06960149391165027,0.12636411747462584,4.211881297395692,1.2554998055632602,-0.0016741210937500002,0.10135268786813062,0.10136651330459803,0.867,1.5758550898739347,0.021435830362280056,8.553120470808109,1.2909767787291926,-0.002931689453125,0.06279377108587134,0.06286217058163339,0.283,0.18391187184659508,-0.02284566022482209,4.501912634920768,1.2624126462280136
2004.02.17.14.52.39,2004-02-17 14:52:39,746,-0.0017964843750000001,0.14240961836091998,0.14242094915360065,0.74,1.9998288945603404,-0.07639618602335731,5.195864824646772,1.3776336356132235,-0.0011241699218750001,0.09774722243593358,0.09775368664123683,0.466,0.11870120282363361,0.13910843469247047,4.7670836365512645,1.2557057291624387,-0.0027452148437500006,0.1011380029039488,0.1011752530806694,0.793,1.3095273890206371,0.036815096292424944,7.837885014903028,1.291678417155877,-0.00288798828125,0.06226022484625407,0.062327169631058575,0.305,0.16605124946605887,0.01933626148953646,4.893532015097535,1.25878209825617
2004.02.17.15.02.39,2004-02-17 15:02:39,747,-0.0019873046875,0.13855399139048752,0.13856824279089436,0.781,2.2251644103888673,-0.1446606286136689,5.636212051693286,1.3791865133057468,-0.001038525390625,0.09854229902653429,0.09854777132143515,0.452,0.15196296730748982,0.15276281969829128,4.586608037290899,1.2577130105925962,-0.0020373535156249997,0.10227148317459024,0.10229177425422889,0.815,1.2627445115439908,0.03692981936114056,7.967405062057633,1.2863042370302513,-0.0030732421875,0.06361377914650819,0.06368797150831348,0.298,0.194299436761177,-0.020826197976652392,4.67906251278706,1.2654917157343721
2004.02.17.15.12.39,2004-02-17 15:12:39,748,-0.002184619140625,0.1405783469409978,0.14059532065276256,0.715,2.0884088755661026,-0.13167135183397424,5.085517758915192,1.3784151901674204,-0.0005707031249999999,0.0978309271834225,0.09783259178630095,0.447,0.08637909954281353,0.116900935246819,4.569029521127247,1.2542844120456207,-0.0015880859375,0.10229623493694118,0.10230856122152607,0.72,1.185250348264871,0.009078891745462229,7.037534214179815,1.2830765075926285,-0.0031851074218750006,0.06437228576565766,0.0644510363297936,0.3,0.17945128620909534,-0.006695373495168615,4.654696294795183,1.263756699835776
2004.02.17.15.22.39,2004-02-17 15:22:39,749,-0.0013869628906250002,0.13447099374999763,0.1344781462772739,0.757,2.5143137121380645,-0.06836804061909313,5.629167422037324,1.3974073599661516,-0.0017406738281249997,0.0984606093208203,0.09847599470532463,0.413,0.165842933284301,0.14262624521755596,4.193915494185599,1.2584453988698687,-0.0021405273437499995,0.1014759307885836,0.10149850435705321,0.767,1.2782668432554694,-0.06450990717653333,7.556761598198866,1.28591980775283,-0.003241259765625,0.06242796197461211,0.06251204844805419,0.288,0.13733365414103993,-0.011326467858791092,4.607111863232576,1.2612510501498428
2004.02.17.15.32.39,2004-02-17 15:32:39,750,-0.0020329101562499992,0.1405208429926291,0.14053554724361556,0.693,2.029423852596694,-0.04531700286821959,4.931136737943592,1.3768187525110631,-0.0034166992187500004,0.09809811880226013,0.09815760157060557,0.437,0.1637862078174992,0.11908268761789413,4.452024020632394,1.2596719775758127,-0.0013524902343750001,0.10003013031750882,0.1000392732939013,0.652,1.324075863318246,0.005208341106484056,6.517440386482175,1.289236469469801,-0.002857373046875,0.063684716261334,0.0637487856042421,0.283,0.11953899154689429,0.016472019035651212,4.439300252037554,1.260586072821936
2004.02.17.15.42.39,2004-02-17 15:42:39,751,-0.001759912109375,0.13954307594198878,0.1395541734739036,0.745,2.174915562196098,-0.09140080242270153,5.338428665046795,1.383082511470424,-0.000544775390625,0.09788641749261945,0.09788793342269325,0.457,0.1845471187474943,0.16309309564458166,4.668604025243976,1.2567853899049157,-0.0015469726562499998,0.10222242255237261,0.10223412735909179,0.71,1.054553870857541,-0.02114222155018136,6.944843354569494,1.2873570480990508,-0.0033041015625000004,0.06237430018061072,0.06246175157771554,0.283,0.07487646868962994,0.001298381003172049,4.530772718531413,1.2577642453430433
2004.02.17.15.52.39,2004-02-17 15:52:39,752,-0.001756591796875,0.13508302236099481,0.13509444305715124,0.701,2.222977868529748,-0.08772272699694149,5.18896250753589,1.3792273460261315,-0.0023259765625,0.09762809738716079,0.09765580149897009,0.469,0.14672740674305418,0.14362895289383978,4.802582056581105,1.26035437212569,-0.00238642578125,0.10066020100188845,0.1006884854079651,0.652,1.0464703366135897,0.03661495914408892,6.475417694071528,1.2830676776950738,-0.003003271484375,0.063327907483593,0.06339908126983683,0.31,0.14785488105012146,0.007552856971198215,4.88966076149573,1.2628451507357847
2004.02.17.16.02.39,2004-02-17 16:02:39,753,-0.0025256835937500005,0.13563450076357514,0.135658014414925,0.796,2.1120656548190597,-0.1733873901842237,5.867696084400485,1.3680280271223078,-0.00098525390625,0.09825054606506758,0.0982554859910822,0.464,0.07748930575322577,0.11859232343567126,4.722382626473531,1.2539334988592519,-0.0013412109374999997,0.09836339115558887,0.09837253461412006,0.671,0.6952592128223922,0.03365936567789238,6.821009569714665,1.2758518001626131,-0.0031821777343749996,0.06332298519377638,0.06340289196073295,0.264,0.16174745704176097,0.0094566677153434,4.163847922954398,1.2634371632611305
2004.02.17.16.12.39,2004-02-17 16:12:39,754,-0.001325390625,0.13496485320782559,0.13497136089451994,0.796,2.253797685838542,-0.1034686882208997,5.897547410980568,1.375664498712414,-0.0011626464843749998,0.09729112372208214,0.09729807039172528,0.396,0.029043845479538533,0.12270871681164341,4.069967661287534,1.2519260991836505,-0.00160673828125,0.10101254095981382,0.10102531880208299,0.959,1.2510617995827689,0.07492596821020696,9.49266987099304,1.281437371835522,-0.00272509765625,0.06327590112417524,0.06333455470998829,0.298,0.14834086494514098,-0.00482853422169235,4.705172419140784,1.2607052067824063
2004.02.17.16.22.39,2004-02-17 16:22:39,755,-0.0018705078125,0.13188363578557946,0.13189689984036773,0.854,2.2796867432564882,-0.18245891263737352,6.4747541529299,1.3689989583848066,-0.0018532714843749998,0.09848329492328041,0.09850073093201199,0.449,0.16487418926755382,0.15353156911396698,4.558341808751781,1.2575938456656173,-0.002184521484375,0.10269426324666305,0.10271749528629787,0.688,1.2271896431705018,0.05802106009058127,6.697982637547594,1.2860102637691917,-0.0027725585937499997,0.06356837353713499,0.06362880790422291,0.374,0.15258276928263736,0.014738290222592904,5.877840750418622,1.2579427459846833
2004.02.17.16.32.39,2004-02-17 16:32:39,756,-0.0018416015625000001,0.12850403655113327,0.12851723194284104,0.686,1.9454752438008258,-0.13136845360382987,5.337805597191071,1.3587631435920995,-0.001654443359375,0.09649704635812692,0.09651122804457457,0.442,0.2033648445705083,0.10413300255619708,4.579778010863755,1.263451568074052,-0.0019086914062500006,0.10039604758042997,0.1004141895981651,0.808,1.393695866259164,0.04106719638777713,8.04667152355094,1.2875387253918815,-0.00301259765625,0.06217262807009855,0.06224557354367658,0.266,0.058870668517799984,-0.01770456315500907,4.273396240992986,1.2577568035409448
2004.02.17.16.42.39,2004-02-17 16:42:39,757,-0.0017689453125000001,0.12587990282028297,0.12589233138504702,0.676,1.997542800174501,-0.10751198199200677,5.369667815050827,1.357266839666796,-0.0016291992187499997,0.09647734719821863,0.09649110224523295,0.471,0.10770104240429879,0.14286150284460508,4.881279092479942,1.2553107337988991,-0.0014731933593750003,0.10027641175301531,0.10028723275040734,0.881,1.77068233779669,-0.10134557900322884,8.784767271349619,1.2912895380882052,-0.0031506347656250003,0.062023140327788225,0.06210311131937654,0.242,0.03733929467765984,-0.01112022216107421,3.896745184882461,1.2563470394542946
2004.02.17.16.52.39,2004-02-17 16:52:39,758,-0.0017800292968750003,0.12575086007719946,0.12576345778664455,0.703,1.9092597898346062,-0.12252295098274688,5.589859028785825,1.3530546617228778,-0.001528662109375,0.09837052115542408,0.09838239802034902,0.579,0.26124058083515633,0.10125581798557436,5.885199097101109,1.2590436728281973,-0.001723828125,0.09996533920112241,0.09998020116503067,0.691,1.1119627774915015,0.012398850610587134,6.91136837041778,1.285458832599758,-0.0026149902343750005,0.06264202503657987,0.06269658263900334,0.239,-0.013394385069839032,0.012431518107057192,3.812010000227969,1.2530787271230306
2004.02.17.17.02.39,2004-02-17 17:02:39,759,-0.0021049316406249997,0.12434257576370984,0.12436039114109293,0.73,2.0802240990981096,-0.13352677000435864,5.870036217333696,1.3554662813005869,-0.00161318359375,0.09896312287652459,0.09897627013977264,0.542,0.24084584968463973,0.09522152096528885,5.476060062018872,1.2638393463700572,-0.002543798828125,0.10110542791719397,0.10113742367094822,0.757,1.3739487530013728,-0.03874703880416541,7.484865369548154,1.290176454843092,-0.0027285156250000005,0.06347745991553129,0.0635360741220588,0.442,0.41335119550404364,0.05996030963307649,6.956677857540839,1.2664398274775752
2004.02.17.17.12.39,2004-02-17 17:12:39,760,-0.001952197265625,0.12273314790942975,0.12274867278273063,0.681,1.8499449241387067,-0.07868867589669108,5.547921493256334,1.342787454278554,-0.0006163574218750001,0.09582579732831147,0.09582777953223233,0.42,0.1188119949998927,0.13132375553499742,4.382862694410342,1.2600733646744142,-0.002130517578125,0.10134211380080309,0.10136450628679461,0.72,1.6138612334598053,-0.012440855673052758,7.103078053405356,1.2921492937206192,-0.00277763671875,0.06173840800766693,0.061800859937888405,0.293,0.19285497457808853,0.00908941343399723,4.741034352830579,1.263695082857702
2004.02.17.17.22.39,2004-02-17 17:22:39,761,-0.001862158203125,0.12049771455313857,0.12051210248644377,0.903,1.8363394045741614,-0.07787959904526646,7.4930233675209275,1.3396840449865783,-0.001732080078125,0.09760974565805962,0.09762511228586693,0.466,0.09476364173560725,0.13099019222131308,4.773361987389614,1.252834533376792,-0.0020020507812499996,0.10115167436213325,0.10117148527917216,0.745,1.2019791038299195,-0.023836093306669335,7.363734929305922,1.2855542227500827,-0.00297744140625,0.062181491378191456,0.06225273509930106,0.261,0.0808626243569015,-0.03302887528896445,4.192586873230095,1.2577253018038024
2004.02.17.17.32.39,2004-02-17 17:32:39,762,-0.0020005859375000004,0.11664609267848056,0.1166632473457258,0.671,1.4947850896938135,-0.11930468372910834,5.751597141913292,1.3243622009374636,-0.0017547851562500002,0.0979109973641197,0.09792672094878523,0.408,0.10672182677537201,0.11335617148134625,4.16638069820984,1.2585860465866165,-0.002271484375,0.10478623714712196,0.10481085409784022,0.854,1.184391766111852,0.07984266138074024,8.148011075291848,1.2833792860539173,-0.00263857421875,0.06354142531278038,0.06359618545705002,0.281,0.09790826633433669,-0.00023832235329088503,4.418504002724734,1.2564099904696155
2004.02.17.17.42.39,2004-02-17 17:42:39,763,-0.0013823730468750003,0.11791507359904692,0.11792317642053819,0.833,1.7735457066958276,-0.10915909823304085,7.0639209804640215,1.3387799495061738,-0.00240966796875,0.09704998985847645,0.09707990024330473,0.432,0.11225559403216856,0.11477209821473194,4.449942767939685,1.2550635404591015,-0.0026248046875,0.10165013406691223,0.10168401720756685,0.63,1.232150476301138,-0.009204371082038837,6.195663952909979,1.2899379168928398,-0.0026251464843750003,0.061348082839196766,0.06140422348755316,0.315,0.10012850590250189,-0.008538580678641213,5.12994028926775,1.2595498453305563
2004.02.17.17.52.39,2004-02-17 17:52:39,764,-0.0022670410156249996,0.11283584344546328,0.11285861527156722,0.618,1.4246082301984355,-0.07585617893913277,5.475877924896837,1.3261585178853803,-0.001520458984375,0.09657800781310778,0.09658997561171591,0.459,0.12596970494206117,0.14118932290983893,4.752045924984429,1.2538928653329304,-0.001871484375,0.1005255806770241,0.10054299987676293,0.774,1.7328205309217344,0.037809664318216855,7.698198790057025,1.2931413124559485,-0.00328876953125,0.062131025006898294,0.062218006022674015,0.276,0.17710772499961314,0.018206669947922322,4.436014871634069,1.2611741334118183
2004.02.17.18.02.39,2004-02-17 18:02:39,765,-0.0016829101562499996,0.11247857322396894,0.11249116241329249,0.583,1.5522948769275144,-0.1629796665773571,5.182629350544518,1.3249796729759005,-0.0019940429687499996,0.09657800625731916,0.09659858953421628,0.457,0.03930283472714935,0.11245016027773519,4.730917937866221,1.2539196422572956,-0.0011630371093750002,0.09925438007374203,0.09926119392361057,0.596,0.9496077116389308,0.03024048212802494,6.004360580819425,1.2856586097901923,-0.00294609375,0.06008383485850176,0.0601560194800778,0.271,0.05628424851859126,-0.00947453175826476,4.5049523280001695,1.2572047485703255
2004.02.17.18.12.39,2004-02-17 18:12:39,766,-0.0016341796875000002,0.11131627706126455,0.11132827171042965,0.645,1.3309587974609638,-0.10000862201306106,5.793676575503453,1.3200664922577043,-0.0015064453125000004,0.09703042701674407,0.09704212046596701,0.562,0.15014768211817797,0.10247201082405535,5.7912996676231465,1.258769054637457,-0.0015293457031250002,0.10172836848802776,0.1017398636401466,0.623,0.8556466526135242,-0.008295447105597755,6.1234601434453255,1.2815515705467928,-0.00285888671875,0.06112673589312703,0.061193554188482546,0.293,0.08352635879626691,0.0298745323545643,4.788085998363967,1.2553982531825836
2004.02.17.18.22.39,2004-02-17 18:22:39,767,-0.002172265625,0.11109619772419393,0.1111174328659493,0.603,1.3866856891104486,-0.16418312821603218,5.42669124409535,1.3187040983385514,-0.0014766601562499998,0.0966472228557057,0.09665850304519255,0.457,0.13452735734726584,0.15076549415960214,4.727985491212608,1.2581439087820807,-0.0014429687500000002,0.09904848318310595,0.09905899343162891,0.769,1.166895038819944,0.04483382954961323,7.763050818104348,1.2844279037909694,-0.0026258300781249995,0.06098301574832282,0.061039521568893175,0.283,0.08830746479996199,-0.01091721617920672,4.636340402514259,1.2539628931077418
2004.02.17.18.32.39,2004-02-17 18:32:39,768,-0.0014509277343750001,0.11085801040438618,0.11086750498730173,0.61,1.6093428330193849,-0.18889016875287884,5.502063026220953,1.3239647820755052,-0.0015241210937500002,0.09697247114702366,0.0969844477504963,0.442,0.16750751565234623,0.11503414206490023,4.557431735210743,1.2590560445916388,-0.0016626953124999997,0.10228278859483296,0.10229630197830955,0.63,1.1287019058518464,0.005491515739743126,6.158580396518952,1.28676806580534,-0.003272509765625,0.06300083554559625,0.06308577176835815,0.261,0.06467250096710142,-0.01566719921160124,4.137224491100059,1.2569417571507964
2004.02.17.18.42.39,2004-02-17 18:42:39,769,-0.0013730957031249998,0.11016338278674173,0.11017193970711474,0.623,1.3689570075773423,-0.13173266903017383,5.654797416258685,1.3124335516349335,-0.0017505371093749999,0.09810256125160839,0.0981181782561054,0.432,0.12284166727090495,0.15320097561458695,4.402853861314112,1.2572461483742687,-0.0015955566406250002,0.10372826367646709,0.10374053444207873,0.71,1.0192467875779236,0.032838861031923086,6.8439979012872065,1.2829305666252866,-0.0033063964843750003,0.06110909508455953,0.061198478410542406,0.322,0.11618223136711014,0.001042568806248989,5.261568724632383,1.258958533950795
2004.02.17.18.52.39,2004-02-17 18:52:39,770,-0.0017462890625000002,0.11002121859403505,0.11003507652747033,0.549,1.2738682253232412,-0.15478624773317098,4.9893181095115775,1.3138531920411476,-0.002189697265625,0.0976579864910919,0.09768253221333574,0.54,0.14765365201010372,0.09183788253166067,5.528112219906996,1.2574290983385132,-0.001715380859375,0.10048664886126249,0.10050128919998676,0.747,1.2436479611945375,0.14445187768297443,7.432740474737098,1.28836434760787,-0.00265791015625,0.061079893456808296,0.061137695991047535,0.244,0.07961469678994826,0.03411469690653135,3.990991090598658,1.257067946420909
2004.02.17.19.02.39,2004-02-17 19:02:39,771,-0.001215673828125,0.10700005484462607,0.1070069605194418,0.557,1.2220807735566188,-0.15159655183990747,5.205268865652906,1.3113527480561114,-0.00174306640625,0.09724048144277235,0.09725610269653391,0.498,0.14493220489717373,0.11304916549476801,5.120501297012677,1.2583471477988863,-0.00178291015625,0.10102822954485786,0.10104396040137059,0.774,1.506073267550546,-0.01099656047921092,7.660032296096554,1.2957322635144455,-0.00297998046875,0.06236179320354827,0.06243295231811683,0.276,0.161111870734997,0.022373877907531023,4.420742408491072,1.2606673957551053
2004.02.17.19.12.39,2004-02-17 19:12:39,772,-0.0014241699218750005,0.10727539268070405,0.1072848457833893,0.537,1.073305002899736,-0.15020876609878686,5.005366751276466,1.3066408265447795,-0.0017010253906250001,0.0968895332794251,0.09690446401732158,0.417,0.07318974453354743,0.12477558488312056,4.303207331351233,1.2523820036656035,-0.0017304687499999998,0.10024120134283744,0.10025613681341407,0.735,1.288714744315885,0.006526666717316584,7.331222041478647,1.28761297840024,-0.00301728515625,0.061806257537199455,0.061879863287411595,0.344,0.18482054547233195,-0.017666287616036676,5.559159017566558,1.2583327211552373
2004.02.17.19.22.39,2004-02-17 19:22:39,773,-0.0021705566406249994,0.1077959383216059,0.10781778904599011,0.715,1.2331512796328292,-0.13988013688104356,6.631558728170671,1.3074417613964058,-0.0024126953125,0.09788391509805269,0.09791364528804834,0.498,0.26776987149209486,0.14905204449900333,5.086114387172015,1.2615848491268435,-0.0018823730468749997,0.10118313659250129,0.10120064455814684,0.723,1.40892830614301,0.08152258345097715,7.144223272062126,1.2893429893870003,-0.0027237792968750002,0.0604932332619322,0.06055452290407897,0.288,0.08730998719383498,0.0016610903907564097,4.756044407388109,1.2559959945629708
2004.02.17.19.32.39,2004-02-17 19:32:39,774,-0.0019828613281249997,0.10571842414788826,0.10573701784786335,0.574,1.1528874123751987,-0.11334221401128547,5.428562405891598,1.3090401850277806,-0.0012099609375,0.098167979532367,0.09817543588361348,0.471,0.14692553971503708,0.14751569606867362,4.797534085393502,1.2589510333901484,-0.001143408203125,0.09972498359994426,0.0997315383232813,0.83,1.135257256650955,-0.01315861795021569,8.32234229967999,1.2831244663248782,-0.0031218749999999997,0.06044074844230195,0.06052132001023482,0.288,0.04561456021261945,0.012362666088640601,4.75865364389435,1.2561176808454495
2004.02.17.19.42.39,2004-02-17 19:42:39,775,-0.001585400390625,0.10384050472535768,0.10385260668859317,0.647,0.9432393234140055,-0.1403092427573264,6.229983248663746,1.2975248185134252,-0.001413916015625,0.09955261599408818,0.09956265620083478,0.527,0.20497362443659073,0.16455885987268185,5.293149260069474,1.26148049695531,-0.0019124511718750005,0.10310237868012341,0.10312011423085399,0.671,1.2060670541279315,0.0292969220055011,6.5069749486297015,1.2914804965879263,-0.002832275390625,0.06069570814807283,0.06076175418373284,0.271,0.08813958710555658,-0.010188771619010595,4.46004240069409,1.2574797727997387
2004.02.17.19.52.39,2004-02-17 19:52:39,776,-0.0015304687500000001,0.1067788746689228,0.10678984226112637,0.649,1.1755023973384349,-0.12762794921654977,6.0773570431262725,1.3080149718176148,-0.0011965332031250002,0.09872591427832257,0.09873316485253004,0.549,0.09663530137829346,0.11564344862846215,5.560441628909578,1.2504384245028626,-0.001245166015625,0.10163934064845613,0.10164696751924956,0.884,2.1132144192014444,0.11385504677684909,8.696767071113962,1.297996009980173,-0.002535546875,0.06143881297946704,0.06149111105095801,0.256,0.033248057356923155,-0.0075751300257402236,4.163203357764205,1.2546305803860118
2004.02.17.20.02.39,2004-02-17 20:02:39,777,-0.0016115722656250002,0.10528519329245467,0.1052975265226913,0.53,0.8799226510924183,-0.13839677752328658,5.033356599176968,1.2972379503184412,-0.0015912109375000004,0.09879878087527133,0.098811593726078,0.459,0.13915560201577204,0.13723004040480608,4.645203894518932,1.2570325091125738,-0.001805517578125,0.10501643155854566,0.10503195128633774,0.835,1.2177241443061417,-0.05425715560121764,7.949961795183885,1.286304203760863,-0.00255751953125,0.06103835253810529,0.06109190933927953,0.273,0.19178285829389896,0.013356248058033763,4.468676833848316,1.2645743791335349
2004.02.17.20.12.39,2004-02-17 20:12:39,778,-0.0022591796875,0.10422214581101316,0.10424662858007687,0.518,1.0331776509628554,-0.09988539913772561,4.968985635848158,1.3040873483603548,-0.0013041503906250002,0.09744270162491267,0.09745142845645273,0.5,0.11615047244010457,0.10870733429997533,5.130761117816047,1.2556633077047445,-0.0013879394531250001,0.10196542354486561,0.1019748693287193,0.825,2.025430898022222,-0.04404075250092409,8.090228557592809,1.29253154289799,-0.00309296875,0.06156676103095544,0.06164440379735414,0.295,0.16827506175937046,0.019604348066733054,4.7855114467448505,1.2617985421541338
2004.02.17.20.22.39,2004-02-17 20:22:39,779,-0.00125029296875,0.10345598848132738,0.10346354326600385,0.522,1.000355245197536,-0.12433339663790156,5.045255396463107,1.3015049568614987,-0.001229248046875,0.09882353538760329,0.09883118028874098,0.442,0.03545778067907568,0.11777988070094432,4.472272806098961,1.2542579764768311,-0.0022937011718750003,0.10349497279539,0.10352038668293495,0.752,0.9722847849013605,0.05104770330226979,7.2642696196957415,1.2813841692669958,-0.0031538574218749997,0.06020134437870228,0.06028390068368689,0.269,0.10047056456177073,-0.011220043575395938,4.46221954699744,1.2557804657521598
2004.02.17.20.32.39,2004-02-17 20:32:39,780,-0.0019775390624999995,0.1030124930008797,0.10303147274012928,0.554,0.9084447005643224,-0.08751767018835734,5.376997778118967,1.3011414818839326,-0.00171376953125,0.09797725942833627,0.09799224648457525,0.491,0.13430802915125684,0.11507418997478518,5.010600507840049,1.2527942698930168,-0.002278125,0.10044333217548901,0.10046916358779569,0.662,0.9383727013887295,0.026086122855009573,6.589086405815518,1.2774511615830346,-0.00273955078125,0.06135244572054119,0.061413579397190325,0.261,0.08179360659891355,-0.005898820582758983,4.24987441803369,1.2552321104409132
2004.02.17.20.42.39,2004-02-17 20:42:39,781,-0.0018998046875,0.09930624154269888,0.09932441224184264,0.532,0.7717927254108252,-0.11870971133454768,5.356185735130714,1.293595857464691,-0.0019628906250000002,0.09715776720552524,0.09717759344606529,0.437,-0.002926868875599453,0.12440468991244782,4.49692140444433,1.250229048032571,-0.001481396484375,0.10095390320278833,0.10096477161575652,0.688,1.1741823810166885,-0.08735554120299775,6.814257973249661,1.2886145107527083,-0.0033141113281249996,0.06030122802772484,0.06039222992692748,0.291,0.07515669664452984,-0.003446608208827634,4.818500663944683,1.255531499525914
2004.02.17.20.52.39,2004-02-17 20:52:39,782,-0.001654345703125,0.10275773905266905,0.10277105523892355,0.542,0.9268405707904268,-0.07435789981845702,5.2738584686121115,1.298162565998648,-0.0012092773437500002,0.09857140125005652,0.09857881869901744,0.435,0.10402398609756602,0.09231985705248548,4.412712647005332,1.2565940141885408,-0.00111064453125,0.10026452446983782,0.10027067566560774,0.671,0.9611050070039973,0.09608419156124566,6.691886691156996,1.2866313699791403,-0.002234326171875,0.061243784150757284,0.061284527497133194,0.251,0.1347643796283795,0.044049708192372285,4.095650407221324,1.2594029465921133
2004.02.17.21.02.39,2004-02-17 21:02:39,783,-0.0013151855468750001,0.10150196524741117,0.10151048547864094,0.693,0.9667239500366183,-0.11114737885400183,6.826880954537605,1.29747800964905,-0.00135205078125,0.09957853412600992,0.09958771259548037,0.544,0.16427239697565632,0.1299709409923247,5.46252128723648,1.2558086728482134,-0.0013375,0.10044571644985664,0.10045462089607925,0.837,1.4500884463333037,0.06072368372816222,8.332120439396016,1.2855041989410738,-0.0028059082031249996,0.060210485082926056,0.0602758296066145,0.364,0.20143745287181813,0.021459325042781578,6.03890485416157,1.2601728997459796
2004.02.17.21.12.39,2004-02-17 21:12:39,784,-0.0019162597656249998,0.10048284100871412,0.10050111138028213,0.483,0.6652145802848799,-0.1207717006506049,4.8059170029711975,1.2878155299411285,-0.001475390625,0.09750846657872798,0.09751962793218219,0.469,0.15498836045994446,0.09280421510141018,4.809288242220893,1.2588063285972197,-0.00140009765625,0.1009535406178095,0.10096324894098224,0.703,1.2764743192333663,-0.01015828697078815,6.96292965384797,1.2874517536130712,-0.0028179199218750003,0.06036274866938446,0.060428487484044925,0.308,0.11667891956557908,-0.0267982501645397,5.096933794368458,1.2580783261545812
2004.02.17.21.22.39,2004-02-17 21:22:39,785,-0.0018317871093749996,0.09936302244705549,0.09937990578496302,0.471,0.7488124696956069,-0.11016758176460514,4.739388675001804,1.29104846868483,-0.0012396484374999999,0.09825627460022034,0.09826409428963613,0.454,0.08855667432914016,0.09818200569528208,4.620202356537501,1.256403075036334,-0.001524560546875,0.10212809809360515,0.10213947672216715,0.701,0.9573283058307513,-0.02832967781659315,6.863164199546591,1.280550564618065,-0.003256396484375,0.06068937974289385,0.060776680821188526,0.32,0.09902794236012014,-0.016399906792085,5.265177296231002,1.2575523201684617
2004.02.17.21.32.39,2004-02-17 21:32:39,786,-0.0020602050781250002,0.10258642144837174,0.10260710653042934,0.535,0.8222244311026867,-0.06994686720304485,5.2140638021143255,1.2940611449423096,-0.001054150390625,0.09864132096895713,0.09864695350362765,0.43,0.17006936928605887,0.11175602973657621,4.358979012810438,1.2566592507990115,-0.0012738281250000002,0.10243088427478408,0.10243880461722624,0.752,0.973405527573385,0.0316059119721757,7.340968130289395,1.2782038881785638,-0.00298447265625,0.0603422178494903,0.060415977456557385,0.244,0.05851494765808063,0.04965386419334209,4.038666761213128,1.2550556649676174
2004.02.17.21.42.39,2004-02-17 21:42:39,787,-0.0015675781249999995,0.10000005968549854,0.10001234542935812,0.542,0.6527158309279764,-0.15633968564534023,5.4193309603246105,1.2900982283451836,-0.001964404296875,0.09828634800240084,0.0983059768675874,0.486,0.05500913900104054,0.12539802363100172,4.943748238773056,1.2544723302580838,-0.001088623046875,0.10105084728864196,0.10105671099877843,0.767,1.1275785247544352,0.01584290718901035,7.589797772156581,1.2858629611999628,-0.00292041015625,0.059244922592208454,0.05931685804590041,0.291,0.0741170872187018,0.02559166004796994,4.905856607826719,1.2576836897640984
2004.02.17.21.52.39,2004-02-17 21:52:39,788,-0.0019291992187500002,0.1027480462241223,0.10276615596829532,0.518,0.641151157867629,-0.06649134295298005,5.040569972859641,1.2891768812735676,-0.0018091796874999996,0.09898183828493279,0.09899837090278935,0.535,0.06522042676459883,0.08974880189475472,5.4041293318385915,1.2496712532970125,-0.0006862792968750002,0.10048397710825496,0.10048632063502785,0.601,0.9088956483277779,0.014058856255344853,5.980913583082287,1.284151801563707,-0.0031723144531249996,0.06044218283560223,0.0605253752150441,0.264,0.051784423791386924,-0.015652187083221945,4.361806912588632,1.255900201931433
2004.02.17.22.02.39,2004-02-17 22:02:39,789,-0.0019720703125,0.10077314648240278,0.10079244075465804,0.483,0.688527101475187,-0.05380711704147773,4.792026032742724,1.2935744478826319,-0.0013205566406249997,0.09661772554725413,0.09662674971127624,0.437,0.09607561818971666,0.12743945458178527,4.522557172892286,1.2532406318570584,-0.0015009765625000001,0.1020499312866443,0.10206096906383948,0.828,1.2203446110230507,0.019940977604939486,8.112797748197778,1.28106024821125,-0.003656396484375,0.06026251695951576,0.060373340023116784,0.266,0.08899977841122597,0.00886018004859443,4.4059182397089405,1.2556078348409394
2004.02.17.22.12.39,2004-02-17 22:12:39,790,-0.0019321289062499997,0.10069870981864482,0.10071724420996633,0.5,0.8693732490038792,-0.04303829269138598,4.964393177375312,1.3010528329885898,-0.0012503906250000002,0.09898386222165795,0.09899175954104085,0.518,0.17110917813931437,0.11804380184391931,5.232758791253156,1.2588271746557709,-0.0018689453124999997,0.10518748984542499,0.10520409201434372,0.688,0.9084041716740527,0.03304291054414079,6.539669577740348,1.2812951540671418,-0.00334208984375,0.06031942452095182,0.06041194036829557,0.264,0.10528113738547296,0.009178387237888816,4.369997030231929,1.2596020324305297
2004.02.17.22.22.39,2004-02-17 22:22:39,791,-0.001690673828125,0.10211176030560837,0.10212575566772138,0.547,0.8122074071808982,-0.06797729414654397,5.356141518107649,1.2953852342058485,-0.001434033203125,0.09779534466141122,0.09780585815109377,0.403,0.07714480245795885,0.10705443784845627,4.1204075872166275,1.2557615388978365,-0.0017654296875000003,0.10121596918557242,0.10123136450802316,0.757,1.1433121995982471,0.10193522226836482,7.477919552689656,1.2805675319362722,-0.002976904296875,0.06058760608829476,0.06066069543537335,0.278,0.06659296082299404,0.005926747185667249,4.5828686599245385,1.2565209334175305
2004.02.17.22.32.39,2004-02-17 22:32:39,792,-0.00140625,0.10274597154131519,0.1027555945291119,0.608,0.7643725473661331,-0.06600214954770775,5.916952773094474,1.2926438788729608,-0.00198544921875,0.09727648500212431,0.09729674477066923,0.522,0.16335896508500758,0.10126331790965407,5.365030466644764,1.25676577954051,-0.0022381347656249997,0.10027686370917784,0.10030183768295636,0.627,1.2112676027306541,0.07316640205342331,6.251131728831146,1.2905380236830775,-0.002767724609375,0.06010092426053892,0.060164619141854246,0.281,0.050195197318307905,-0.06317113306994233,4.670519052692199,1.2592155728840047
2004.02.17.22.42.39,2004-02-17 22:42:39,793,-0.0017239746093750004,0.10323281452876602,0.10324720860141631,0.53,0.8305410434162077,-0.07616936164575634,5.133310693619369,1.2976908143970185,-0.0015669921875,0.09771929417189353,0.0977318572317581,0.388,0.07622563373426061,0.11256755570372055,3.97004631846819,1.2544315717439818,-0.00153828125,0.10011900243124254,0.1001308192168188,0.737,1.4857360818315382,0.0061928529361083215,7.36037122001502,1.294628866066357,-0.002804150390625,0.06006541414919972,0.06013083432256803,0.271,0.010743415545312551,0.03584604803887682,4.506839179151212,1.2524008430086526
2004.02.17.22.52.39,2004-02-17 22:52:39,794,-0.0017345703125,0.10472464619055652,0.10473901018200549,0.559,0.8673107336548798,-0.047412887459112804,5.337075450957795,1.2977429703017898,-0.001671044921875,0.09747574989633806,0.09749007236116083,0.518,0.1823057311897327,0.09774472832674722,5.313361529582437,1.2580783001337563,-0.0013359374999999999,0.10184290012638261,0.10185166191651589,0.701,0.9886892705428516,0.08398379813167442,6.882558289275479,1.2811482588693324,-0.003310400390625,0.06115769423144462,0.061247222912170676,0.273,0.06956274915275751,0.006528678007339998,4.457344954096705,1.2537225325876244
2004.02.17.23.02.39,2004-02-17 23:02:39,795,-0.001966845703125,0.10544206525576959,0.10546040777193058,0.535,1.0399953829715916,-0.004060615255579721,5.072993849568596,1.3050382395388611,-0.001433544921875,0.09828972577587951,0.09830017926810014,0.632,0.17880843379598987,0.11889569075872224,6.429286342157194,1.2552868785869087,-0.00206845703125,0.10214213251890657,0.10216307429790862,0.735,1.0803685021134832,-0.003450835341942431,7.194380210767073,1.2850069778541053,-0.0028323730468750004,0.06066180645622673,0.060727893917123243,0.283,0.0997795691092973,0.011344168650913969,4.660131971416901,1.257106768467782
2004.02.17.23.12.39,2004-02-17 23:12:39,796,-0.0018165039062500003,0.10416035152198545,0.10417618977302347,0.557,0.9779203766262881,-0.033228602809788614,5.346711193926155,1.2990831137585417,-0.0021024414062500003,0.09727858148592904,0.09730129842803358,0.471,0.04696430190828771,0.06985445182409686,4.8406342732246594,1.2552159236854843,-0.002014404296875,0.10206107306075665,0.10208095051959681,0.708,1.1184627584878895,-0.043319687837802566,6.935672095491341,1.28395588835547,-0.0024420410156249994,0.060225025296849234,0.06027451564573642,0.269,0.17030815351420747,0.03430230428798172,4.4629143364842285,1.26293278811641
2004.02.17.23.22.39,2004-02-17 23:22:39,797,-0.0015575195312500002,0.10511782550252133,0.10512936366909462,0.547,0.867729822045229,-0.00791426356651984,5.203113392008519,1.2967536537398154,-0.001356201171875,0.09844459262951308,0.09845393389605808,0.442,0.18198567940030141,0.12138169207977202,4.48940923444093,1.258557710276237,-0.0009442382812500001,0.0999606461431171,0.09996510572835529,0.874,1.6436138386301211,0.07569367970997948,8.743050823904529,1.2883074021203555,-0.003023583984375,0.06041465102961413,0.06049026466416414,0.278,0.1961904498561502,-0.01665175987059256,4.595780850743967,1.2635647926192626
2004.02.17.23.32.39,2004-02-17 23:32:39,798,-0.0017381347656250004,0.10301653116940576,0.10303119336706057,0.632,0.9835885532070137,-0.0106392795603171,6.134064639515789,1.3073817468801527,-0.00183583984375,0.09649357878509637,0.0965110411024951,0.513,0.13203474217216016,0.0934365909069603,5.3154540054665045,1.2566973263007608,-0.0018375488281249998,0.09997673179611535,0.09999361722794173,0.718,1.0710306847282753,0.09588171476420378,7.180458312286812,1.2819028463616777,-0.002936767578125,0.06004206090594075,0.0601138393520213,0.332,0.15369158655704007,-0.004285431510987689,5.522854696667061,1.2596640810287791
2004.02.17.23.42.39,2004-02-17 23:42:39,799,-0.0020634277343749997,0.10613361332449366,0.10615366979680035,0.586,0.9646319369650582,-0.009901110585349314,5.5202990261356275,1.303015032097565,-0.0008419433593749998,0.09750180621590546,0.09750544130449529,0.437,0.07434684611832187,0.06947041089028115,4.481801160566134,1.256090572056729,-0.001649755859375,0.10430318840881656,0.10431623462645027,0.732,0.9353785522768527,-0.042077517310786676,7.017124444926956,1.282684206129025,-0.0032099609375000004,0.06003720817645899,0.060122959132462454,0.281,0.11125756742399551,-0.024607429826117466,4.673755318345242,1.2598616280785793
2004.02.17.23.52.39,2004-02-17 23:52:39,800,-0.0018527832031250003,0.10577298046086293,0.10578920644929649,0.532,0.8522948759061766,-0.028719287434431515,5.028868424823485,1.2994463182513925,-0.0024162597656249996,0.09905469468104174,0.0990841604375259,0.459,0.08924521368045601,0.11127670066695022,4.6324255862207835,1.2555281499427564,-0.0018051269531250001,0.10078895543742616,0.10080511902420618,0.647,0.9225664919303886,-0.025961181320622063,6.418324845632461,1.281185882251736,-0.002783251953125,0.05996521324552303,0.060029770039669694,0.264,0.1259436211901046,0.02000840383088246,4.39781794642125,1.2581341512189141
2004.02.18.00.02.39,2004-02-18 00:02:39,801,-0.0016828613281250002,0.10623180018397704,0.10624512879458581,0.535,1.0616526237676354,-0.01629533373485569,5.035524979543941,1.3094005172327758,-0.0017930175781249997,0.09853536989917712,0.09855168204147062,0.537,0.12485292531784609,0.10297343681004209,5.448917652912611,1.2546932442613121,-0.001303857421875,0.10304909708921058,0.10305734546881229,0.793,1.3832651039394825,-0.04636634346053802,7.694745060554481,1.2848580250731734,-0.0033016601562500004,0.05950827162483491,0.059599793217447496,0.239,0.11116854041342528,-0.01903050937379496,4.0100810270938005,1.2594034671079875
2004.02.18.00.12.39,2004-02-18 00:12:39,802,-0.0023161621093749996,0.10634430186694288,0.10636952169904862,0.527,0.943261495800948,0.023695013734024148,4.954426715305176,1.3036128050916116,-0.001064404296875,0.09782405484134345,0.09782984545684091,0.454,0.14609270354302017,0.061109954056435926,4.640710591741544,1.2608961996409689,-0.0012814941406250001,0.10249833558725804,0.10250634626885607,0.825,1.4901047356789006,0.06662572279299113,8.048282179877628,1.2921235760323038,-0.002288818359375,0.0605129847246309,0.060556254918593046,0.273,0.15596797865710244,-0.002034495042198013,4.508204814960886,1.2612486468926585
2004.02.18.00.22.39,2004-02-18 00:22:39,803,-0.001262841796875,0.1059304975844383,0.10593802474980654,0.576,1.0365573859673773,0.04195991636813061,5.437141209309283,1.3078271808471045,-0.0014041015625,0.09602560176387694,0.09603586671297604,0.43,0.07455504346871811,0.09524118962699268,4.477493823064544,1.2501268361383324,-0.001239794921875,0.1004294293601162,0.10043708166333226,0.637,1.1296279554702098,0.0006713159285863341,6.3422790611861934,1.2817965219714862,-0.0024858398437499997,0.059886265043799694,0.05993783563513951,0.266,0.06781153270263962,0.017492712249594797,4.437931353064295,1.25528884183365
2004.02.18.00.32.39,2004-02-18 00:32:39,804,-0.002109326171875,0.10889361794985976,0.1089140454078783,0.645,1.0071678875967924,0.0431058963273919,5.922101209118654,1.3068825254783119,-0.0014818847656249997,0.09767252596348823,0.09768376687324704,0.461,0.14570868917981006,0.12590026264427298,4.719310226828031,1.2551508144349988,-0.001205908203125,0.10168067468189326,0.10168782532023869,0.696,0.9174404472216628,0.018566684043940407,6.844477181099443,1.2802314993618953,-0.0029421386718749996,0.06084252150881884,0.06091361591233626,0.266,0.09879194610898878,0.060480631112628844,4.366839761783532,1.2570936789996607
2004.02.18.00.42.39,2004-02-18 00:42:39,805,-0.002089306640625,0.10740603716386624,0.1074263562701648,0.537,0.9072687402430022,0.02689688873426031,4.9987732865993095,1.3061273079125897,-0.001608984375,0.09743170302944779,0.0974449874849266,0.518,0.08231152177345713,0.10727038199416954,5.315819862772598,1.254137158003972,-0.0017159667968749998,0.10051026377424171,0.10052491067399974,0.73,1.3870717507708683,-0.011566437112282217,7.261881608304784,1.2909960880413889,-0.003115966796875,0.05955673895721329,0.05963819585045204,0.264,0.08152481695514924,0.019322544918482284,4.426693266543524,1.2572999962089826
2004.02.18.00.52.39,2004-02-18 00:52:39,806,-0.0015421874999999997,0.10871610497959165,0.10872704274567,0.554,1.060751117656622,0.08066783897263262,5.095328503469877,1.3104423414456758,-0.0009619628906250002,0.09818211498826522,0.09818682740659194,0.442,0.1267719210186935,0.14241716017838257,4.501622179619642,1.2551197282163589,-0.0016694824218750001,0.10079057895933864,0.10080440455910458,0.908,1.617073393103868,-0.024185740652305835,9.007542914135394,1.2922856906415703,-0.0031560058593750003,0.06010264355068931,0.060185447865456855,0.264,0.22657457430618377,0.056400065475506585,4.386442393685693,1.2631316537506712
2004.02.18.01.02.39,2004-02-18 01:02:39,807,-0.002320263671875,0.11017866270010543,0.1102030913263808,0.591,1.030564302451336,0.04759964032442938,5.362825968735092,1.3096280637779354,-0.001719873046875,0.09790451241068773,0.09791961761399946,0.444,0.11300079785880968,0.12165444202347275,4.534331432443439,1.2560866076942019,-0.001012841796875,0.10298769922913187,0.10299267955061478,0.708,1.1882472100012373,0.022197682672613378,6.874274978466407,1.2882694899219087,-0.0030237304687500003,0.06032446791354527,0.06040020177946428,0.269,0.07452087326786705,-0.014647248387624537,4.453627505785229,1.2597497321047035
2004.02.18.01.12.39,2004-02-18 01:12:39,808,-0.0025946289062500003,0.10981806034255638,0.10984870721388805,0.63,0.9164351948112492,-0.018425904284794407,5.735160804153276,1.3029451183117773,-0.00084306640625,0.09828591940801289,0.0982895351237544,0.464,0.17476965145778456,0.12369572686955381,4.720746714447136,1.2585953285180178,-0.001295751953125,0.10291610557459702,0.10292426225028589,0.833,1.2593299420135011,0.08548863218952078,8.093329811530285,1.2867142744824975,-0.003303759765625,0.06182181793965753,0.061910031513100726,0.349,0.13740066312768828,0.005994898149439477,5.637212443126416,1.2575040543145242
2004.02.18.01.22.39,2004-02-18 01:22:39,809,-0.0022509277343749994,0.10853664988959488,0.10855998823195347,0.508,0.893567153208692,-0.003635669787789147,4.6794404483039145,1.3049002145129647,-0.00143828125,0.09685972409486515,0.09687040210862914,0.439,0.11579881248715429,0.10730175735950527,4.531827993319481,1.257060742983966,-0.00087919921875,0.10182519946955665,0.1018289950764577,0.857,1.7992887763221024,-0.062332437356930614,8.416070485194581,1.2855421017641373,-0.002969873046875,0.0593002466974828,0.05937456866619643,0.242,0.09146745408746781,0.029962659305166728,4.075819082754486,1.2600513829928124
2004.02.18.01.32.39,2004-02-18 01:32:39,810,-0.0018534667968750002,0.10969872878196792,0.10971438572742807,0.5,0.8486574602590657,-0.006496539322708061,4.557287512343081,1.3008975751927374,-0.0010475585937499998,0.09718046791227603,0.09718611383657776,0.457,0.14612062343408638,0.1098134850172573,4.702317871959191,1.2561940333549473,-0.0004241210937499998,0.10101265441402174,0.10101354478716579,0.911,1.676000732176802,0.08484063124083874,9.018592525581248,1.2869344334467732,-0.0031750976562500005,0.05916382846489294,0.059248964917119014,0.278,-0.006057948152842663,0.0458247032269082,4.692065091582325,1.2515975326381927
2004.02.18.01.42.39,2004-02-18 01:42:39,811,-0.0017224121093750004,0.11020168498120778,0.11021514449553597,0.508,0.9063512150340016,0.03200430068596814,4.609166937313007,1.3099886999962143,-0.0018964355468749998,0.09626896914836278,0.09628764660470146,0.51,0.07439128953536711,0.1220329462395471,5.296629609130961,1.2549366142459584,-0.0020121093749999996,0.10130844305689946,0.10132842256124389,0.771,1.2280292793116114,-0.0043279659649053245,7.608921371829312,1.285140356864615,-0.0029286132812500003,0.05865205666975913,0.058725126882312906,0.256,0.18809169372591494,0.02137855608336281,4.359292411798998,1.2647732587276748
2004.02.18.01.52.39,2004-02-18 01:52:39,812,-0.00207275390625,0.10840942846231306,0.10842924185053242,0.635,1.0126761241968207,0.007319705784382445,5.85635377655167,1.3105938331644822,-0.001427490234375,0.09827301642851353,0.09828338357183337,0.41,0.04161033709747253,0.08522947297314794,4.1716105520557205,1.2537746627851327,-0.0008707519531249999,0.10334144115967225,0.10334510955977488,0.774,1.6105727772979277,0.018812327960663466,7.489469054675663,1.289914111958029,-0.0032959472656250003,0.06033825278544569,0.06042820548037253,0.303,0.18595481553422077,0.02923356739230963,5.014214762647822,1.2625569120851057
2004.02.18.02.02.39,2004-02-18 02:02:39,813,-0.002813916015625,0.10875097696982489,0.10878737571627682,0.542,0.832382817194703,-0.031517308251919576,4.982195741292303,1.3058935836545948,-0.0016990722656250001,0.09695865399786038,0.09697353985309923,0.41,0.07331856558195904,0.11201268623562388,4.227957447166415,1.2549124041156914,-0.0015412109374999998,0.10167457643415527,0.10168625681093169,1.001,1.762321418455139,0.10172383697766905,9.844004798614913,1.2905914742975957,-0.0030228515625,0.0591124488302789,0.05918968861449814,0.303,0.0863550586368742,0.023690570441336902,5.119134888061939,1.2548158597917292
2004.02.18.02.12.39,2004-02-18 02:12:39,814,-0.001585400390625,0.10944368214859199,0.10945516459555768,0.505,0.8226663722894192,0.021223784028090116,4.613761277195099,1.3046811144973824,-0.002208203125,0.09758336835939303,0.09760834975249941,0.522,0.09307850973806175,0.09375959206668943,5.347903138651654,1.2548375775595164,-0.001647802734375,0.10376529363021246,0.10377837643755863,0.859,1.23708497853033,0.10092187087614274,8.277254178444803,1.2866165325947163,-0.0030193359375,0.059645913335986574,0.059722285347996354,0.256,0.10217938621775913,0.022160806136413393,4.286507097113099,1.2614686187486366
2004.02.18.02.22.39,2004-02-18 02:22:39,815,-0.0023180175781249996,0.11020072722462239,0.11022510370295927,0.535,0.8273301046767592,0.008109121660961257,4.853703757374071,1.3031476664135921,-0.0018154785156249999,0.09702875291002626,0.09704573588528054,0.439,0.07439585113901437,0.13443793683614982,4.523640281515816,1.2545513754201858,-0.001962158203125,0.10251630340820324,0.10253507950597628,0.664,0.9811456835647618,0.033250258849108774,6.475832497514167,1.2812779280823674,-0.0027848144531250002,0.059420649670714566,0.05948587058140887,0.247,0.04509361742791862,0.026770891994373224,4.152246534947661,1.2553188548710632
2004.02.18.02.32.39,2004-02-18 02:32:39,816,-0.001716650390625,0.11005897582780104,0.11007236278388924,0.61,0.9088525634526525,-0.008160562787118806,5.541808902545724,1.3045032077934327,-0.0015098632812500002,0.09962410455006952,0.09963554533664805,0.457,0.1375769579042796,0.10194621632059861,4.586716502186954,1.2587866562296361,-0.0021416015624999996,0.10286176093699737,0.1028840527988303,0.762,1.2774813377562815,-0.005080010238600967,7.406395639273099,1.2855484926054546,-0.002819140625,0.05940123108766539,0.05946809067553582,0.237,0.04871523083825702,0.0004853518051960319,3.9853305748976706,1.2563948983510598
2004.02.18.02.42.39,2004-02-18 02:42:39,817,-0.0021333984375,0.11047037780701947,0.11049097592889091,0.581,0.8800067254017039,0.004961757268095492,5.258347979240551,1.3080223881079027,-0.0009022460937499999,0.09889109043990041,0.09889520623572333,0.469,0.11497270389197034,0.10934120359753699,4.7423936695385125,1.254688773015488,-0.00155615234375,0.10215691089970634,0.10216876261699316,0.837,1.2439041242492666,0.033346034995928274,8.192327855997606,1.283845332565155,-0.0030555175781250003,0.060868204139931666,0.06094484771406542,0.256,0.08230041508484875,-0.04758832202738116,4.200519151365734,1.25991175743976
2004.02.18.02.52.39,2004-02-18 02:52:39,818,-0.0018983398437499997,0.11106613412551834,0.11108235613161074,0.564,0.9103188476473099,0.006291369222905599,5.077313982535362,1.3081768598093357,-0.00196337890625,0.09787101198526811,0.09789070356142099,0.466,0.20242334376545612,0.14306297874055995,4.7604111835564735,1.2627494311950143,-0.002415576171875,0.10064125209185965,0.10067023706567585,0.681,1.1381168946637095,0.027435947705124145,6.764660736377577,1.2850844080285682,-0.0032574218750000003,0.05894700218000506,0.05903693643204439,0.288,0.14984744891576796,0.02592217395295436,4.878301914116224,1.2610177805073677
2004.02.18.03.02.39,2004-02-18 03:02:39,819,-0.0020310546874999997,0.11179252158915924,0.11181097024177122,0.527,0.7821177360607581,-0.03306598687146643,4.713312109361512,1.303032098570621,-0.0014936035156249995,0.0988712692786559,0.0988825502312434,0.425,0.07330682386825416,0.06883228351898707,4.298028307381933,1.2581735514805314,-0.0017397949218750004,0.10295216586078552,0.10296686526158245,0.908,1.470107425020358,0.06698517199362512,8.818370819518192,1.2827819507896228,-0.00291474609375,0.06017981565475437,0.06025036063818415,0.273,0.06383267543223337,0.003983636507625539,4.531093210203693,1.25572424735561
2004.02.18.03.12.39,2004-02-18 03:12:39,820,-0.001701220703125,0.11376583439958977,0.11377855346468255,0.657,1.0525077600426584,0.07034812342742032,5.7743746953500885,1.3149366510128433,-0.00029326171875,0.09871709070654541,0.09871752630612257,0.537,0.0987673656982726,0.11094267122769153,5.439763536362992,1.2540675317369003,-0.0016479003906250001,0.10116712320156536,0.10118054354755228,0.847,1.1407194033479167,0.07233596823970236,8.371174637957262,1.2864587184901237,-0.0027470703125,0.0603342026303649,0.06039670853899035,0.31,0.14685954297062542,-0.0104628115685943,5.132730036105743,1.2584414223173035
2004.02.18.03.22.39,2004-02-18 03:22:39,821,-0.0015712890625000004,0.11120202791145298,0.11121312854576791,0.62,1.0037087771263522,-0.053252415447461704,5.574881384124081,1.3124973334616417,-0.002048779296875,0.09812311658957878,0.09814450318718504,0.479,0.2117358518777639,0.10159764277186278,4.880558609445833,1.260760800535384,-0.001895556640625,0.10072302087100822,0.10074085600370575,0.642,0.9153770750013566,-0.08889805662620764,6.372786826194767,1.2821849205527625,-0.0027639648437500003,0.060118074333961866,0.06018157827177059,0.269,0.07619651698259311,0.04304249152939337,4.4698063381661095,1.258049581206874
2004.02.18.03.32.39,2004-02-18 03:32:39,822,-0.002117041015625,0.11277862815009006,0.11279849657720675,0.576,0.9866371510161316,0.04436818161096069,5.106451038607128,1.3111868326407055,-0.0015304199218750003,0.09928966094181636,0.0993014549494524,0.444,0.03472672084706385,0.07107291001236553,4.471233580877643,1.2484653028259132,-0.0021521484375,0.10396913179630754,0.10399140401675035,0.562,0.7272486612490772,-0.04692434216732159,5.404292838564582,1.275349238748359,-0.0033287109375,0.059941955614323826,0.060034309851742275,0.244,0.11634236406582366,0.022888156214558232,4.064342550161236,1.2598060402559994
2004.02.18.03.42.39,2004-02-18 03:42:39,823,-0.00217099609375,0.13758972412980983,0.13760685088379956,0.657,1.4340807064842034,0.01172348147276448,4.774471589025722,1.354702834254778,-0.0013939941406249999,0.09895363938295942,0.09896345773464504,0.464,0.13176087266866698,0.07982473646640637,4.6885993135379636,1.257117665954528,-0.0006268554687499999,0.10358266872045993,0.10358456548652048,0.959,1.2361065543629408,0.010448234706038334,9.25813605044079,1.2838694164121454,-0.0028942382812500002,0.06081083346577809,0.060879668872549315,0.256,0.14081207747676627,0.005531135995292197,4.205016300859524,1.2603976637342096
2004.02.18.03.52.39,2004-02-18 03:52:39,824,-0.0020646972656249997,0.13714496765158554,0.13716050862749496,0.693,1.4277365827989597,-0.07528488159277225,5.052474702336314,1.3475097951575354,-0.000916552734375,0.0995902911593017,0.09959450869455291,0.442,0.038656059804481835,0.10424673396853597,4.437995686645464,1.2552181101251796,-0.000978515625,0.10366991698105642,0.10367453486602919,0.693,1.0778583001277804,-0.060488043961206744,6.684380121844884,1.2889159676858248,-0.0029408203124999996,0.061626617259069455,0.06169674528616765,0.269,0.09989234748069098,-0.028705866485715142,4.360035505151834,1.254531769104391
2004.02.18.04.02.39,2004-02-18 04:02:39,825,-0.0016225585937499998,0.13581586698720016,0.13582555879463556,0.737,1.5253678310169114,0.008239540065882112,5.426077437416056,1.3575767995465824,-0.0008570800781249998,0.10013581857550552,0.10013948645787472,0.432,0.07672876714476251,0.10265406280555285,4.313982578507907,1.254143323961116,-0.0011918945312500001,0.10434557778013463,0.10435238480669116,0.754,1.0518326296549354,0.030514712305132058,7.225517666862682,1.2794759578338997,-0.0030045898437499998,0.06247068592569706,0.06254289855895911,0.283,0.15393751248994336,0.0060155871008761765,4.5248942169384145,1.2628003132036592
2004.02.18.04.12.39,2004-02-18 04:12:39,826,-0.0017740234375000004,0.141271784510056,0.14128292273948928,0.713,1.3180243004515333,-0.061172011562462845,5.046611339678302,1.347071360130402,-0.0016742187500000001,0.10229732496356952,0.10231102434794112,0.53,0.24930251378887736,0.11624547028275034,5.180282412162806,1.2634387492332129,-0.0014796875,0.10412984250022225,0.10414035516656715,0.61,0.8957164410947871,0.03873641685661027,5.857479543106381,1.2806284473488465,-0.0029726562500000005,0.06151759414214835,0.06158937468605076,0.288,0.14974382475993142,-0.01446730445004661,4.6761312558873644,1.260412646561278
2004.02.18.04.22.39,2004-02-18 04:22:39,827,-0.0019691894531250003,0.13923005978867162,0.1392439846307889,0.774,1.6541833883366017,-0.03807444740499682,5.558588416241409,1.3651403717354165,-0.001378857421875,0.09883217838655595,0.09884179648520092,0.459,0.10439633326311482,0.1323572083128254,4.643784475009252,1.2524741245908921,-0.0015905761718750001,0.10291305255311806,0.10292534342113888,0.591,0.7743705611191114,-0.008899364662881715,5.742026019595675,1.2824347292049871,-0.0030323242187499993,0.060996720663551926,0.06107204697629678,0.293,0.18154732117365135,0.04401037414525539,4.797612238438951,1.2583306727243586
2004.02.18.04.32.39,2004-02-18 04:32:39,828,-0.0021341308593750006,0.1414760484750535,0.14149214397499468,0.652,1.3526310858658794,-0.004010183036345901,4.608029687607428,1.3506501458235625,-0.001558935546875,0.10146853943637561,0.10148051426451594,0.479,0.1262912600527013,0.1452197617127146,4.720117980004058,1.2547360372627352,-0.0001915039062499999,0.10497184911919905,0.10497202380277328,0.742,1.2412819488795899,-0.01049427288104824,7.068550010944887,1.2806117929893055,-0.002891357421875,0.06228259895297477,0.06234967586185292,0.298,0.1506043371472061,-0.005776718359785642,4.779495576853893,1.258567669328924
2004.02.18.04.42.39,2004-02-18 04:42:39,829,-0.002247119140625,0.14544415613965797,0.1454615141527455,0.789,1.4379920350952462,-0.033342191609270086,5.424115131728183,1.3591625121522837,-0.0015218261718750001,0.09947383946778153,0.09948547981167591,0.547,0.14375627007052927,0.12299716303171752,5.498289811090628,1.255319495634564,-0.00146416015625,0.10485733232009505,0.1048675541158942,0.798,1.136607179992562,0.013613671282190543,7.609598666886916,1.2843438597239296,-0.002862353515625,0.06310277106082358,0.06316765614777174,0.303,0.22223282813581902,0.018872510396293646,4.796758633740891,1.2630040700727876
2004.02.18.04.52.39,2004-02-18 04:52:39,830,-0.00166953125,0.14225630055719068,0.14226609709559232,0.669,1.4857916003122567,-0.05290893641618421,4.70245556501407,1.361198346028838,-0.0010769531250000004,0.10112360135048372,0.10112933589283082,0.491,0.057447217737100154,0.10506476672856796,4.855168835681116,1.2525938141590396,-0.0013169921875,0.10527193861101738,0.10528017632652288,0.71,0.8441526240555266,-0.009878247370858807,6.743909677715196,1.2792670027002842,-0.0025402832031250003,0.06173310622840305,0.06178534974700212,0.337,0.19182145272059437,-0.00430565403976237,5.454367441148159,1.2601005229343067
2004.02.18.05.02.39,2004-02-18 05:02:39,831,-0.00187568359375,0.14847332092298565,0.14848516833288014,0.693,1.621274429280505,-0.09141194306664534,4.667132803772052,1.370956524630698,-0.0010845214843750004,0.10025747631618578,0.10026334197572224,0.425,0.11691259527718678,0.15743808853067628,4.238837361943405,1.2580147046576788,-0.00173935546875,0.10263032984206388,0.10264506788412923,0.781,0.9687330804249585,-0.02898644687787143,7.608743567510043,1.2814458985283264,-0.0032818847656249997,0.0626143211014424,0.06270027092931398,0.344,0.14157113043449465,0.048781918480482474,5.486419674132081,1.2590107239154393
2004.02.18.05.12.39,2004-02-18 05:12:39,832,-0.0019019042968750001,0.14732893084374554,0.14734120640036724,0.72,1.7901524761320937,-0.02954171247899817,4.886616701396884,1.3750120899257399,-0.0012394531249999997,0.10117616900199215,0.10118376064353782,0.698,0.2823647850121591,0.14976162666335308,6.898340164080255,1.2637341261924813,-0.0015211914062499999,0.1039664160400153,0.10397754415016734,0.771,1.216493440598951,-0.0347367083385399,7.415062610889326,1.28750124199517,-0.00228828125,0.06264455548107033,0.06268633473493246,0.349,0.16543475348074743,0.029725870899489998,5.567401595191957,1.2588851733974535
2004.02.18.05.22.39,2004-02-18 05:22:39,833,-0.002075,0.15019298536071016,0.1502073183189238,0.698,1.604501405928648,-0.026767457691751137,4.646910735187945,1.365707793488971,-0.0010059570312500002,0.10007382950218568,0.10007888538938296,0.457,0.11767057915491597,0.10395191373924362,4.566397779331,1.2555226237225345,-0.001468408203125,0.10308388469207189,0.10309434274420384,1.008,1.6471158794685756,0.05171607944043901,9.777452119764076,1.2878201611115718,-0.00292958984375,0.06279084377471883,0.0628591485672034,0.276,0.13781328261809245,-0.019790822165995942,4.390768985757505,1.2598848337414275
2004.02.18.05.32.39,2004-02-18 05:32:39,834,-0.00192333984375,0.15234833064324316,0.1523604708772505,0.73,1.8112709395100914,-0.03303145187063688,4.7912689938332225,1.3857349111655284,-0.001543212890625,0.09971667229810963,0.09972861294650787,0.391,0.105078124470948,0.1253766088163197,3.9206401096716688,1.2580308336527917,-0.0016700683593749998,0.10584345144349691,0.1058566263480793,1.016,1.2871014805929466,-0.030781085805196493,9.597887586736176,1.2838758111686261,-0.0028708984375000004,0.06123981047875687,0.061307066846428886,0.293,0.11727074864176457,0.028873945283127447,4.7792206522284,1.2592507782905853
2004.02.18.05.42.39,2004-02-18 05:42:39,835,-0.002055224609375,0.15796136149588336,0.15797473112440522,0.884,1.7398433612694584,-0.03160336383365271,5.595831647935197,1.3806722983780613,-0.001276318359375,0.09971716087792962,0.09972532858862575,0.488,0.21412075709523926,0.1108916276165713,4.8934408831384815,1.2613425766409456,-0.0010323242187500001,0.10557040855361,0.10557545574359957,0.85,1.0820673732646728,0.012985103369607249,8.051113717797335,1.2806878716039325,-0.0027048828125,0.0628059979189539,0.06286421689343628,0.261,0.1475516652706137,0.02626348335890083,4.151805476912753,1.2627026145173479
2004.02.18.05.52.39,2004-02-18 05:52:39,836,-0.0016179199218750002,0.15641771767765242,0.1564260849997831,0.818,2.043003855422814,-0.06023166377335759,5.229306864012701,1.4008687944337734,-0.0018119140625000002,0.1007094539547684,0.10072575216119015,0.464,0.06757974741514516,0.13724817925469548,4.606567735105782,1.252791124247197,-0.00149775390625,0.10441267749424667,0.10442341925201094,0.818,1.2014706697801403,-0.05244288858060912,7.833491814952681,1.2888983066230224,-0.0029826171875000002,0.06292755081014062,0.06299819565868534,0.251,0.18435645794450783,-0.037795772782763665,3.9842410941399007,1.2627236549116876
2004.02.18.06.02.39,2004-02-18 06:02:39,837,-0.0012828125000000003,0.15854567219996843,0.15855086181175426,0.769,1.7222144144207405,-0.05049292633003828,4.850178619104735,1.3804991080042683,-0.00152607421875,0.10230686932724198,0.1023182506401595,0.481,0.18526854691342232,0.0749263209175124,4.701018606070748,1.259667940140321,-0.0009589843749999999,0.10426477327757806,0.10426918335566003,0.857,1.00823410934112,0.02264088204525627,8.21911107787994,1.280925147425843,-0.002777490234375,0.0635471477830227,0.06360781747049159,0.354,0.19453624386165203,-0.00015823036649806693,5.5653536637100425,1.2585981500029153
2004.02.18.06.12.39,2004-02-18 06:12:39,838,-0.0018984375000000002,0.16184255628512034,0.16185369038067607,0.752,1.6780698803653467,-0.06075600467396176,4.646171478891298,1.3840788179483967,-0.001754931640625,0.10098924346193934,0.1010044903956162,0.459,0.12088888231862294,0.10136028892770871,4.544352416433968,1.2546479576680793,-0.0018471679687500002,0.10455096218185404,0.1045672784510348,0.828,1.0069759355443688,0.05360656096238305,7.918347041878147,1.2796164043009606,-0.0031016601562500004,0.06348255186880196,0.06355827788337251,0.271,0.15064382247287078,-0.013312519881298794,4.263803378959963,1.2610622813430958
2004.02.18.06.22.39,2004-02-18 06:22:39,839,-0.0017682617187499995,0.16323885277464278,0.16324842971583983,0.803,2.0147890195042253,-0.03924922652070763,4.918883455098164,1.3981904516596395,-0.0021638671875,0.1021106372009112,0.10213356231318503,0.579,0.21163840108426424,0.12487269104426574,5.6690473423862295,1.2612259769437162,-0.00159775390625,0.10458402028819969,0.10459622420139028,0.859,1.2565714201477105,0.04682651656048814,8.212533545628526,1.2828113002939587,-0.00276357421875,0.06302377761017036,0.06308433947279427,0.276,0.1289239651508698,-0.004107198297524678,4.3750953454783765,1.2606797230365065
2004.02.18.06.32.39,2004-02-18 06:32:39,840,-0.00204306640625,0.161164936383518,0.16117788570347902,0.95,1.7975665514054597,-0.0595620674362826,5.8941088341841565,1.3858512663588631,-0.0014678710937499999,0.10115677779711987,0.10116742726709893,0.474,0.07677129367354185,0.10948748969525392,4.685302501056597,1.2543142621742156,-0.0015224609374999997,0.10766787030626888,0.1076786338304575,0.701,1.0516839853048818,-0.04247615877085264,6.5101123134951795,1.2815219912737532,-0.002840966796875,0.06480599843417027,0.06486823972785623,0.378,0.1965242625093797,-0.024622134896051827,5.82719681597397,1.2620268113901425
2004.02.18.06.42.39,2004-02-18 06:42:39,841,-0.002097509765625,0.16384683626947907,0.16386026151185765,0.791,1.9389616056842724,-0.05274738790808231,4.827283886293321,1.4030334379086913,-0.0014131835937500003,0.10218517286160138,0.10219494430070893,0.459,0.16181849221969324,0.16179929640989182,4.491415922194656,1.2597674579437088,-0.0023525390625,0.10485558629814705,0.10488197375130175,0.769,1.37686904723458,-0.07675755728614563,7.33205118568295,1.2874754385283462,-0.00269443359375,0.06324870527540562,0.06330607152087586,0.281,0.16042209503933247,0.002362626699979989,4.438752764927725,1.2609029667718346
2004.02.18.06.52.39,2004-02-18 06:52:39,842,-0.002159423828125,0.16412653043382763,0.1641407356615524,0.75,1.7150538029522133,-0.07858510973253754,4.569249656261146,1.3878662793841112,-0.0017502441406250003,0.10160929006291124,0.10162436313030761,0.491,0.24776684544337169,0.11111976535241183,4.831518593335895,1.2604946227865892,-0.0020407226562499997,0.10562929772074492,0.10564900892075373,0.786,1.3003553832930868,-0.027637736896052072,7.43972904269808,1.2913368450467648,-0.0026066894531250003,0.06384843460677475,0.0639016230751663,0.259,0.08017739347883301,0.017147010011398692,4.053105187881427,1.2556791651157333
2004.02.18.07.02.39,2004-02-18 07:02:39,843,-0.0017100585937499999,0.16521983229855364,0.16522868178726188,0.771,1.9828216546950355,-0.07342365663585557,4.666260068531512,1.401399378212427,-0.0010925781250000002,0.10338247650749145,0.10338824969879919,0.454,0.11146958323756762,0.14495385600402172,4.39121468177126,1.2562244018649482,-0.0007835449218749999,0.10429147655847062,0.10429441991492461,0.786,1.0029180679351306,0.06501277501617299,7.536357176550371,1.2824806496719905,-0.0033072753906250004,0.06416109992778873,0.06424628249520065,0.354,0.28187423845352066,0.017835070153379495,5.510046437728823,1.2670959761536247
2004.02.18.07.12.39,2004-02-18 07:12:39,844,-0.002062841796875,0.16664426319320277,0.16665703036921176,0.879,2.070871004476122,-0.037869769467666896,5.274304948628117,1.4056545925602761,-0.0014929199218749998,0.10207579209922886,0.10208670894185064,0.549,0.20630163360980358,0.15403487534364657,5.377781355579938,1.257970590171127,-0.002230810546875,0.1053569796550676,0.10538059440776738,0.642,0.7295235007311711,-0.01808175818258529,6.092203252486869,1.279974576867213,-0.00273134765625,0.06370910601475623,0.0637676285368897,0.283,0.22842265377403637,0.011826903207661152,4.437988466770156,1.2635291950087182
2004.02.18.07.22.39,2004-02-18 07:22:39,845,-0.00135634765625,0.16765329059812437,0.1676587770662298,0.811,2.1819720509307796,-0.05119790670309508,4.83720574724002,1.408873006520037,-0.0015426757812500003,0.10278136465802151,0.10279294124370239,0.491,0.17076503333012605,0.1326901598663612,4.776592575903952,1.2577981695070646,-0.0005750976562499999,0.10575226257640791,0.10575382630119702,0.657,0.7785644058257728,0.01672987710006307,6.2125411720688115,1.2771417972887398,-0.00297314453125,0.06521476659998138,0.06528250432614965,0.298,0.1931899643253585,0.01629976896728986,4.564775862629288,1.2590528361476758
2004.02.18.07.32.39,2004-02-18 07:32:39,846,-0.001411767578125,0.1664857246490363,0.16649171030297388,0.901,2.246652075464767,-0.01854510325282202,5.411680848015808,1.4069708451005172,-0.0012893066406250001,0.10102588063227692,0.10103410745456519,0.432,0.11180904820970161,0.08175410315906506,4.275783800973047,1.2572898721670096,-0.0015307128906249998,0.10488065173090602,0.10489182136588689,0.667,1.0139793745467953,0.0778952592797976,6.358932386857409,1.2890047982942936,-0.0028430664062499998,0.06475146053471229,0.06481384626735825,0.286,0.22877989582056024,-0.017795349900818713,4.412637367951363,1.2628244107323925
2004.02.18.07.42.39,2004-02-18 07:42:39,847,-0.0014232910156250001,0.1642119678502848,0.16421813585161088,0.859,2.048758309317642,-0.07262711095512056,5.230847345485646,1.405897846391956,-0.0017313964843750005,0.10001959168728905,0.1000345762977888,0.493,0.1272674204847033,0.14296514208501973,4.928295977706835,1.2569710000071872,-0.0009355468749999999,0.10635184248748199,0.10635595727761328,0.796,1.0664377084268866,0.010397926117147956,7.484301024363484,1.283533983326863,-0.002920068359375,0.06305802300444967,0.06312559753739465,0.31,0.14703945495783977,0.013779297625461822,4.910844603353825,1.2601184640169232
2004.02.18.07.52.39,2004-02-18 07:52:39,848,-0.0019080078124999998,0.1702728601642998,0.1702835500051128,0.818,1.7639682780390604,-0.08757315432309917,4.803752329426062,1.3960685279159937,-0.0010341308593749998,0.10183981302381237,0.10184506342164737,0.481,0.07252662048020708,0.11455118224013183,4.722860233378405,1.2554038129867147,-0.0005076171875000004,0.10627122003441691,0.10627243237459327,0.72,0.8917701305836458,-0.09118515320060294,6.775040185982715,1.281565379031086,-0.00319228515625,0.06443922417562292,0.06451824778211974,0.288,0.20008477150746096,-0.016467923181761376,4.463853404273865,1.261924817996188
2004.02.18.08.02.39,2004-02-18 08:02:39,849,-0.0013025390624999997,0.17362018243124677,0.1736250683382695,0.857,1.9486580019141293,-0.028579715925904556,4.935923183225637,1.4001790070759286,-0.0017544433593749999,0.10352372022489276,0.10353858566111054,0.452,0.17491026844173385,0.12447010836928339,4.365522255436534,1.2610534683111898,-0.0010425292968749998,0.10476156380947062,0.104766751019303,0.659,0.8534951073726251,-0.06266981312204713,6.290163564188232,1.2836259056060069,-0.002744873046875,0.06508055553747152,0.06513841445037924,0.273,0.1694293667658262,0.0050611348389121655,4.191075301778559,1.2629543918178656
2004.02.18.08.12.39,2004-02-18 08:12:39,850,-0.0016712890624999998,0.17297847521185855,0.17298654888097514,0.762,1.8538147939928216,-0.0979647691110277,4.4049667730194475,1.400339819837992,-0.0020107421875,0.1016276458461496,0.1016475355548525,0.557,0.17609337163877203,0.12472221395555326,5.4797196701283895,1.259170663707296,-0.0026980957031250007,0.1058192934557182,0.1058536848101691,0.801,1.527576038038343,-0.016891441425074916,7.567048813052278,1.2865968129570249,-0.0030414062500000003,0.06481571264620146,0.06488703073660021,0.305,0.23850227542978297,0.036574649067465256,4.70047706818493,1.2649073744841635
2004.02.18.08.22.39,2004-02-18 08:22:39,851,-0.0019521484375,0.17328314036185247,0.173294136130417,0.869,1.9501769099867907,-0.0940932488269641,5.014595527606378,1.3996861935416591,-0.0014613769531249998,0.1028565458105256,0.10286692684566734,0.474,0.05790787268751885,0.10019761201927933,4.607895020633295,1.2553291152450885,-0.0020658203125,0.10624648047346774,0.10626656212827484,0.732,0.8578493805596445,-0.046515855322058285,6.888338018467178,1.2790047839941683,-0.003035791015625,0.06566749842854207,0.06573763288218648,0.305,0.18521530909576667,-0.005139038834754638,4.639655956986072,1.260696597575612
2004.02.18.08.32.39,2004-02-18 08:32:39,852,-0.0023975097656249995,0.16847142904928453,0.1684884876155768,0.82,1.923412204252612,-0.09955168912419246,4.866801356012592,1.3968098877162427,-0.0015329589843750002,0.10207261693788935,0.10208412752135795,0.457,0.12540972089480196,0.10788776881683612,4.476699866043199,1.2563649140617092,-0.001148974609375,0.10811726952099343,0.10812337449103282,0.684,0.8404071126795825,0.027748595478264394,6.326106664907387,1.2795096311799368,-0.00268798828125,0.0646403633534699,0.06469622752115266,0.305,0.20938536742395453,0.011607946698523889,4.7143397951647055,1.2641961869639782
2004.02.18.08.42.39,2004-02-18 08:42:39,853,-0.0024887207031250003,0.1629063913824323,0.16292540036465886,0.745,1.854188484898926,-0.08995591302376339,4.572644893506749,1.3878558582876588,-0.001166748046875,0.10206959643965723,0.10207626471594353,0.464,0.08228665422791748,0.09873158499341078,4.545620877597873,1.2570144649146155,-0.00135419921875,0.10458095946192086,0.10458972673020998,0.688,0.8194387599930484,0.013960116771567423,6.578083923813104,1.2791634688149514,-0.003222705078125,0.0636672652633993,0.06374877641288988,0.278,0.15859680458446102,-0.03790849853367436,4.360868014147311,1.2649412336862804
2004.02.18.08.52.39,2004-02-18 08:52:39,854,-0.0012291015625,0.16105276379906622,0.16105745377960237,0.752,1.866960290933977,-0.11141272280160232,4.669141243404156,1.3926599726092914,-0.0004780273437500003,0.10135344881904551,0.10135457610614457,0.471,0.24532431006422994,0.12755163462629732,4.647052142043795,1.2623647585237496,-0.0012180175781249998,0.10560370660727304,0.1056107305912407,0.881,1.4801369563831175,-0.009113131861510373,8.341955358777431,1.2908034908136643,-0.002725341796875,0.06445567761900096,0.06451326890829805,0.315,0.17964744131816301,-0.008738344793619405,4.882716460202236,1.2597712855345686
2004.02.18.09.02.39,2004-02-18 09:02:39,855,-0.0018247558593750002,0.1632414843994758,0.1632516828791992,0.779,1.8855745636299526,-0.1450994003320891,4.771773168037931,1.3910564604789777,-0.0012993164062500002,0.10209960363308322,0.10210787082863029,0.481,0.1488915186527997,0.09305940093427668,4.7107044353835565,1.2586304575785863,-0.0016989257812500002,0.10519741012259905,0.10521112795380773,0.691,0.7920976033574738,-0.08923504632534864,6.567746334811457,1.279179356501606,-0.0027486328124999996,0.06467959566808569,0.06473797245917576,0.291,0.13020820459561921,-0.0057538171800981764,4.495043464382619,1.2607943391828338
2004.02.18.09.12.39,2004-02-18 09:12:39,856,-0.0028531249999999998,0.16555587003641892,0.16558045303048682,0.791,2.042238958693522,-0.10218524889225876,4.777133928087275,1.401673233844127,-0.0011230957031249998,0.10367215563162197,0.10367823878358286,0.483,0.1765053750042238,0.13309771807910123,4.658643951390903,1.2588196031616634,-0.002224853515625,0.10675878539612507,0.10678196585763851,0.671,0.8530515780025816,-0.010940554048403682,6.283832617340796,1.2793398947839596,-0.00301552734375,0.06588735321432404,0.06595632432716365,0.298,0.14541684873021632,-0.031236108790568637,4.51814140705944,1.2585911996626251
2004.02.18.09.22.39,2004-02-18 09:22:39,857,-0.0015997070312500001,0.17136904456029367,0.17137651092286174,0.811,1.9705789740506274,-0.08938233767076162,4.732270458960617,1.4027425625037802,-0.0015875488281249998,0.10303666695670258,0.10304889639791454,0.481,0.17675836892421826,0.14393788400900767,4.667687057439795,1.259860464253587,-0.001131201171875,0.10661678796374248,0.10662278880144185,0.718,1.0626613260431172,-0.06074972636573648,6.734020072735993,1.286557825927139,-0.0031018066406250005,0.06479836918534139,0.06487256626275567,0.305,0.2237748629619043,-0.03954095388767976,4.701525121800294,1.2638109967983433
2004.02.18.09.32.39,2004-02-18 09:32:39,858,-0.0012562499999999998,0.1615832749578178,0.1615881583228061,0.82,1.6569415578388575,-0.17044503912979747,5.074629282932222,1.3775482479305794,-0.00147216796875,0.10166398058326402,0.10167463905302294,0.459,0.12846731362964325,0.12091980391831222,4.514400093032376,1.2579253156181078,-0.0003006347656249999,0.10507819679173849,0.1050786268575376,0.967,1.346849116225786,0.03783866022246693,9.20263262776577,1.2844348830091743,-0.003333544921875,0.06519196733652825,0.06527714092201897,0.349,0.2423242272095414,0.017878867515954314,5.3464351390162825,1.262393374588833
2004.02.18.09.42.39,2004-02-18 09:42:39,859,-0.0018758789062500003,0.16047503524755521,0.1604859989512325,0.781,1.9853903021851318,-0.10380837841557744,4.866468134938834,1.3881464672129744,-0.0010384765625000001,0.10085299763931357,0.10085834405940963,0.459,0.07617420527388008,0.1328277114782562,4.55093730003767,1.2554176824718108,-0.0013798339843749997,0.1060498842193672,0.10605886047269047,0.745,0.8485290311045603,0.019852118474998206,7.024401324694914,1.2805876926219362,-0.0029830566406249997,0.06463166412714784,0.06470046858227245,0.278,0.25484866019608887,-0.06165016344645277,4.296723131865701,1.2659568072763976
2004.02.18.09.52.39,2004-02-18 09:52:39,860,-0.0016989746093750001,0.162632404168626,0.16264127827950267,0.786,1.7371857208364938,-0.15033206491660875,4.832721485681153,1.3807218281508862,-0.000981201171875,0.10152229198383445,0.10152703347084768,0.491,0.1798268330830921,0.11597073873420936,4.8361503652225295,1.2614234466986545,-0.00112470703125,0.10556607719901126,0.10557206837555921,0.83,1.1304928364067202,-0.07362220963065545,7.861927996403182,1.280985180194171,-0.0030022949218750004,0.06476422717586043,0.06483377897735389,0.254,0.07809327496193363,0.018289705938771696,3.9177108600860815,1.2580459517531575
2004.02.18.10.02.39,2004-02-18 10:02:39,861,-0.002241943359375,0.15965523251698166,0.159670972878849,0.82,1.9300105775150938,-0.22381391663019728,5.135560867548407,1.3840680781746002,-0.00078515625,0.10161979410085707,0.10162282727535925,0.547,0.04782455729266433,0.07099889621200936,5.382648905425922,1.2546466725178214,-0.001195166015625,0.1063319910946288,0.10633870768423474,0.679,0.7517987883231587,-0.022504219515409905,6.385257210537507,1.281146289082884,-0.002820263671875,0.06473638226679783,0.06479778604375211,0.291,0.1593173723564698,0.009560869242815314,4.4908941765929145,1.2618356359874858
2004.02.18.10.12.39,2004-02-18 10:12:39,862,-0.0019755371093750002,0.1652278101154626,0.16523961989311728,0.754,1.6979109469031757,-0.16735594954092947,4.563070288395201,1.3755354379811495,-0.0017455566406250002,0.10419068097827892,0.10420530202779091,0.476,0.13167471134708864,0.10176168703263377,4.5679057661869615,1.2554951683489897,-0.00280478515625,0.10807642910405361,0.1081128176843812,0.771,0.9319503219717209,-0.004965463824776774,7.131439328968526,1.2797906847374971,-0.002600341796875,0.06525980297739796,0.06531158903371878,0.315,0.13257649129065774,-0.054614104516296814,4.823033777931405,1.2597264684791438
2004.02.18.10.22.39,2004-02-18 10:22:39,863,-0.0010315429687500002,0.16351984655074325,0.16352310019344363,0.75,1.7972944059008533,-0.16869093418968822,4.586507955834798,1.3756971386256003,-0.0012737304687500002,0.10167129832780601,0.10167927661509375,0.518,0.10157564097321847,0.12539533867812536,5.094450090954971,1.2562326773097305,-1.030273437499995e-05,0.10451414630861838,0.10451414681642685,0.708,0.6982863942568325,0.023532817751845847,6.774202551196841,1.275788141358871,-0.0031163574218750004,0.06414362535623473,0.06421928337673877,0.3,0.21586996555130877,-0.010195325896891205,4.671494047046073,1.2620278096299924
2004.02.18.10.32.39,2004-02-18 10:32:39,864,-0.00214765625,0.16179882762092818,0.16181308058026397,0.732,1.86228053024346,-0.15425541434590959,4.523738114218194,1.3861775474291635,-0.0014549316406250001,0.10226159402910867,0.10227194355957614,0.437,0.16745948957403511,0.16537632690006895,4.27292163217213,1.261684895895211,-0.0004044433593749999,0.10593414610188107,0.1059349181562228,0.864,0.8091813822466363,0.0567925335337512,8.15595098422462,1.2747352455843197,-0.0031404785156249997,0.06478556306618222,0.0648616357110224,0.305,0.19344515868647072,-0.03855566438397643,4.702317427806854,1.2649047625212833
2004.02.18.10.42.39,2004-02-18 10:42:39,865,-0.001972119140625,0.16013174127715762,0.16014388473606908,0.801,1.8024402637382293,-0.11947506358560156,5.001752026436208,1.3770040038620786,-0.0013101074218750002,0.10124591607981046,0.10125439202472589,0.483,0.11968426816969746,0.11900483069919153,4.770163450115364,1.2543711138571787,-0.0004359863281249999,0.10437892350365117,0.10437983404786279,0.652,1.0555588663981084,-0.0724780339953214,6.246417288812982,1.2860854009356593,-0.0033698242187500003,0.06353950963561747,0.06362880636944244,0.4,0.25069839162883856,-0.015881243716760952,6.286460847269624,1.265241679527836
2004.02.18.10.52.39,2004-02-18 10:52:39,866,-0.001413232421875,0.153615046815428,0.15362154742738524,0.789,1.9897856647817393,-0.2460716480050523,5.135998258141159,1.3787287066953482,-0.001305078125,0.10281609033241779,0.10282437288968142,0.483,0.12604943069520802,0.12632920290910116,4.697329888101557,1.2584684963711312,-0.0007830078125000001,0.1059149938497995,0.10591788811828483,0.669,0.7416997051893457,0.003464953638026135,6.316213548866154,1.281954839993377,-0.003202490234375,0.0650010919653613,0.06507993469872742,0.298,0.07594502492234989,-0.007898263439264327,4.578984311823951,1.2567212280128812
2004.02.18.11.02.39,2004-02-18 11:02:39,867,-0.0022296875,0.15116738632709387,0.1511838291462169,0.771,1.9097440860459338,-0.2504137519454045,5.099751768122834,1.3730478280041127,-0.0018780273437500002,0.10030795533715722,0.10032553458928091,0.427,0.05196669874907611,0.08484763091705133,4.256144776582351,1.2547032731314856,-0.001835302734375,0.10773759523743358,0.10775322623324034,0.745,0.8364502515346253,-0.043593282027265236,6.913946115983468,1.2751603195760777,-0.0026366210937500004,0.06363238067079521,0.0636869817201679,0.3,0.15271474944318175,0.007547179277460893,4.710538824373244,1.2615040308540972
2004.02.18.11.12.39,2004-02-18 11:12:39,868,-0.0015782226562499999,0.14980795366995223,0.14981626670535897,0.815,2.010027807180684,-0.20060921080611888,5.439996723472266,1.3719180696108544,-0.0008115722656250005,0.10109416147940144,0.10109741903117817,0.493,0.05639952696792205,0.09865364405986768,4.876484530707556,1.2551978069745875,-0.00201806640625,0.10577562469242957,0.10579487403033168,0.754,0.8817826624923075,0.04157022340143413,7.126999364674569,1.2800680481128708,-0.0031953125,0.06360210354763114,0.06368231777861301,0.298,0.19412273314788653,-0.03410647032180992,4.679477920950923,1.260151413772041
2004.02.18.11.22.39,2004-02-18 11:22:39,869,-0.0016171875,0.1493264383586212,0.149335195075646,0.828,1.8515875312725703,-0.22664285420487984,5.544573732806758,1.3703165288976882,-0.0010708984375,0.10155859200545422,0.10156423796589896,0.498,0.08428446622487984,0.10903312277315427,4.903300708731824,1.2527904789201196,-0.00216083984375,0.10553952352117149,0.10556164196291308,0.688,0.9684537535209854,-0.08418899031795661,6.51751893212986,1.281724363111031,-0.00283515625,0.06536645255409564,0.06542790865119219,0.281,0.10033397709653036,-0.05336248440045794,4.294803330763038,1.2623421503513137
2004.02.18.11.32.39,2004-02-18 11:32:39,870,-0.00231279296875,0.1498007290054314,0.1498185816975818,0.825,1.824710659518746,-0.22176533434565227,5.50666005946655,1.3668251139137177,-0.0014878417968749997,0.10210363984769029,0.10211447959696691,0.498,0.07925720840091266,0.13807708695892354,4.876879380530006,1.2560244310400557,-0.0013363281249999998,0.10703704577644406,0.10704538729625976,0.764,0.8805006103881943,0.0007845626827099526,7.13715947316391,1.2763931818791243,-0.0031205078125000002,0.06405219756591787,0.06412816527884803,0.286,0.11284052235979392,-0.06069089415188806,4.459818844908291,1.2602069391160404
2004.02.18.11.42.39,2004-02-18 11:42:39,871,-0.0022666015625,0.14984583978526272,0.149862981364958,0.798,2.1437787973431313,-0.1816334420582538,5.324864037347878,1.3787920488635408,-0.0015779785156250004,0.10121441250265374,0.10122671245502901,0.425,0.06676376745516022,0.09436644178632302,4.198496520261987,1.2560233565755516,-0.0014439941406249998,0.10634522749149919,0.10635503057823299,0.811,0.8635927922953694,0.03625878770733258,7.625403289254305,1.2826422637491495,-0.002893408203125,0.06465111684784118,0.06471583052625629,0.298,0.15281234652720688,-0.009437313933629617,4.604746591007534,1.2573249799860253
2004.02.18.11.52.39,2004-02-18 11:52:39,872,-0.0019315917968749999,0.1671725164372373,0.16718367533592543,0.881,2.348869356891682,-0.25217780349263674,5.269653261478966,1.4077785949767605,-0.00178212890625,0.10370845691693979,0.10372376786219853,0.474,0.09885105133560623,0.15693292990275134,4.569830134108986,1.2573009524580185,-0.0012575195312499998,0.1075960707712404,0.10760341909428923,0.703,0.7630665091769977,0.017267335557253093,6.533249648730816,1.270762395296334,-0.0027725585937499997,0.06741768077116694,0.06747466755545187,0.322,0.13245575182501845,-0.009857173654228241,4.772161340926575,1.2603851086064288
2004.02.18.12.02.39,2004-02-18 12:02:39,873,-0.002054736328125,0.16998675236189367,0.16999917035068693,0.891,2.207939092072202,-0.2761867034088642,5.2412020491745865,1.3941204512101784,-0.001321044921875,0.1033411092915654,0.10334955263230158,0.566,0.20465181411225597,0.15607140939645592,5.476559748775326,1.2620956893436972,-0.0011279296875,0.10739371399607174,0.10739963701637915,0.671,0.6967065825452257,-0.03427159706698544,6.247693368811555,1.273949160117277,-0.0030739257812500004,0.06620323750446512,0.06627456281094013,0.259,0.12437081003696848,-0.04127293695736121,3.9079850400347893,1.2634607617498457
2004.02.18.12.12.39,2004-02-18 12:12:39,874,-0.00287421875,0.16034146911557112,0.16036722810961876,0.991,2.159949000136547,-0.31137237028976983,6.179566808516535,1.381449181888881,-0.001775244140625,0.10485603608358963,0.10487106271475403,0.415,0.022319212971209534,0.08959421359076035,3.9572403412062944,1.2514016420358196,-0.002449755859375,0.10901911079482846,0.10904663141182136,0.85,0.9212196932707015,-0.0028577008711637513,7.794830422499915,1.2799025097523102,-0.002341552734375,0.06700881611723017,0.06704971518687179,0.31,0.13121528469819577,-0.02097856005176387,4.623435000969212,1.2600773998488968
2004.02.18.12.22.39,2004-02-18 12:22:39,875,-0.0019133789062500003,0.15941694796215164,0.1594284300757122,0.84,2.3122078844081724,-0.2831181648361705,5.268821875753815,1.3886430766979172,-0.0007434570312499997,0.10463954408207819,0.10464218515523509,0.459,0.09084799837738133,0.06989835211076785,4.386376290967935,1.2565696226308707,-0.00087197265625,0.10786719769915229,0.1078707220508941,0.71,0.6442358187330357,0.030405335989933092,6.581952790350448,1.270332688697445,-0.0026915039062500004,0.06833769724914933,0.06839067961786716,0.288,0.15130306694156292,-0.03385573729675262,4.211100132491732,1.2629128903986087
2004.02.18.12.32.39,2004-02-18 12:32:39,876,-0.0015137695312499998,0.1593916250699241,0.15939881317194618,0.84,1.9357105328770965,-0.22602988829770954,5.26980084283236,1.3745975328992845,-0.0003558105468749997,0.10395194488858954,0.10395255382753049,0.476,0.10526756258892078,0.12359119656672224,4.5790120826635965,1.2591642367308866,-0.000680029296875,0.1082330958564478,0.10823523214977471,0.652,0.681497691413179,-0.004615381735548031,6.023916492346685,1.2766345286102958,-0.00286220703125,0.0673704526339089,0.06743122509036523,0.291,0.09891840472972158,-0.01181439122295556,4.315508128615906,1.2606268392400408
2004.02.18.12.42.39,2004-02-18 12:42:39,877,-0.0024787109375000002,0.15435227513627575,0.15437217640383338,0.828,2.0163595484224386,-0.21668729933862088,5.363660857083304,1.3730588610519048,-0.001350537109375,0.10495165518689702,0.10496034430656716,0.593,0.1744754682557761,0.13400851314848483,5.649752808241285,1.2618069672134347,-0.0022337402343749996,0.10999405614389901,0.11001673501073314,0.75,0.845896754520095,-0.018877896866564096,6.817144681914352,1.276187072199867,-0.0032424804687500005,0.06721631498451305,0.06729447733423226,0.327,0.20983146117028895,-0.04195436298982013,4.859239761620933,1.2651404733843938
2004.02.18.12.52.39,2004-02-18 12:52:39,878,-0.0017747558593749998,0.15020805134514342,0.150218535631478,0.784,1.9590216132875486,-0.2370123538629667,5.219062991822391,1.367354702014167,-0.0025282226562499998,0.10531615945220811,0.10534650137314717,0.417,0.01193135778380583,0.10352152024817271,3.9583659121525727,1.2533673073163396,-0.0029022949218749997,0.1083206844435867,0.10835955884988008,0.818,1.0133575991621164,-0.03429184277495228,7.54894177017873,1.2798301743705356,-0.002627685546875,0.06698237805451981,0.06703389964168782,0.3,0.11368936406824615,-0.036760056216069065,4.475347571953467,1.26163716376444
2004.02.18.13.02.39,2004-02-18 13:02:39,879,-0.00179677734375,0.1537774429566012,0.1537879396152174,0.92,2.3246693265761564,-0.21851439279646662,5.982263643702303,1.3790792307818776,-0.0017583984375,0.10550275529472558,0.10551740775741106,0.461,0.0627632979421433,0.12420062555034242,4.368947359471324,1.2535960518748155,-0.0019986328125,0.10951118930989791,0.1095294258050662,0.828,0.9482614002738288,0.00883504970623152,7.559612349959946,1.2767062345689424,-0.00309453125,0.0669305212673861,0.0670020208708756,0.3,0.15632811034375793,-0.05293255909274306,4.477476889512803,1.2625188038336776
2004.02.18.13.12.39,2004-02-18 13:12:39,880,-0.0023980468749999996,0.15557643493010212,0.15559491551581947,0.859,2.1431939239028583,-0.21989770583782894,5.520745952091633,1.3746972077810962,-0.0012378417968750002,0.10550677843870523,0.10551403958160319,0.503,0.06711661916563649,0.12980816697154648,4.7671381173022604,1.2529912650830666,-0.0019623046875000003,0.11022681447744313,0.11024427998554506,0.715,0.785560587515338,0.015467210801605985,6.485597258141183,1.273722388953619,-0.002873974609375,0.06821879070102528,0.06827930238927185,0.31,0.23874804065731325,0.009143573928876323,4.5401752676475455,1.2662554777093085
2004.02.18.13.22.39,2004-02-18 13:22:39,881,-0.002322119140625,0.15188246573407468,0.15190021604581616,0.862,2.4133470314032275,-0.2739881794386948,5.674777972270977,1.3765037743669242,-0.0012121582031250002,0.1055630326669804,0.10556999191701862,0.476,0.0696058184570485,0.1082688959118502,4.5088570279909765,1.256282468284908,-0.001283251953125,0.10916892502978665,0.10917646691359074,0.667,0.7262371229562823,-0.02591854296173511,6.109375205628394,1.275831378954403,-0.002890869140625,0.06771167587233318,0.0677733588796374,0.305,0.1111540380046856,-0.023072859149008244,4.500293404989224,1.2622653960225623
2004.02.18.13.32.39,2004-02-18 13:32:39,882,-0.0017062500000000005,0.1502286335031333,0.1502383227185436,0.823,2.702736207714878,-0.26401414668564394,5.4779631794865535,1.3825533830399797,-0.0007897949218750001,0.10690030906174688,0.10690322658140691,0.479,0.01447333999762579,0.09253037239054684,4.480687957862909,1.2542891862662802,-0.0004650878906250001,0.1090277512331476,0.10902874320885812,0.762,0.8678310940174065,0.04168176943137442,6.988982699179557,1.2781425596051588,-0.0034580078124999995,0.06803438349995308,0.06812220751157438,0.315,0.16928234034771927,0.0003256996459413297,4.624042753554038,1.2619422784609347
2004.02.18.13.42.39,2004-02-18 13:42:39,883,-0.0018929687500000001,0.1519661055489604,0.15197789499268058,0.796,2.34280981199709,-0.25275323189338067,5.237603797830838,1.3742931136044756,-0.0017065429687499998,0.10713845824228249,0.10715204861988174,0.413,0.10758933587919461,0.13164277819746478,3.8543360142847427,1.2574845173340543,-0.0020581542968750003,0.10842432415860212,0.10844385675712283,0.588,0.5202986149089726,0.02791474024173124,5.4221605315727475,1.2712786662807924,-0.00264150390625,0.06833795411583717,0.06838898680069036,0.325,0.19255682126690354,-0.04690736399332499,4.752227152409271,1.267443740523751
2004.02.18.13.52.39,2004-02-18 13:52:39,884,-0.0026937988281250003,0.1554396239696517,0.15546296424535694,0.933,2.4550896454244606,-0.28264150450619513,6.001429372770145,1.377604146355513,-0.001078759765625,0.10667058987445857,0.10667604448420871,0.471,0.07596495896467381,0.08327655750267915,4.4152368254498064,1.2586585513044708,-0.0017770996093750002,0.10910557160323658,0.109120043245458,0.72,0.697298730419055,-0.03769315688175875,6.598237854253867,1.273399096433491,-0.002575341796875,0.0682211311954177,0.06826972335488936,0.354,0.15341483925250365,-0.0396600711756406,5.185314698871519,1.260653149422299
2004.02.18.14.02.39,2004-02-18 14:02:39,885,-0.001788330078125,0.15591505308926573,0.15592530873561505,0.771,2.241556979939597,-0.23518452245318444,4.944675154097643,1.3762655461103521,-0.002261962890625,0.10806357936877165,0.10808725022919852,0.586,0.14602845781852425,0.12892596654047592,5.4215460080387805,1.256250037423712,-0.00239150390625,0.11129195902067743,0.11131765104238299,0.586,0.41925444097853415,0.03797010251957053,5.264214565369214,1.2687579546075851,-0.0027708984375,0.06803490568362912,0.06809130832588876,0.317,0.19622170684181706,-0.046052304261523395,4.6555134244567675,1.261773903422013
2004.02.18.14.12.39,2004-02-18 14:12:39,886,-0.002368701171875,0.15532462366813893,0.15534268396963735,0.974,2.617530006241532,-0.1282857090451546,6.270008828934448,1.3820517481017958,-0.0017092285156250005,0.10700091391617643,0.10701456462096935,0.608,0.21725574278653337,0.08589674494689235,5.681469640636778,1.2568080261524794,-0.0014772460937500002,0.1082490602849385,0.10825913960767354,0.654,0.5579949037752532,0.013103317163005434,6.041060388712379,1.2693581030654675,-0.0029549316406249997,0.06953669761029861,0.06959945355781808,0.31,0.13502611063653003,0.007708416923629559,4.454057958119957,1.2628133752418516
2004.02.18.14.22.39,2004-02-18 14:22:39,887,-0.0007295898437500001,0.1544374055399465,0.154439128886594,0.859,2.784423139432196,-0.1713738248327954,5.562061934645922,1.385274154095691,-0.0011123046875,0.10896150178862334,0.10896717897490969,0.476,0.1540588575188755,0.08859596060852919,4.3682878136140575,1.257568196877758,-0.002569140625,0.1130706499482966,0.1130998336129689,0.808,0.9590684438836092,-0.033020408247420446,7.144130757654347,1.279171066669761,-0.0028672851562499997,0.06955553413048093,0.06961460803842646,0.303,0.17927487596913805,-0.055019815972885154,4.35253474145466,1.261786026369287
2004.02.18.14.32.39,2004-02-18 14:32:39,888,-0.0018160644531250002,0.1553431436876487,0.1553537588243663,0.845,2.6161640824110908,-0.287457059479743,5.4391989379240355,1.3809037207932628,-0.000908544921875,0.10708277129143166,0.10708662550163828,0.496,0.03576375169707591,0.0942059671983218,4.631764215900256,1.2549067919743242,-0.001321484375,0.11066542899722741,0.11067331880852652,0.874,0.9406332717289265,-0.0507225558050979,7.897115668068907,1.2776299135646203,-0.003320458984375001,0.06833468154988145,0.0684153064042735,0.31,0.1584363564074569,-0.019020479986422107,4.531149771780254,1.2611059634483943
2004.02.18.14.42.39,2004-02-18 14:42:39,889,-0.0017677246093749997,0.1636560909850357,0.1636656377093154,0.918,2.8264607572837583,-0.25568320772886743,5.608996566710289,1.3996524371402987,-0.00197587890625,0.10865381659002635,0.10867178086803975,0.496,0.12114727677785231,0.14800716291122942,4.564202371932169,1.2590018895099606,-0.001299365234375,0.11221527023804323,0.11222279280346474,0.581,0.42549076347054227,-0.021481518856088816,5.17720139987518,1.26587856686924,-0.00321259765625,0.07136414799213123,0.07143642209926075,0.31,0.14666941437895975,-0.014369412268683634,4.339523045670676,1.2617575080058612
2004.02.18.14.52.39,2004-02-18 14:52:39,890,-0.00173779296875,0.15623672911584047,0.1562463933958757,0.937,2.986025426473298,-0.27709477937801924,5.996938422930236,1.3908247506226408,-0.002012353515625,0.1090796847749102,0.10909824561955901,0.437,0.02147219808135903,0.04511471175730463,4.005563953098574,1.2528124207862885,-0.0015994628906250002,0.10975338864049206,0.10976504270308182,0.688,0.5170309855426609,0.019771930361827155,6.2679336067044895,1.2699098543149856,-0.0027507812499999998,0.06934515475266385,0.06939969225548662,0.293,0.15508564816849502,-0.01919696317124403,4.221920738803218,1.2601970639488846
2004.02.18.15.02.39,2004-02-18 15:02:39,891,-0.0022796875,0.14536958588874374,0.145387459832554,0.894,2.500774861310396,-0.2866468302396829,6.149086042425116,1.3773419983600255,-0.002255908203125,0.10761497797983767,0.10763862042697257,0.535,0.06888178278700652,0.14824737928880408,4.97033497714671,1.2540933080048573,-0.001901611328125,0.1114127436630506,0.11142897099126364,0.825,0.6829632839100275,0.058893510567493805,7.4038196050888985,1.2668604055841737,-0.0026223632812500002,0.06758962342842392,0.06764047593249918,0.281,0.07446289334541767,-0.015555565609095299,4.1543173096596755,1.2598970338745257
2004.02.18.15.12.39,2004-02-18 15:12:39,892,-0.00146767578125,0.1357431755092402,0.13575110964383036,0.759,1.8574887282894066,-0.25509577189751437,5.591114518263499,1.3407698047165209,-0.0018530273437500002,0.11022393390761176,0.11023950887230154,0.525,0.17324715298744442,0.04982292694400748,4.76235793655563,1.2597240418345135,-0.0012994628906249999,0.11367091996894593,0.11367834732432834,0.803,0.7983581834256497,0.07211095220581452,7.063790237106567,1.273632415601899,-0.0030635253906250003,0.06971053583441761,0.0697778187831966,0.327,0.14060989668015766,-0.04296253701598291,4.686302978544034,1.2614497328272405
2004.02.18.15.22.39,2004-02-18 15:22:39,893,-0.002474609375,0.13194266236585936,0.1319658662069476,0.713,1.7284183537364104,-0.18389400944522824,5.402912287044592,1.3331384624998703,-0.001636279296875,0.11088875285611473,0.11090082470352453,0.459,0.02511706823084925,0.030905083544072492,4.138833063027823,1.2534783606499396,-0.0024393066406249993,0.1141297551202846,0.11415581991603899,0.73,0.4256295708417923,0.010262943602359997,6.394768138294755,1.2673961565106564,-0.002428271484375,0.06856808839135774,0.06861107234293073,0.305,-0.007705876277654067,-0.03160271475534386,4.445346641363569,1.2539318360833993
2004.02.18.15.32.39,2004-02-18 15:32:39,894,-0.0017378906250000003,0.1255676200185105,0.12557964588633583,0.625,1.1700207117382755,-0.18909650772489328,4.976921184868586,1.3141651555831608,-0.0007168945312499998,0.10832446886285002,0.1083268410514564,0.447,-0.015181706570770448,0.06403489864960063,4.126401136239819,1.2528072421344705,-0.0007208496093750001,0.11266847131551505,0.11267077727935658,0.637,0.5169870419458218,0.07996499469090163,5.653639882332741,1.2685227994507127,-0.00250439453125,0.06910973978414219,0.06915510194483122,0.374,0.08789212740211338,-0.0203540173295446,5.408133159840616,1.2539500790019225
2004.02.18.15.42.39,2004-02-18 15:42:39,895,-0.002203955078125,0.12248546571136198,0.12250529265511603,0.703,0.7577765261606118,-0.13343571797490406,5.738527575123845,1.2919644465472169,-0.0007150390625,0.11182312453189903,0.1118254106227091,0.562,0.05710451957385487,0.07077469541932058,5.025691360044701,1.2538498904218414,-0.002080322265625,0.11491075869712666,0.114929588031447,0.703,0.4664358301032414,0.005675278476517131,6.1167886533069735,1.265051148946892,-0.0029822265625000003,0.06840093041590276,0.06846591091215576,0.291,0.0532082414904389,-0.017771879954544306,4.250290343370492,1.25805865586505
2004.02.18.15.52.39,2004-02-18 15:52:39,896,-0.001060986328125,0.12192769830785849,0.12193231444797815,0.601,0.8535628017026937,-0.121242595234968,4.928964095538544,1.2974643273552597,-0.0008843750000000001,0.11054570123051766,0.1105492387114787,0.64,0.17377162313043515,0.08156249388049859,5.789275507091725,1.2566555298938213,-0.0009218750000000003,0.11515407838013435,0.11515776839229629,0.71,0.6460291201542372,0.038836883986920305,6.165454662001742,1.2699715233072175,-0.0020919433593749996,0.06867718867050611,0.06870904213204493,0.269,0.0348743564930909,-0.005296733070926863,3.9150596726852376,1.2555027305299185
2004.02.18.16.02.39,2004-02-18 16:02:39,897,-0.0025202636718749997,0.11885393140850917,0.11888064914120539,0.571,0.7442252875255817,-0.06286489926381512,4.803136625892505,1.290977118511518,-0.0017072753906249999,0.1113366985988052,0.1113497878046502,0.518,0.043484408776651495,0.04628846291931665,4.652007069010034,1.2564407079433124,-0.0026594238281249993,0.11313443405957589,0.11316568695977648,0.706,0.5285978025296196,0.012004865977805727,6.238640165290915,1.2705368450594567,-0.0028787109375,0.06776718629958985,0.06782830173036179,0.298,0.034664580911717646,-0.029419726476821558,4.393446281238781,1.2514131146493377
2004.02.18.16.12.39,2004-02-18 16:12:39,898,-0.0020763671875,0.12121389575259688,0.12123167830323371,0.591,0.7446591645433762,0.003463515632158831,4.8749634441399605,1.294933272928522,-0.0023767578124999993,0.1129721189281374,0.11299711780754632,0.552,0.08905159288382425,0.06586985046644844,4.8850803516966845,1.25376586463993,-0.0026103027343749997,0.11596209746357013,0.11599147265431034,0.662,0.45511614804055167,-0.02382518214757894,5.707316105667183,1.2661265462567008,-0.0026128417968750003,0.06789746880874963,0.06794772411855032,0.31,0.08139823549901415,0.01722835771886719,4.562330880415276,1.2577714377178038
2004.02.18.16.22.39,2004-02-18 16:22:39,899,-0.0019633300781249996,0.12018218906071816,0.12019822474738083,0.625,0.6216526602009447,0.01513756480063032,5.1997440171313265,1.2905371687961165,-0.001229345703125,0.11094550406055932,0.11095231481185679,0.535,0.035516744129998834,0.07772380476452732,4.8218912864252195,1.2529594774372388,-0.0006751464843749999,0.11511758334669822,0.1151195631435395,0.701,0.509031291078442,0.026233123283935966,6.089321231404795,1.2670632444660848,-0.002937548828125,0.06770648074887667,0.06777017580407789,0.305,0.12406230945303642,0.02669915932453666,4.50050477782068,1.2571073007823925
2004.02.18.16.32.39,2004-02-18 16:32:39,900,-0.001525341796875,0.12070150076730957,0.12071113848803731,0.608,0.6546762590964952,-0.03814794116918126,5.036817708916347,1.2924098006647753,-0.001020263671875,0.11053114720065552,0.11053585589958186,0.571,0.014933679534646416,0.035134707189571686,5.165744593489505,1.2530765868987506,-0.0006180175781250001,0.11622200829651952,0.11622365145788152,0.886,0.5747845060599737,0.053701404089284505,7.623233213603506,1.2646812538194845,-0.0031586914062499997,0.06749319346937017,0.06756706665302076,0.283,0.07502217177341475,0.021675915395326872,4.188431051081418,1.2575712225827913
2004.02.18.16.42.39,2004-02-18 16:42:39,901,-0.0017869140624999999,0.12600556940137403,0.12601823908478982,0.566,0.6512671864651218,-0.009077999061364148,4.491413339137154,1.2936920469547617,-0.00154580078125,0.1152008243613666,0.1152111949143561,0.54,0.11816643164707097,0.07715660055430366,4.6870445220311865,1.2585128169295565,-0.0016547363281249998,0.11710802922854503,0.11711971935634655,0.796,0.6246592089667198,0.020495530941797048,6.796464373160795,1.2697927570491665,-0.0033586914062500002,0.0690171121546141,0.06909878854310689,0.322,0.1352167995364817,0.024494194890850408,4.659994868059403,1.2575942916886573
2004.02.18.16.52.39,2004-02-18 16:52:39,902,-0.001989892578125,0.12888161865198483,0.12889697940148995,0.679,0.7079267107692915,-0.029184222216056457,5.267772783759674,1.297376770146056,-0.0015092285156249998,0.11299990844848393,0.11300998663869545,0.493,0.009238638568017432,0.03154097435104453,4.362446317033659,1.2516485037780103,-0.001154345703125,0.11673169170077936,0.11673739915437607,0.693,0.47835415883150434,0.042845338169642984,5.936400887975598,1.267534600425955,-0.002328955078125,0.06888656068954742,0.06892591874897733,0.298,0.04302134437596594,0.04665536044966204,4.323482449110212,1.2551340410230047
2004.02.18.17.02.39,2004-02-18 17:02:39,903,-0.0015138183593749997,0.14385861794654653,0.14386658265043908,0.73,0.8912405209916168,-0.05088961815698417,5.074145687979001,1.3193680282435647,-0.001481103515625,0.11602683735529844,0.11603629024704674,0.505,-0.0020422875452057454,0.02861652555427025,4.352086738767942,1.2533778605440977,-0.0021141113281250004,0.11933447412601657,0.11935319929369563,0.676,0.3429476129457405,-0.05402587146026557,5.6638615805894625,1.2641340003045516,-0.0029309082031249998,0.06950688661471235,0.06956865321224513,0.332,0.10901929317710168,0.03040834206196448,4.772264298219345,1.2585638512784958
2004.02.18.17.12.39,2004-02-18 17:12:39,904,-0.002479931640625,0.15304429884762435,0.1530643899497957,0.708,0.9429930692778719,-0.11228253694829997,4.625504339920083,1.3296493511243574,-0.0013958984374999998,0.11487435817784114,0.1148828390109626,0.488,0.050087520412761766,0.019636520095242326,4.247805888166056,1.256828497513648,-0.0022284667968749997,0.11888913313146349,0.11891001657142103,0.564,0.2680434259543185,-0.03165919094127375,4.74308234295169,1.2628570610477579,-0.002504052734375,0.06833444068957172,0.06838030465311723,0.315,0.06118034357453439,0.021932935407314273,4.60658959619947,1.2600978430091292
2004.02.18.17.22.39,2004-02-18 17:22:39,905,-0.0020988281250000004,0.16622874011913663,0.16624198964489614,0.837,1.348028731376786,-0.15382400122219916,5.034829057254952,1.357033111930921,-0.0013698730468749997,0.11758222920820058,0.1175902086813965,0.588,0.0790551908109336,0.05510987528851025,5.00041633222329,1.2578220468088397,-0.000729931640625,0.11913303341631107,0.11913526955176572,0.764,0.5559976784608609,-0.02854548719508996,6.412878426971894,1.2684157660874644,-0.0033886718749999998,0.06993148997155955,0.07001354430907458,0.291,0.10897342501202179,0.07993230985543863,4.156338646639304,1.2595992370162754
2004.02.18.17.32.39,2004-02-18 17:32:39,906,-0.0017792480468750004,0.17544598819703622,0.17545500989725793,0.75,1.1832916895998524,-0.19583726371785393,4.274600083743298,1.3521623093230126,-0.00145634765625,0.11906119318812128,0.1190700998230664,0.496,0.08913317260230658,-0.004865103050147603,4.165613371761987,1.2565107486934852,-0.0011434570312500003,0.12166624560048561,0.12167161876337472,0.742,0.5389886189167203,-0.0782755088126658,6.09838191964086,1.2709137069247534,-0.00268330078125,0.07177226009254789,0.07182240195005316,0.303,0.1390670764178501,0.052123160673283785,4.218739443032171,1.258733115692364
2004.02.18.17.42.39,2004-02-18 17:42:39,907,-0.0019341796875000001,0.1828416319302177,0.18285186194832348,0.974,1.3856624860573907,-0.14749939922174418,5.32671633540853,1.3685146161644615,-0.0009904785156249999,0.1179437451031241,0.11794790399426616,0.513,0.0299184465600959,0.057231272206795136,4.349377840787562,1.2515475217738696,-0.0006049316406250002,0.12282041174060623,0.12282190147698363,0.618,0.382299985454579,-0.0828814581430692,5.031675886534055,1.2676504966492506,-0.0030625,0.06985388978409685,0.06992098986869931,0.276,0.14823524072460614,0.05591781594250636,3.947312538313386,1.2658336154778067
2004.02.18.17.52.39,2004-02-18 17:52:39,908,-0.00182734375,0.18303868906251922,0.18304781036359397,0.767,1.2336770503160857,-0.18561212556744408,4.1901621138023035,1.3629571730295265,-0.0014574218750000004,0.11937083371162958,0.1193797303545759,0.527,0.05396465221160707,-0.01707899966661514,4.414484757460333,1.2550934186499423,-0.0011320312499999998,0.12433425624010574,0.12433940955920311,0.776,0.4434552554079807,-0.09347021002850603,6.240981863682684,1.2670409904837645,-0.002409716796875,0.07167402508845679,0.07171452159376004,0.325,0.14278171822446284,0.07492867776189416,4.531857603973455,1.2594236410021151
2004.02.18.18.02.39,2004-02-18 18:02:39,909,-0.0026587402343749996,0.18432173859087536,0.18434091303017047,0.793,1.303366189780892,-0.19073549251913133,4.301812261666581,1.3696738546207983,-0.00175810546875,0.1164325900682644,0.11644586280690161,0.549,0.08134382952000152,0.05658707282769005,4.71463722940839,1.2590682634175796,-0.00225419921875,0.12048122800140251,0.12050231414725507,0.645,0.3090213131930857,-0.04952901763992896,5.352594301316101,1.2621347383844468,-0.0026356445312499996,0.07136501448165895,0.07141366755784567,0.32,0.08448595789123159,0.059781399136608765,4.480934965856463,1.2596565170675715
2004.02.18.18.12.39,2004-02-18 18:12:39,910,-0.0020998046875,0.17368301738312128,0.1736957100996776,0.774,1.0203749635404193,-0.12467586737654203,4.456068601555155,1.3389048678597768,-0.00167822265625,0.11744842441191389,0.11746041387686747,0.503,0.018082650571844994,-0.004295157247214288,4.282293782203847,1.2535665922170998,-0.0014550781249999998,0.12243194431943669,0.12244059066415638,0.674,0.47377041845906565,-0.03132635633655153,5.5047104587131725,1.268693724893561,-0.0031624023437499997,0.07078994560611164,0.07086054746824921,0.366,0.25539485715784815,0.02105682012684618,5.1650744042585215,1.2646898477462574
2004.02.18.18.22.39,2004-02-18 18:22:39,911,-0.0015495117187499998,0.16509484457377735,0.16510211595072383,0.803,1.0672685550580807,-0.20196699953615704,4.86365662472589,1.3303486679446346,-0.0009828613281249998,0.11688173630827786,0.11688586868748559,0.483,-0.032902630973898894,-0.03505049155060277,4.132236047211005,1.250892955403827,-0.001106640625,0.12248085929402235,0.12248585855875363,0.73,0.22203235568007162,-0.01981036227046345,5.9598716830631995,1.2580608256391954,-0.0034062499999999996,0.0696748194741113,0.06975803185162623,0.347,0.07821361659797832,-0.005391475504496181,4.974337589369798,1.2601876482533856
2004.02.18.18.32.39,2004-02-18 18:32:39,912,-0.0014723144531250004,0.17317115194605306,0.17317741069831213,0.789,1.1461974529698713,-0.22195755048521906,4.556021462721235,1.3381254373648812,-0.0012760742187499998,0.12060308274742396,0.12060983348630305,0.505,0.046183161902863645,0.003280086062374983,4.187054947367537,1.2573910486157422,-0.0015596191406249999,0.1270353215070589,0.12704489490831825,0.85,0.49777070265223156,-0.06512849354093193,6.690548255507639,1.2644299415149067,-0.0029453125,0.07120590766657703,0.07126679558071732,0.303,0.13037405516011136,0.0005654921742813062,4.251629353207272,1.2610802137707111
2004.02.18.18.42.39,2004-02-18 18:42:39,913,-0.0012650390625000003,0.17768744935036662,0.17769195249213945,0.916,1.3526061061171655,-0.28177753434665664,5.154988659604722,1.3560399497694615,-0.0019931640625,0.1187015520090774,0.11871828482733295,0.527,0.09607863909551595,0.023550081319545488,4.439080304828216,1.2585646011084635,-0.00239736328125,0.12435445618994806,0.12437756278766682,0.791,0.4066075336856856,-0.05860538642363725,6.359667951930917,1.2687580184289962,-0.0027588867187500004,0.0700459438311606,0.07010025465806098,0.325,0.19771375074949127,-0.03731307102738684,4.636217109128968,1.2651000211462748
2004.02.18.18.52.39,2004-02-18 18:52:39,914,-0.0018849121093749998,0.17654433227019936,0.1765543943106221,0.776,1.339958487414516,-0.26450341831244795,4.395246026189184,1.354818837298324,-0.00196953125,0.1193370176378081,0.11935326904626975,0.486,0.089992752703417,-0.016209316324347127,4.071945442999069,1.256310165932009,-0.0027787109374999997,0.12390087336970558,0.12393202837140203,0.762,0.33635810256168686,-0.07058771352769709,6.148531658954398,1.2597481330790374,-0.003085791015625,0.07205987916187144,0.07212591968921869,0.295,0.14156693896207928,-0.016093974758204923,4.090069163362035,1.2615166285359487
2004.02.18.19.02.39,2004-02-18 19:02:39,915,-0.0023139160156249996,0.19302381537633706,0.19303768417012682,0.996,1.8300563614320229,-0.3603035922234346,5.159614322363146,1.3724631852633005,-0.0012709472656250002,0.12198770500162558,0.12199432559965905,0.483,0.09425678459336995,-0.026115983676682452,3.959200541712326,1.2571577021352371,-0.0020589843749999996,0.12646444865949386,0.12648120884703093,0.72,0.24723968411900588,-0.02281315680952874,5.692545213342982,1.2636977144116044,-0.003069775390625,0.07335160112263561,0.07341580829905181,0.325,0.2230974673448669,-0.019634622285629583,4.426839498601523,1.266951326743842
2004.02.18.19.12.39,2004-02-18 19:12:39,916,-0.002242138671875,0.17690343055438598,0.17691763882590783,0.789,1.3679778747043585,-0.33931542727237324,4.459702295577205,1.3363606312526182,-0.0013708007812500002,0.12300798574711266,0.12301562361075828,0.498,0.07423116597277257,-0.011999643636173729,4.0482662720611335,1.2545226431880188,-0.00202109375,0.1294025508269542,0.12941833324714372,0.791,0.23647604469031291,-0.013083419695870591,6.111962502943589,1.2574448225106236,-0.0025934082031249996,0.07359295889639401,0.07363864043580907,0.33,0.29304576674188354,-0.056680754571386875,4.481342920605135,1.2723384929764288
2004.02.18.19.22.39,2004-02-18 19:22:39,917,-0.0009047363281250002,0.17101263275999437,0.17101502598113455,0.928,1.6965917277658908,-0.3344773035146301,5.426423758239653,1.3461563006145572,-0.0012925292968749998,0.12081736451846893,0.12082427819429288,0.488,0.024490743116873936,-0.08887944364774475,4.038923362863099,1.2555700480561063,-0.0019228515625,0.12782773253237573,0.12784219398344193,0.735,0.22843108776393795,-0.054072100598996295,5.749275549003773,1.2572778174762567,-0.0028892578125,0.07569266498837855,0.07574778771521978,0.322,0.3173731673467177,-0.02767569290908734,4.2509492318189706,1.2692847075327536
2004.02.18.19.32.39,2004-02-18 19:32:39,918,-0.0021499511718749997,0.175142612161416,0.17515580745372283,0.872,1.7447864206890555,-0.32924695247123387,4.978424710413255,1.3470938144955815,-0.0014678222656250002,0.12111367714968614,0.12112257136851858,0.52,0.17459734216358802,-0.05065486627676932,4.293171736074579,1.2633146181278467,-0.001772216796875,0.12684452920572392,0.12685690892417675,0.706,0.32026250842191706,0.04887780440133267,5.565325578143963,1.2625958027511155,-0.0026825683593750004,0.07545100249943107,0.07549867516169985,0.369,0.3369013707985946,-0.054227368847764634,4.887502982134342,1.2714552106547528
2004.02.18.19.42.39,2004-02-18 19:42:39,919,-0.002174462890625,0.16992461501297912,0.16993852734495457,0.93,2.255060008475887,-0.4507716038414758,5.472567136657675,1.3576335177887837,-0.001133447265625,0.12341225261749406,0.1234174574313866,0.591,0.14131640284492875,-0.06333570300074129,4.788625631252887,1.257121335487961,-0.0022332031250000004,0.12938846099617515,0.12940773174411274,0.825,0.29053053484608604,0.029962183920535696,6.375198675387743,1.2606156057422218,-0.0026958007812500004,0.07691594591677861,0.0769631735190604,0.378,0.4222433802459622,-0.06696694831397147,4.911439883730703,1.2757242542684701
2004.02.18.19.52.39,2004-02-18 19:52:39,920,-0.0016375,0.17551363500941672,0.17552127358377032,0.894,2.0630298792829596,-0.48571587276365985,5.093399687379344,1.3512609334185945,-0.0009353515624999998,0.1258182621020972,0.12582173882496417,0.579,0.20527634020410712,-0.05538589197559905,4.6017485166491845,1.2630128903175661,-0.0014190917968750002,0.1294229451345478,0.1294307249026603,0.615,0.10914678291589253,0.03556762432641666,4.751576570883899,1.2543653886316632,-0.002968994140625,0.07760401075912449,0.07766078426148795,0.374,0.29344483568561675,-0.061640174850508524,4.815815389408408,1.2719618223206297
2004.02.18.20.02.39,2004-02-18 20:02:39,921,-0.0021989257812499996,0.16958180403735776,0.16959605990457519,0.876,2.1145702826278567,-0.4971611916160735,5.165214336305275,1.3435959901116707,-0.00171044921875,0.1258562596533793,0.12586788204489957,0.579,0.040076523119825236,-0.024519919390219313,4.600061513654922,1.2533081989869308,-0.00044360351562499993,0.13307747663743308,0.1330782159944505,0.845,0.2903076099900219,-0.03157330547561193,6.349649292227042,1.2548669957950798,-0.0031948730468750004,0.07946179041415898,0.0795259916606475,0.347,0.3965165088167124,-0.020624057147678464,4.36335332328473,1.2744859104827768
2004.02.18.20.12.39,2004-02-18 20:12:39,922,-0.0018225097656250002,0.18458911955411558,0.18459811645737173,0.959,2.4108261616448203,-0.5200580426597082,5.195069258582911,1.3629700141457044,-0.0018660644531249995,0.12800042068694503,0.12801402224982278,0.671,0.14400114401570274,-0.02042731297910024,5.241613287414137,1.2587301325723692,-0.00209453125,0.134320464040058,0.13433679362368953,0.776,0.3009597508719888,0.004118777971777653,5.776526140513427,1.2615426072447269,-0.00327001953125,0.08285578137596371,0.08292028422018494,0.347,0.5138241127090044,-0.03546337197129587,4.184742047899677,1.282988666677788
2004.02.18.20.22.39,2004-02-18 20:22:39,923,-0.001787207031250001,0.17964441557498373,0.17965330544203745,0.911,2.0081460484581894,-0.4343205614019899,5.070878032321654,1.3452630034372626,-0.0015685546874999999,0.12766268721323715,0.1276723230395394,0.559,0.1270163960208497,-0.07244399940276099,4.378396090019298,1.2581011222797744,-0.0012118652343750002,0.13490741286068417,0.13491285580740398,0.759,0.16480164597557412,-0.013981584817004719,5.625853781373638,1.2543555072328803,-0.0031388671875000004,0.08414852274381729,0.0842070446410958,0.386,0.4557222547150639,-0.05025298209565603,4.583939522461513,1.2794726740672246
2004.02.18.20.32.39,2004-02-18 20:32:39,924,-0.0018041015624999997,0.1715594336098162,0.17156891922189388,0.94,1.3135115993832214,-0.2936082830587539,5.478847825486836,1.3204175550282617,-0.0009326171874999999,0.1296243910853358,0.129627746023228,0.591,0.1525626570368459,-0.07676164793928025,4.559209105542101,1.2566072052289252,-0.0012479003906250001,0.13370531387160983,0.1337111372058836,0.735,0.13771399146429042,0.008615348827281714,5.496924305327487,1.2545057229987773,-0.0034131347656250004,0.08208575137885415,0.08215667999839925,0.398,0.3712459346392163,-0.05027036790659063,4.8444021838243065,1.2741877953834384
2004.02.18.20.42.39,2004-02-18 20:42:39,925,-0.0018101074218749998,0.16923512047254155,0.1692448004821252,0.833,1.0764268059592403,-0.17673628278770234,4.921864645927349,1.3093925135831674,-0.0012158203125000003,0.13040636009652276,0.13041202771468685,0.513,0.01720721387199209,-0.08172855860055966,3.9336862480378914,1.2528818155533683,-1.9287109374999915e-05,0.1378014964041049,0.13780149775384565,0.713,0.2739836706076484,0.011955729584588556,5.174109219579234,1.2622328483141196,-0.0029071777343749996,0.08231881517182223,0.0823701342336643,0.342,0.38388625062693427,-0.019237683475742,4.151990320057366,1.2795448005223373
2004.02.18.20.52.39,2004-02-18 20:52:39,926,-0.0023198242187499997,0.15795255776795086,0.1579695922949849,0.735,0.7112063302087437,-0.08883777360299291,4.65279418223411,1.2923024888039758,-0.00100341796875,0.1307099061975076,0.13071375759950155,0.52,-0.05035413337772665,-0.028677654880767484,3.978158149146368,1.2501565630392246,-0.0011326171875,0.1378524828287709,0.13785713562870075,0.854,0.092557670052416,-0.008605779245052054,6.194818977670707,1.2518574636082964,-0.0029955078125,0.08099745956746268,0.08105283168056192,0.383,0.26017367778831657,-0.05182315676435237,4.725313009537347,1.2688764933091286
2004.02.18.21.02.39,2004-02-18 21:02:39,927,-0.001451171875,0.15092203452922046,0.1509290111484535,0.706,0.8786514148313493,0.006866219032791514,4.677695789748332,1.299799059880377,-0.0011769042968750002,0.12865118896328406,0.1286565720256475,0.481,-0.12770999414488404,-0.028987105286648402,3.7386352863817427,1.242026808704678,-0.002244140625,0.13799406960778324,0.1380123161680236,0.632,0.006292413513931283,-0.0832725455660154,4.579301453288918,1.2509636120267762,-0.00315,0.07893419468040293,0.07899702266442546,0.374,0.25484522731575776,-0.08778210446272748,4.734355642600978,1.2719037484079638
2004.02.18.21.12.39,2004-02-18 21:12:39,928,-0.0020504394531249996,0.1583219969911073,0.1583352741280449,0.713,0.5093037113259804,0.07674579637395854,4.503102697276417,1.2885067799324255,-0.00152607421875,0.129043946168704,0.12905296953310488,0.498,-0.13504009437182285,0.003776615395365441,3.8588805960970327,1.2397589046414594,-0.0008110839843750003,0.13856348000963192,0.13856585383711736,0.779,0.09826613308017329,-0.14334969901336914,5.62187565282646,1.2499283985566216,-0.0027828125,0.0808584030587721,0.0809062753476206,0.388,0.29347115674724167,0.04497046488465041,4.795672502941526,1.275051879856986
2004.02.18.21.22.39,2004-02-18 21:22:39,929,-0.00208154296875,0.17049299206399,0.1705056983331129,0.718,0.35985567966639387,0.0681160814807222,4.211002957785379,1.2867226053515914,-0.0007827636718750001,0.13071727499533436,0.13071961865447695,0.608,-0.05926554880705792,0.003997845309913148,4.651176359434529,1.2459714144299465,-0.0015445312500000003,0.13958004560197357,0.13958859089134487,0.823,0.19290421240419509,-0.15409867494489024,5.895897327601935,1.2563158437733157,-0.00297216796875,0.08237371553192369,0.08242731824443127,0.369,0.19500962390463217,0.0035866209019404754,4.476671179641701,1.267301484961512
2004.02.18.21.32.39,2004-02-18 21:32:39,930,-0.0017557617187500003,0.16769343691737604,0.1677026281379484,0.718,0.3978019425418906,-0.00043182890767171235,4.281387882659712,1.2882125383945844,-0.0020129394531250002,0.12645973867756757,0.12647575827659868,0.452,-0.20812434849487182,0.0063975657817929785,3.573807393283143,1.2387895772288713,-0.0013679199218749997,0.13784130876667275,0.1378480961327427,0.725,0.08485720969332355,-0.044835521806031606,5.259412500712751,1.2510204274361858,-0.002636474609375,0.07702751656567117,0.07707262358737133,0.312,0.20320442604025413,-0.016223759031560755,4.048130003597315,1.2679035245194012
2004.02.18.21.42.39,2004-02-18 21:42:39,931,-0.0023124511718749996,0.1796056288518843,0.17962051482417907,0.859,0.5302426757931609,0.002574150153878606,4.782304520398626,1.2970503819084211,-0.0013443847656250001,0.12684960299501366,0.12685672686298752,0.544,-0.15403171729617293,0.05583000895182913,4.288302350631756,1.2433285490164663,-0.002858349609375,0.13696902914503142,0.1369988507521938,0.684,-0.00932671931842588,-0.08143791979234592,4.992742612397768,1.2499343849352853,-0.002741748046875,0.07999851289676785,0.08004548237125488,0.374,0.36854075927050234,0.02044089319283571,4.672343634152514,1.2771845286734222
2004.02.18.21.52.39,2004-02-18 21:52:39,932,-0.00197138671875,0.19203544127248395,0.19204555988179603,0.947,0.7571049470480631,-0.005629730073812608,4.931121555650014,1.3174875896406935,-0.0021966796875000005,0.13020208222427943,0.13022061133778898,0.513,-0.21905361188531813,-0.00017597647918917618,3.9394685275228127,1.23752144740995,-0.0007392578124999997,0.14158044168117523,0.14158237167370097,0.742,0.08209916081139568,-0.04297550351932787,5.240765437310633,1.248608892108754,-0.00282392578125,0.08054088728846512,0.08059037834649524,0.374,0.3331707235814001,-0.013955980188736216,4.640752502637491,1.278176134904446
2004.02.18.22.02.39,2004-02-18 22:02:39,933,-0.00196484375,0.19998656091169748,0.19999621285476882,0.854,0.8609358829813223,-0.039248121923738874,4.270080857081773,1.3168314042156333,-0.0015779785156250004,0.12995757824000628,0.12996715799848485,0.591,-0.13168293128131214,0.022957241242941195,4.547302634769392,1.2411398373525155,-0.0006820312499999997,0.14282219458812337,0.14282382306041855,0.942,0.05115474188054847,-0.07240813345538324,6.595538333976028,1.2493216988699298,-0.0032333496093749996,0.08092406253747508,0.08098863159274655,0.383,0.3474144778243837,0.0078113139313564055,4.7290587884720106,1.2750967865334126
2004.02.18.22.12.39,2004-02-18 22:12:39,934,-0.0015838378906250002,0.22445169715982735,0.22445728524686076,1.003,1.4313680652798766,-0.10669167686950069,4.468556228401714,1.3598220389721976,-0.0010728515624999998,0.13017650377105727,0.1301809246569222,0.535,-0.16178156745942296,0.055213185059048604,4.109665078888746,1.238553512583767,-0.0018250488281249997,0.14341310048295564,0.14342471263125953,0.891,0.493095798251999,-0.018059344001317798,6.212318530424623,1.2611239905356584,-0.0034154296875000003,0.0823483838604301,0.0824191815318194,0.354,0.5077556650038066,-0.011197765762593822,4.29511666362923,1.2848041353865967
2004.02.18.22.22.39,2004-02-18 22:22:39,935,-0.0017422851562499998,0.2659238102180243,0.26592951772685464,1.211,2.188355898835968,-0.11125421976237997,4.553838213792648,1.4064371332462506,-0.00184345703125,0.1336448973951781,0.13365761083303018,0.571,0.004357353668095421,0.041968547034497684,4.272109881668567,1.249858622442899,-0.0007932128906250002,0.1418482865228975,0.14185050432117566,0.759,0.17029582526202214,-0.08921402083874848,5.350703570862774,1.2561984391225665,-0.002784130859375,0.08914640911408603,0.08918987410338758,0.378,0.6275766429811225,0.05335814417797349,4.238149271988298,1.292596809239467
2004.02.18.22.32.39,2004-02-18 22:32:39,936,-0.002080859375,0.20114734985176033,0.2011581127574153,1.064,1.8162248042569438,-0.16298525492234306,5.2893715566079145,1.3416663950383168,-0.0004875488281250003,0.13302727722385857,0.13302817066115405,0.564,-0.006275300874390322,0.0009794834357427012,4.239703494356893,1.2476350242094987,-0.0010232421875,0.1437227492744954,0.1437263917434573,0.669,-0.014763189215067918,-0.01571350358241988,4.6546774874451975,1.2438059373203096,-0.00286123046875,0.08451434316166959,0.08456276272594072,0.359,0.5395699050017995,-0.011520028938135297,4.24536744575721,1.2883607052301298
2004.02.18.22.42.39,2004-02-18 22:42:39,937,-0.0024331542968749997,0.1968945543969747,0.19690958785954438,1.028,1.4284091908193126,-0.1359941753525065,5.220670111468988,1.327954074875771,-0.001056005859375,0.13087716553718162,0.1308814257540843,0.549,-0.046120372079649474,-0.014998298523765502,4.194636456906628,1.2479039906384075,-0.00167197265625,0.1465303956562827,0.1465399342969349,0.911,0.07251810420395444,0.019167265922185026,6.216735420080333,1.2446264361281028,-0.00240576171875,0.08846828972640478,0.08850099421228273,0.464,0.5687705364955318,0.0820748308912986,5.242878954410696,1.2861800506010097
2004.02.18.22.52.39,2004-02-18 22:52:39,938,-0.0017133300781249996,0.19559009497414873,0.19559759904444923,0.964,1.1907125645598278,-0.12753183836464382,4.928485854169061,1.3182231205203603,-0.0019718261718750002,0.13403529676358028,0.1340497999884861,0.525,-0.03732627675049116,-0.07225714070798668,3.9164549297730673,1.249007584456442,-0.0013044921875000003,0.14881203295330406,0.14881775045861464,0.891,0.06687286330644726,-0.09703346821983046,5.987189009739681,1.2477483406788699,-0.0029392578125000002,0.08975438828623734,0.08980250248809885,0.403,0.5477026093224135,0.06473543898197545,4.487625498558995,1.2853926658123251
2004.02.18.23.02.39,2004-02-18 23:02:39,939,-0.0016756835937500006,0.1664643677693139,0.16647280153930175,0.786,0.7069339010890476,-0.04484150656569219,4.721491995882806,1.2901615975884606,-0.0018876953124999998,0.13039833723058328,0.13041200000802744,0.586,0.0071389486128485835,-0.03610151973015967,4.493451522589401,1.2512720837238553,-0.0017125976562500003,0.14504839277823472,0.14505850281276603,0.798,0.005403565975531599,0.029825435951641163,5.50122870790978,1.2463733305834264,-0.0027381347656249997,0.08466536686580234,0.08470963185208413,0.396,0.47051072242835756,0.05479339239532928,4.674793070656665,1.2813510795137717
2004.02.18.23.12.39,2004-02-18 23:12:39,940,-0.0024170898437500003,0.16238247631498678,0.16240046470838684,0.806,0.8365146408675299,-0.024820652209428296,4.963039985429154,1.2901364772380062,-0.002184033203125,0.13217422166222323,0.13219226480035387,0.583,-0.09480713658315576,-0.030227703179762012,4.410242920646589,1.2431039115639335,-0.00270322265625,0.1465887789918902,0.14661370174394514,0.74,0.03525111172201001,-0.038344445987019124,5.047277240788722,1.2489823997727179,-0.0025693847656249997,0.085293212507308,0.08533190398608614,0.366,0.4305497049518916,0.02465303048736525,4.289134343699613,1.2752731877973515
2004.02.18.23.22.39,2004-02-18 23:22:39,941,-0.0018973632812499994,0.17005873902746138,0.17006932323917578,0.833,0.8079763666608204,-0.045512576086378695,4.898002674053782,1.2890715406365452,-0.0019262207031249996,0.13302481146319464,0.1330387567253078,0.527,0.059684844245382784,-0.09680831108448906,3.961251690649252,1.2550519696988822,-0.00281171875,0.14633987189026237,0.14636688104618303,0.937,0.032674671824373114,-0.09694609221858047,6.401721436588849,1.2395355965405028,-0.002811474609375,0.08840372674008977,0.08844842164230872,0.383,0.4619920187149744,0.01919983765446588,4.330207287913824,1.2840610755621733
2004.02.18.23.32.39,2004-02-18 23:32:39,942,-0.0024394531249999998,0.16306470852427626,0.16308295465086547,0.776,0.23859552164660602,0.11723719608632363,4.75831457469784,1.2576709583589294,-0.0013703613281249999,0.13392057497205576,0.13392758599711868,0.552,-0.06928841199306612,-0.003311653389956032,4.1216303264950644,1.2487323958197942,-0.0009241699218750001,0.1481245034333529,0.14812738641933124,0.598,-0.16141177011697172,-0.023427506345782396,4.037065761135704,1.2406724592687626,-0.0032001953125,0.087098777438101,0.08715754861886606,0.396,0.1160450402193911,0.06336046051305572,4.543496303821952,1.2630795850234975
2004.02.18.23.42.39,2004-02-18 23:42:39,943,-0.0014825683593749999,0.19798261368397455,0.19798816462121702,0.825,0.6918752464391407,-0.004004138534845938,4.166915742556413,1.3035264517983052,-0.0022035156249999997,0.1352873377562425,0.13530528163483216,0.623,-0.11216481062455896,-0.04040185685378135,4.604402669818757,1.2461167702670546,-0.0015495605468750003,0.15034436150364833,0.15035234675198164,0.715,-0.031456028084376975,-0.051231073866663826,4.755496109278895,1.2475042798591356,-0.002502978515625,0.08858874705293948,0.08862409946430697,0.371,0.05833397857493683,0.15472167244438614,4.186220252081872,1.2569653802112415
2004.02.18.23.52.39,2004-02-18 23:52:39,944,-0.002016015625,0.18846554449620162,0.18847632684570761,0.83,0.6431576445294054,-0.05403764290827315,4.403736075987213,1.2922112285261984,-0.0013759765625,0.13393549180797149,0.13394255961920298,0.471,-0.20618702495640617,-0.01069443086307846,3.516432725632891,1.240091146674477,-0.001372900390625,0.15038374175152477,0.15039000844029457,0.732,-0.04386647226617546,0.01371147190725672,4.867344630082968,1.2465431044057924,-0.0029848144531250003,0.086609511229511,0.08666092863992617,0.366,0.15353352513536667,0.1378977090343189,4.223356543070524,1.2625482350914485
2004.02.19.00.02.39,2004-02-19 00:02:39,945,-0.001586474609375,0.21543143790125996,0.21543727935965637,1.118,1.4587115959458021,-0.0800775765003318,5.189445407605538,1.3390290079200116,-0.00022329101562499994,0.13569297905547828,0.1356931627747991,0.53,-0.06490679687582013,-0.0031807447333988452,3.9058710782621064,1.2489594492651108,-0.0009977539062499998,0.15055515495144983,0.1505584610552077,0.737,-0.12408573998380978,-0.042822658536544364,4.895108483672348,1.2427712578909231,-0.0034722656249999997,0.08961598854378298,0.08968323160574668,0.339,0.23705738193965464,0.1463897501291612,3.779970836580311,1.269786102816706
2004.02.19.00.12.39,2004-02-19 00:12:39,946,-0.00183427734375,0.18384188836827614,0.18385103886621773,1.021,0.8855776669293616,-0.14667225229555692,5.553408924400735,1.2866988014156227,-0.0011802246093749998,0.1389241804707906,0.1389291936549312,0.525,-0.01755972306147413,-0.10119379674429535,3.7789033837192036,1.253045839535061,-0.0011846679687499998,0.15648560698868225,0.15649009116494406,0.825,-0.041796815591193415,0.042312249214631004,5.2718992867761285,1.245026395653621,-0.00313271484375,0.08894747322009208,0.08900262296433319,0.342,0.09531215093231316,0.12010339249855762,3.8425833824813536,1.2609394496208712
2004.02.19.00.22.39,2004-02-19 00:22:39,947,-0.0016881835937499995,0.16386712604147086,0.16387582177044147,0.728,0.26447976532175055,0.12061113156540051,4.442388096883432,1.2659649267199735,-0.0014138183593749999,0.1363208846374972,0.13632821597418168,0.63,-0.04625172864839033,-0.03795907130416271,4.621200354586255,1.2482923680972275,-0.0016389648437500001,0.15565602045663765,0.15566464887750284,0.894,0.012570827284063224,0.011125325176726266,5.743115128878846,1.2431242421615847,-0.003097705078125,0.08690107901399058,0.08695627240485228,0.354,0.25832977958846515,0.08690280553645664,4.071011672991704,1.272466865007052
2004.02.19.00.32.39,2004-02-19 00:32:39,948,-0.0021017089843750002,0.15830738757848012,0.1583213382414958,0.696,0.3269080575747445,0.05399367339447683,4.396122517220988,1.2811239740133264,-0.00128935546875,0.1288521335799303,0.12885858436916417,0.522,-0.15498674580676708,0.005858485579298527,4.0509524651034,1.2424337960979184,-0.001573486328125,0.15022733024354565,0.15023557039306012,0.869,0.05444081147591451,-0.002989778163278444,5.784249347384526,1.246735381487485,-0.002893017578125,0.0849238556581102,0.0849731181641987,0.325,0.08292163453572687,0.05294426170530108,3.8247390118364595,1.2592281025232246
2004.02.19.00.42.39,2004-02-19 00:42:39,949,-0.0019110351562499999,0.1611921610636869,0.16120348893169156,0.769,0.5962783117213486,-0.25055731948641874,4.770368216570402,1.2944182703179827,-0.0016778320312500002,0.12695696327577374,0.12696804969964393,0.515,-0.16295203585815843,0.009364589925709797,4.056138542084295,1.2422621695606577,-0.0027361328125,0.14822293770137643,0.14824818947829935,0.62,-0.0625724373792571,-0.013439430322879453,4.18217586455419,1.245919090973678,-0.0033718261718750004,0.08388403440297673,0.08395177448662491,0.352,-0.08350579457370033,0.08002854301819882,4.192883380399305,1.2464177610182825
2004.02.19.00.52.39,2004-02-19 00:52:39,950,-0.0014753906250000001,0.18293026703501983,0.18293621668494187,0.918,0.9118408191974585,-0.423249668139527,5.018142479578041,1.3083482510258593,-0.0015921386718750006,0.1357547964259556,0.13576413244374644,0.544,-0.11428336375062731,-0.05744687998802372,4.006949333436099,1.2430517407949357,-0.0015039550781249997,0.15129581235420844,0.15130328719759156,0.742,-0.06465034733224151,0.004279598695124646,4.904057365462256,1.2434610753926585,-0.002722119140625,0.0923863209772549,0.09242641525196206,0.347,0.021963560669603588,0.13582484566297562,3.754337967712469,1.253572343001673
2004.02.19.01.02.39,2004-02-19 01:02:39,951,-0.0017118652343749998,0.21441788300098122,0.21442471646991426,1.091,1.374046176080066,-0.2926748782430145,5.088032844166438,1.332716109732952,-0.0011679199218749996,0.14294217675233825,0.14294694796196464,0.571,0.13507211150578868,-0.16205124735454546,3.9944889215258503,1.253349944862616,-0.0008379882812499996,0.1540833848111445,0.15408566350968136,0.618,-0.12161509812391946,0.05520987045074098,4.010756003663965,1.2454030133804952,-0.003009814453125,0.09947866031845541,0.0995241821960717,0.435,0.2901797192976958,0.2574620385356279,4.3707970304444235,1.2669326921406856
2004.02.19.01.12.39,2004-02-19 01:12:39,952,-0.0019769042968749997,0.23727929075269955,0.23728752594838,1.23,1.2521377158068718,-0.17984195166781014,5.183584746328286,1.3375423637797121,-0.0017756347656250001,0.1439223430268941,0.14393329601302082,0.647,0.3337137770361083,-0.16845644403016932,4.495137802871336,1.2681865966036892,-0.0020763671875,0.15238354040644506,0.15239768596504344,0.937,0.008361765118453768,0.0831990748183208,6.148387320099641,1.243908047374565,-0.002832275390625,0.1013407335702914,0.10138030412487983,0.449,0.38526319739017767,0.2712428439471619,4.428868150236792,1.2783889878682906
2004.02.19.01.22.39,2004-02-19 01:22:39,953,-0.0016032226562499997,0.19875337356945538,0.198759839575617,0.759,0.3930067403957853,-0.19093677965180297,3.818678872052737,1.2963079835385687,-0.00175888671875,0.13206370336772366,0.13207541569000456,0.632,-0.16324041917310295,0.002573287201930942,4.785144886338069,1.2406111605427201,-0.0015862304687500005,0.14432853414149005,0.1443372505437569,0.696,-0.01429090869475047,-0.018331572670246894,4.822040030400901,1.248226230558353,-0.002947119140625,0.0922852531858034,0.09233229915255482,0.369,-0.14208814967542516,0.11174334325278586,3.996434653818428,1.245267919669417
2004.02.19.01.32.39,2004-02-19 01:32:39,954,-0.0021794921875,0.2361333975837167,0.2361434556379342,0.974,0.61247518463085,-0.193195510826585,4.124611445905919,1.3159698013957175,-0.0017267089843749999,0.1364319712630581,0.1364428976042382,0.505,-0.15914768498982745,0.01891276525683452,3.701182024620926,1.2422676065941278,-0.0013516113281249998,0.14442947042108323,0.14443579466080034,0.676,0.04734454710178415,0.06577148143407523,4.6802802697734975,1.249059978309923,-0.0032361816406249995,0.09538171016630105,0.09543659416523295,0.383,-0.12005863937305072,0.1236705559785345,4.013135667193842,1.2438003473937833
2004.02.19.01.42.39,2004-02-19 01:42:39,955,-0.0019155761718750001,0.20297935560138036,0.20298839432938495,0.862,0.5611380194014512,-0.22013436599357838,4.246548197239547,1.3044081691656315,-0.00144189453125,0.12183918240799325,0.12184771409299192,0.562,-0.08013181116807688,0.06294571060007713,4.612314676425461,1.2454563526630957,-0.0005649902343749999,0.1351897186700303,0.13519089927967368,0.75,0.12692200454756764,0.009298259714987904,5.547710711269487,1.2501064969677411,-0.0030698242187500004,0.08986717633480522,0.08991959298798567,0.444,-0.16579779502910075,-0.11223284587031748,4.937744770033865,1.243612120659603
2004.02.19.01.52.39,2004-02-19 01:52:39,956,-0.001491455078125,0.22103687038934378,0.2210419021583139,0.923,0.4655669752736675,-0.11280704661740536,4.175678868972689,1.286666197564444,-0.001371142578125,0.12188417272077341,0.12189188484799501,0.522,-0.01536146333416566,0.0730213212096397,4.282483617764701,1.2508779243548864,-0.001665625,0.12662326130192025,0.1266342157924745,0.71,0.11940326955069436,0.054617587685829624,5.606699544485932,1.2482390349674195,-0.00299765625,0.09395669347317989,0.094004500910362,0.386,-0.10158455309784165,-0.0365653091246448,4.106186366204639,1.2478236326943108
2004.02.19.02.02.39,2004-02-19 02:02:39,957,-0.00259384765625,0.2072049313492078,0.20722116595824314,0.808,0.16874461540068708,-0.1609940615000826,3.8992155857419464,1.2716924434285348,-0.0013021972656250002,0.12070402623068141,0.12071105030615725,0.593,-0.009145531519341166,0.04051130289591822,4.912557702844809,1.2528804020053388,-0.0013026855468750002,0.12164912415159568,0.1216560988873323,0.735,0.26726536844861526,0.045635178268550194,6.041620656278774,1.2559916445300916,-0.002810986328125,0.08912329485572905,0.08916761368388258,0.334,-0.17802577670782993,-0.023960999318589447,3.7457546097857715,1.2409039550307892
2004.02.19.02.12.39,2004-02-19 02:12:39,958,-0.0025134277343750004,0.26151912875066796,0.2615312065920325,1.064,0.819911092895623,-0.10261151291043294,4.068348148065382,1.3259076568409394,-0.0019646484374999996,0.13501985863875554,0.13503415149625111,0.552,0.08826956954594056,-0.03737646014161796,4.087854767727592,1.2564169836187467,-0.0019306640624999999,0.1273656552369359,0.12738028731972717,0.664,0.18359859003248102,0.03264495087977425,5.212737496292077,1.253686349362914,-0.0025294921875000003,0.09950165331803978,0.09953380000658069,0.366,-0.004348323225340511,0.08119960129204709,3.677142839676591,1.2566546767234927
2004.02.19.02.22.39,2004-02-19 02:22:39,959,-0.001050634765625,0.20161989934794045,0.201622636741226,0.806,0.5009320077403618,-0.2648368710711501,3.997567004514808,1.3004810787184091,-0.00113447265625,0.12770025168489674,0.1277052908402536,0.515,-0.1351892761271869,0.15405100428445814,4.032722502031752,1.2416312542706907,-0.0008172851562500002,0.12213727753845108,0.1221400119515765,0.937,0.475181308328243,0.047336108477765544,7.6715237294350525,1.2579912014847325,-0.00325390625,0.09102642389999983,0.0910845637520774,0.381,-0.17910630546688688,-0.017308044596579322,4.18292611069689,1.2402724045085052
2004.02.19.02.32.39,2004-02-19 02:32:39,960,-0.0017356933593749998,0.22289267845489363,0.22289943638384188,1.113,0.5709460275133069,-0.041422024337299315,4.9932831507181055,1.2927323373185193,-0.003624658203125,0.1585366433126184,0.15857807357866938,0.627,0.009402563398536845,0.019879720083036255,3.9538883645786633,1.2513312879895957,-0.0035544433593750003,0.14858590826042983,0.14862841653321843,0.903,0.030136719412940938,0.015715779114316455,6.075554197929436,1.2412404006341415,-0.0023173828124999998,0.10176472775488239,0.1017911100151924,0.43,-0.19522339065679795,0.06945153695196735,4.224337468525711,1.2432828229695558
2004.02.19.02.42.39,2004-02-19 02:42:39,961,-0.0027286621093750006,0.25922808764595173,0.25924244834032173,1.301,0.16828137278919542,-0.0859534587024062,5.0184682652437616,1.2700208521981828,-0.00172939453125,0.17231783552682242,0.1723265134739682,0.698,0.2355209844978816,0.07918540766472124,4.050450426512229,1.2635518882663195,-0.0009094726562499999,0.16391955620475104,0.16392207919275245,0.74,-0.19616282598163792,0.02778766173379152,4.5143400062041055,1.2353150072407204,-0.002534765625,0.11066330579005206,0.11069233164567566,0.405,-0.15389460749192319,0.07035978701038596,3.6587900352157945,1.2458926665337247
2004.02.19.02.52.39,2004-02-19 02:52:39,962,-0.001971337890625,0.23165725732608264,0.2316656449388253,1.062,0.29309618288558514,0.019681875412551987,4.584192879701419,1.2658254198922676,-0.0017859863281249999,0.1778812170846254,0.1778901828057745,0.645,-0.4992488391429104,0.05876896421758667,3.6258324648765416,1.2116550060088227,-0.0029142089843750005,0.18333955118460804,0.18336271061090403,0.859,-0.3438718382237731,0.032601080687296474,4.684703869931326,1.2254261888676972,-0.0027451171875000004,0.1062664806868299,0.106301931242746,0.415,-0.3413025240834844,0.02092088379651548,3.9039742283921997,1.229868233296108
2004.02.19.03.02.39,2004-02-19 03:02:39,963,-0.0019230957031250002,0.23456853716290416,0.23457642022127487,1.023,0.4463146708758159,0.0897884369818921,4.361052142559805,1.2866290970749528,-0.0018010742187499998,0.1394094747119831,0.13942110854462642,0.513,-0.33381979561595365,0.0491553279814155,3.679500223137281,1.2295805732444305,-0.0008271484375000001,0.16489928686879557,0.1649013613781736,0.715,-0.40764219211149433,0.05606213273097497,4.33592539215166,1.2171658021747778,-0.00368623046875,0.09577089149661425,0.09584180691704951,0.327,-0.25654896944502115,0.024794894364646942,3.4118722352868045,1.2375698313925552
2004.02.19.03.12.39,2004-02-19 03:12:39,964,-0.0009138671875000001,0.24749552770400188,0.24749721490699397,0.991,0.16235307119876907,0.11966536501132335,4.004085461617837,1.270790337115036,-0.0008209960937500002,0.14020509352577137,0.14020749725016937,0.527,-0.09604370416438357,0.0008883840546563917,3.7587148357671967,1.2460173797564371,-0.001431494140625,0.1502298775468065,0.15023669752494936,0.701,-0.0675777676281295,0.11850406556939463,4.66597050886044,1.2427534695667688,-0.0031464355468750005,0.09148896413548323,0.09154305334231742,0.369,-0.2427225857097306,0.10170376261593446,4.030890237188791,1.2354452339723803
2004.02.19.03.22.39,2004-02-19 03:22:39,965,-0.0006280761718749997,0.2971874369131276,0.2971881006007338,1.199,0.4668719209344361,-0.16700413678198534,4.034481857033812,1.2913488037804781,-0.0010799804687499997,0.17051325052066957,0.17051667062471487,0.632,-0.34693548541492625,-0.10388812198655664,3.7063824767664517,1.222687523070957,-0.00155732421875,0.16442518018234448,0.1644325549783824,0.679,-0.20138734022535987,0.12297020351765114,4.129352609580668,1.2348969223301078,-0.002857275390625,0.10862645141974055,0.1086640233504315,0.403,-0.002035598429833474,0.04040353331361684,3.7086791706613145,1.259365822643194
2004.02.19.03.32.39,2004-02-19 03:32:39,966,-0.0019569824218749997,0.2916445465934364,0.29165111235496877,1.162,0.1737045854862589,-0.027166748499064735,3.9842124743406737,1.279026644722858,-0.0011041992187499998,0.17678879133072622,0.1767922396376429,0.627,-0.5621264719189849,0.05753510490886125,3.5465357601957668,1.208489644652716,-0.000982666015625,0.1639151333457877,0.1639180788450915,0.872,-0.21263871545469692,0.09998511947470662,5.319730478442659,1.2328510284270033,-0.0033555175781250003,0.10996229389183718,0.11001347906584846,0.464,0.046365050269709496,0.3219552851016181,4.217664998325098,1.2519767012769822
2004.02.19.03.42.39,2004-02-19 03:42:39,967,-0.0008244140625000002,0.34373452753480926,0.3437355161721363,1.257,-0.26454133607088526,-0.06269775323698135,3.6568813545892587,1.2259259737998396,-0.002089794921875,0.17537088709471602,0.1753833381002971,0.596,-0.4576937682256861,0.04203568528456508,3.39827036282753,1.2192003398065032,-0.001925146484375,0.161050237250479,0.1610617431528104,0.615,-0.23610309132776353,0.08022461465732836,3.818411423850709,1.23823653612631,-0.003176025390625,0.11693019051774002,0.11697331572541181,0.498,0.6516244075268829,0.5680324244984739,4.257381240427745,1.2871303838408092
2004.02.19.03.52.39,2004-02-19 03:52:39,968,-0.0019333984375000002,0.31480520089341657,0.3148111378891517,1.086,-0.2588740512312384,0.007877226991928069,3.4496873499513603,1.2396722573005237,-0.000736767578125,0.14646997444449222,0.14647182746260243,0.745,0.2190863511849388,0.08880009914925746,5.086302348417243,1.264294826118901,-0.00104892578125,0.15001572947742156,0.15001939653237345,0.728,-0.05444243160199935,0.05054827229996354,4.852705828895274,1.2429062936581172,-0.00353017578125,0.10933410515644112,0.10939108140706101,0.437,0.0543306564842605,0.2867892783493003,3.994841209895859,1.2559744464807103
2004.02.19.04.02.39,2004-02-19 04:02:39,969,-0.0006234375000000004,0.32571497152163553,0.3257155681690027,2.28,1.5961439154093569,-0.12227076376189232,6.999972438581706,1.2766647137912905,-0.0007155273437499998,0.14836043339247024,0.14836215884039047,0.645,-0.059759901908034596,0.029786556059445544,4.347469766154439,1.2513093996558786,-0.0023214843749999998,0.15608795993810792,0.15610522261392715,0.681,-0.07943153178572127,0.00045252767626129955,4.362442130999169,1.2454479352877579,-0.003337353515625,0.11874418370307079,0.11879107328329379,0.481,0.04655397570430431,0.26919536462409666,4.049125803021476,1.2498278643202771
2004.02.19.04.12.39,2004-02-19 04:12:39,970,-0.00303447265625,0.3530770677965697,0.35309010723627615,2.583,2.237254730225877,-0.2796229613719415,7.3154131114513,1.310991113712693,-0.0018500488281249998,0.1842105596806252,0.18421984957793128,0.703,-0.2588116846864281,0.05883977113532196,3.8160925742293963,1.2345902179584656,-0.0027486328124999996,0.18382447337024943,0.18384502166821787,0.947,0.0011215245736377888,0.1884138240971923,5.151077746935327,1.2582572372099192,-0.0030987792968750006,0.13414106693460298,0.13417685445517186,0.532,0.18022964669061725,0.3088899470890069,3.9649163200329745,1.2632572310094454
2004.02.19.04.22.39,2004-02-19 04:22:39,971,-0.0021252441406250005,0.42967319202023574,0.429678447916015,3.635,6.0228666429516124,-0.08938739103100903,8.459814583743091,1.4603797454537646,-0.0011103027343750001,0.19094893503837923,0.1909521630263798,0.771,-0.16607653671947542,0.054811258507124566,4.037660468362892,1.2519340834779282,-0.002799853515625,0.18736091828647303,0.1873818371157124,0.879,0.013627803781257608,0.3113840416101193,4.690956250243177,1.2675542358648075,-0.002777880859375,0.14241718717943772,0.14244427621414585,0.684,0.760694354730397,0.42524235523820525,4.801877746015557,1.2955926563536397
2004.02.19.04.32.39,2004-02-19 04:32:39,972,-0.002303662109375,0.41556344554321095,0.41556983063121816,2.678,2.7108349028301957,-0.06558850742323999,6.444163658204752,1.3859259573232754,-0.0018054199218750001,0.16280258661014133,0.16281259701892503,0.806,0.15673449270855544,0.10096316535084184,4.950476896491689,1.2672817297973256,-0.002597900390625,0.15537768339611954,0.15539940020471243,0.879,0.46521805647804326,0.3746158958111781,5.656392488272581,1.2709521004598119,-0.0027585449218750003,0.12780415448851173,0.12783392145518097,0.527,0.8134602805347289,0.5271454080878122,4.122536444168836,1.296348200218022
2004.02.19.04.42.39,2004-02-19 04:42:39,973,-0.0022909667968749998,0.3716740259933276,0.371681086587619,3.469,8.787364732416314,-0.07200691628600867,9.333270174839063,1.4954220363544997,-0.0015543945312499995,0.13658984233652305,0.13659868656716653,0.618,0.3211945879190945,0.11667703207213713,4.524201626903089,1.272704116856665,-0.00239140625,0.12071979971543592,0.12074348374627718,0.781,0.5709870910254349,0.021455356764892335,6.4682579611595825,1.2705308381589608,-0.0027781738281249997,0.11738244477764806,0.11741531668311794,0.547,0.7730207002527334,0.2768562941300174,4.658676699533597,1.2937846582993462
2004.02.19.04.52.39,2004-02-19 04:52:39,974,-0.0024423339843750013,0.44766612783039755,0.4476727901067398,3.12,3.161553346450284,-0.468654951277646,6.969376001735754,1.3599839711438368,-0.001783837890625,0.19084866157128755,0.19085699804086798,0.708,-0.06134567819183934,0.009220553404545447,3.7095836530363786,1.24907490033032,-0.002883154296875,0.1651876010020608,0.16521276011106295,0.847,-0.2140138926106392,0.07123964762880948,5.126722654052938,1.2322471922373455,-0.0034499023437500006,0.12986421367771447,0.1299100297140775,0.562,0.35809150024948666,0.23920317704137944,4.326070906433638,1.2701473866914088
2004.02.19.05.02.39,2004-02-19 05:02:39,975,0.0033890624999999993,0.6721289437226655,0.6721374879698163,5.0,14.110009232265163,-0.7660666557271535,7.438954216201277,1.6129631302537735,-0.0007151367187500002,0.19107330917192752,0.19107464745077382,0.852,0.4743032850899511,0.1961273078785103,4.458990302308416,1.2744399927412735,-0.00111337890625,0.1761750162877064,0.176178534380788,0.969,-0.16339917254306124,0.1415435415673361,5.5001025147912,1.235567515705476,-0.0034029296875000004,0.12459835570874593,0.12464481608065876,0.547,0.786018964989784,0.1262135081261588,4.388469710974835,1.3070498326365876
2004.02.19.05.12.39,2004-02-19 05:12:39,976,-0.0052778808593749995,0.5309298963726813,0.530956128967989,4.25,9.796460845214702,-0.41644583164593313,8.004427801333902,1.508672456339705,-0.0019567871093750006,0.17106341922315818,0.17107461065894428,0.754,0.6182460598491448,-0.050953316801449926,4.407433675258688,1.2911733879054588,-0.001947216796875,0.16041453014459628,0.1604263480066963,0.715,0.15035249495375735,0.2604670564327938,4.456873879408858,1.2580150957208525,-0.0032721191406250003,0.1468577946172595,0.14689424292161904,0.706,0.9702485897479214,0.38799177190285755,4.806178826060004,1.321145124253828
2004.02.19.05.22.39,2004-02-19 05:22:39,977,-0.0032018066406250003,0.4459067523416139,0.4459182473835416,3.066,1.624277812551865,-0.15931173192677572,6.875699790241782,1.3183079617117164,-0.0015494628906250001,0.17318941123174203,0.17319634233449296,0.676,0.12831238375098897,0.1046774147557914,3.903084735441154,1.266350289595584,-0.0020370605468750004,0.14946371758578314,0.14947759862345386,0.796,0.2827088715802075,0.25668280696509954,5.325212656146479,1.2649686184804163,-0.0031237304687499997,0.1463869455100799,0.1464202701398017,0.549,-0.04261227658948741,0.1450779641590775,3.749480857232515,1.2529434635251115
2004.02.19.05.32.39,2004-02-19 05:32:39,978,-0.0003648925781249993,0.386974659780703,0.38697483181595205,2.317,0.46885747700291747,-0.12403412787470645,5.987469492853172,1.2840607139595854,-0.0024482421875000005,0.17668496294173594,0.1767019242100415,0.769,0.09926774891115109,0.06510771131253526,4.351961663337109,1.258289397895993,-0.002122119140625,0.13939287469110417,0.1394090273414777,0.789,0.1264808644305262,-0.00683328702498575,5.659604797811057,1.250715415586348,-0.00265166015625,0.14337446752018648,0.143398986182892,0.542,-0.11676904377771224,0.03674201394583557,3.7796640996382616,1.252474077632637
2004.02.19.05.42.39,2004-02-19 05:42:39,979,-0.0027521972656250012,0.724996245861816,0.7250014697250727,5.0,12.577704574521317,-0.5105564427793186,6.896537743428364,1.5993233587628417,-0.0008377929687499997,0.2182928680189564,0.21829447570884608,1.118,2.452738748815694,0.6420072241098809,5.121522184057243,1.3557725599201482,-0.001910986328125,0.1705660745216882,0.17057677932967422,0.769,-0.09803718892522051,-0.011976010239844131,4.508233787869518,1.2410612541060593,-0.00293916015625,0.14832200575863114,0.14835112421106725,0.544,-0.09328658965441639,-0.051948320417494705,3.6669759187400666,1.2462042568883267
2004.02.19.05.52.39,2004-02-19 05:52:39,980,-0.004486523437500001,0.4619898811734555,0.46201166565273954,2.881,3.759971680444238,-0.32536787356720204,6.235773280593822,1.368621295785697,-0.0009095703125000002,0.17081446362245753,0.17081688529176867,0.908,0.9112583986750047,0.4644416778702295,5.315633746915972,1.2901853409136892,-0.0013479492187500003,0.1778726991289098,0.17787780654848429,0.764,-0.31920590755036216,0.11105937878286294,4.295083320536427,1.2267715849207745,-0.0033151367187500003,0.11658267421503826,0.11662979918783087,0.527,0.25959088689080456,0.11989317706561527,4.5185707569578595,1.2660286575642672
2004.02.19.06.02.39,2004-02-19 06:02:39,981,-0.001703076171875,0.4838323979711101,0.4838353953514789,3.696,4.891755233183494,-0.377095385435107,7.6389615879902015,1.3780774679623202,-0.0016322265625000002,0.19363421388191557,0.19364109313164588,0.891,0.3306274909856506,0.38686124703104113,4.601296065780099,1.2717851845209385,-0.0013654785156249996,0.18740047350627612,0.18740544816507637,0.845,-0.13566238753029758,0.24709531132548415,4.508940419147689,1.2386711964728998,-0.003310888671875,0.1305403582626579,0.1305823384655851,0.625,0.6971666810946324,0.1679784108520023,4.786252163532195,1.2952884143832037
2004.02.19.06.12.39,2004-02-19 06:12:39,982,0.0018568359375000006,0.0009873279856301533,0.002103011233921493,0.005,3.637512638586312,0.5796982508442853,2.37754317207164,1.1325778392424573,0.0037314941406250005,0.0014895876611855687,0.004017825272691062,0.007,-1.8710393454475822,-0.2896389679347123,1.7422360418653884,1.0767336410765749,0.0036558105468750004,0.0014962976532871101,0.003950171821816743,0.007,-1.9354181434079023,-0.19612125199615127,1.7720748149078225,1.080518744384433,0.001785546875000001,0.0012042024776497242,0.0021536669310736048,0.005,1.652721608239192,0.6566800342605609,2.321621754905015,1.2059027435582734
2004.02.19.06.22.39,2004-02-19 06:22:39,983,-0.0011619628906250003,0.0009995548103707943,0.001532732063383878,0.005,-1.609774035467149,0.3170322768004385,3.2621487600130754,1.3118121383301355,-0.0007011718750000002,0.001021142987886116,0.0012386989141837494,0.002,-1.0940985534953704,-0.2503399043659279,1.6145973626835026,1.6145973626835024,-0.0006636230468750001,0.0009963237888765586,0.0011971034377300067,0.005,-1.0690123508911984,-0.39544942268998884,4.17674851012139,1.6715537195548194,-0.0016952148437500002,0.0012798683681455932,0.002124103671257597,0.005,1.170493858159487,-0.6591190009716752,2.353934070006903,1.250550312980957
